[2026-06-14 11:55:57] INFO: 
         claenovy API SERVER             
   Status  : Running                     
   Port    : 3000                         
   Env     : development         
   Version : v1                  
 
      
[2026-06-14 11:59:19] INFO: 
SIGINT received. Shutting down gracefully...
[2026-06-14 11:59:32] INFO: 
         claenovy API SERVER             
   Status  : Running                     
   Port    : 3000                         
   Env     : development         
   Version : v1                  
 
      
[2026-06-14 12:05:36] INFO: 
SIGINT received. Shutting down gracefully...
[2026-06-14 12:05:59] INFO: 
         claenovy API SERVER             
   Status  : Running                     
   Port    : 3000                         
   Env     : development         
   Version : v1                  
 
      
[2026-06-14 12:10:32] INFO: 
SIGINT received. Shutting down gracefully...
[2026-06-14 12:11:29] INFO: 
         claenovy API SERVER             
   Status  : Running                     
   Port    : 3000                         
   Env     : development         
   Version : v1                  
 
      
[2026-06-14 12:11:33] INFO: 
SIGINT received. Shutting down gracefully...
[2026-06-14 12:12:09] INFO: 
         claenovy API SERVER             
   Status  : Running                     
   Port    : 3000                         
   Env     : development         
   Version : v1                  
 
      
[2026-06-14 12:16:13] INFO: 
SIGINT received. Shutting down gracefully...
[2026-06-14 12:16:27] INFO: 
         claenovy API SERVER             
   Status  : Running                     
   Port    : 5000                         
   Env     : development         
   Version : v1                  
 
      
[2026-06-14 12:18:14] INFO: ✅ SMTP connection verified
[2026-06-14 12:18:15] INFO: 📧 Email sent to fatmaemad4159@gmail.com — ID: <bf191f28-9ea1-478d-d422-22c5cf54a835@gmail.com>
[2026-06-14 12:18:15] INFO: ::1 - - [14/Jun/2026:09:18:15 +0000] "POST /api/v1/auth/register HTTP/1.1" 201 1044 "http://localhost:5173/" "Mozilla/5.0 (Windows NT 10.0; Win64; x64) AppleWebKit/537.36 (KHTML, like Gecko) Code/1.124.2 Chrome/148.0.7778.97 Electron/42.2.0 Safari/537.36"
[2026-06-14 12:18:16] ERROR: Create laundry shop error: LaundryShop.findOne is not a function
[2026-06-14 12:18:16] ERROR: TypeError: LaundryShop.findOne is not a function
    at exports.createLaundryShop (D:\Cleanovy-backend\src\controllers\authController.js:479:40)
    at Layer.handle [as handle_request] (D:\Cleanovy-backend\node_modules\express\lib\router\layer.js:95:5)
    at next (D:\Cleanovy-backend\node_modules\express\lib\router\route.js:149:13)
    at Route.dispatch (D:\Cleanovy-backend\node_modules\express\lib\router\route.js:119:3)
    at Layer.handle [as handle_request] (D:\Cleanovy-backend\node_modules\express\lib\router\layer.js:95:5)
    at D:\Cleanovy-backend\node_modules\express\lib\router\index.js:284:15
    at router.process_params (D:\Cleanovy-backend\node_modules\express\lib\router\index.js:346:12)
    at next (D:\Cleanovy-backend\node_modules\express\lib\router\index.js:280:10)
    at exports.protect (D:\Cleanovy-backend\src\middleware\authMiddleware.js:44:5)
    at process.processTicksAndRejections (node:internal/process/task_queues:103:5)
[2026-06-14 12:18:16] INFO: ::1 - - [14/Jun/2026:09:18:16 +0000] "POST /api/v1/auth/laundry-shop HTTP/1.1" 500 1094 "http://localhost:5173/" "Mozilla/5.0 (Windows NT 10.0; Win64; x64) AppleWebKit/537.36 (KHTML, like Gecko) Code/1.124.2 Chrome/148.0.7778.97 Electron/42.2.0 Safari/537.36"
[2026-06-14 12:32:31] INFO: 
SIGINT received. Shutting down gracefully...
[2026-06-14 18:48:35] INFO: 
         claenovy API SERVER             
   Status  : Running                     
   Port    : 5000                         
   Env     : development         
   Version : v1                  
 
      
[2026-06-14 18:51:31] INFO: 
         claenovy API SERVER             
   Status  : Running                     
   Port    : 5000                         
   Env     : development         
   Version : v1                  
 
      
[2026-06-14 18:51:35] INFO: 
         claenovy API SERVER             
   Status  : Running                     
   Port    : 5000                         
   Env     : development         
   Version : v1                  
 
      
[2026-06-14 18:51:48] INFO: 
SIGINT received. Shutting down gracefully...
[2026-06-14 18:51:51] INFO: 
         claenovy API SERVER             
   Status  : Running                     
   Port    : 5000                         
   Env     : development         
   Version : v1                  
 
      
[2026-06-14 18:57:01] INFO: 
         claenovy API SERVER             
   Status  : Running                     
   Port    : 5000                         
   Env     : development         
   Version : v1                  
 
      
[2026-06-14 18:57:08] INFO: 
SIGINT received. Shutting down gracefully...
[2026-06-14 18:57:17] INFO: 
         claenovy API SERVER             
   Status  : Running                     
   Port    : 5000                         
   Env     : development         
   Version : v1                  
 
      
[2026-06-14 19:03:18] INFO: 
SIGINT received. Shutting down gracefully...
[2026-06-14 19:03:28] INFO: 
         claenovy API SERVER             
   Status  : Running                     
   Port    : 5000                         
   Env     : development         
   Version : v1                  
 
      
[2026-06-14 19:08:34] INFO: 
         claenovy API SERVER             
   Status  : Running                     
   Port    : 5000                         
   Env     : development         
   Version : v1                  
 
      
[2026-06-14 19:18:56] INFO: ::1 - - [14/Jun/2026:16:18:56 +0000] "POST /api/v1/auth/register HTTP/1.1" 409 89 "http://localhost:5173/" "Mozilla/5.0 (Windows NT 10.0; Win64; x64) AppleWebKit/537.36 (KHTML, like Gecko) Code/1.124.2 Chrome/148.0.7778.97 Electron/42.2.0 Safari/537.36"
[2026-06-14 19:20:50] INFO: ✅ SMTP connection verified
[2026-06-14 19:20:51] INFO: 📧 Email sent to fatmaemad4159@gmail.com — ID: <ce3149cc-4301-7942-43d3-ab06668a2481@gmail.com>
[2026-06-14 19:20:51] INFO: ::1 - - [14/Jun/2026:16:20:51 +0000] "POST /api/v1/auth/register HTTP/1.1" 201 1035 "http://localhost:5173/" "Mozilla/5.0 (Windows NT 10.0; Win64; x64) AppleWebKit/537.36 (KHTML, like Gecko) Code/1.124.2 Chrome/148.0.7778.97 Electron/42.2.0 Safari/537.36"
[2026-06-14 19:20:52] INFO: ::1 - - [14/Jun/2026:16:20:52 +0000] "POST /api/v1/auth/laundry-shop HTTP/1.1" 201 792 "http://localhost:5173/" "Mozilla/5.0 (Windows NT 10.0; Win64; x64) AppleWebKit/537.36 (KHTML, like Gecko) Code/1.124.2 Chrome/148.0.7778.97 Electron/42.2.0 Safari/537.36"
[2026-06-14 19:21:36] INFO: ::1 - - [14/Jun/2026:16:21:36 +0000] "GET /api/v1/auth/verify-email/96f87531f0e946d9de11c0392f6c60cd7c7d85d2af87dc1200f9532af4da782a HTTP/1.1" 400 100 "-" "Mozilla/5.0 (Windows NT 10.0; Win64; x64) AppleWebKit/537.36 (KHTML, like Gecko) Chrome/149.0.0.0 Safari/537.36"
[2026-06-14 19:21:37] INFO: ::1 - - [14/Jun/2026:16:21:37 +0000] "GET /favicon.ico HTTP/1.1" 404 78 "-" "Mozilla/5.0 (Windows NT 10.0; Win64; x64) AppleWebKit/537.36 (KHTML, like Gecko) Chrome/149.0.0.0 Safari/537.36"
[2026-06-14 19:21:42] INFO: ::1 - - [14/Jun/2026:16:21:42 +0000] "GET /api/v1/auth/verify-email/96f87531f0e946d9de11c0392f6c60cd7c7d85d2af87dc1200f9532af4da782a HTTP/1.1" 400 100 "-" "Mozilla/5.0 (Windows NT 10.0; Win64; x64) AppleWebKit/537.36 (KHTML, like Gecko) Chrome/149.0.0.0 Safari/537.36"
[2026-06-14 19:23:05] INFO: ✅ SMTP connection verified
[2026-06-14 19:23:06] INFO: 📧 Email sent to fatmaemad4159@gmail.com — ID: <d63a39c4-e91e-0096-5ca5-9dc46a052990@gmail.com>
[2026-06-14 19:23:06] INFO: ::1 - - [14/Jun/2026:16:23:06 +0000] "POST /api/v1/auth/register HTTP/1.1" 201 1035 "http://localhost:5173/" "Mozilla/5.0 (Windows NT 10.0; Win64; x64) AppleWebKit/537.36 (KHTML, like Gecko) Code/1.124.2 Chrome/148.0.7778.97 Electron/42.2.0 Safari/537.36"
[2026-06-14 19:23:07] INFO: ::1 - - [14/Jun/2026:16:23:07 +0000] "POST /api/v1/auth/laundry-shop HTTP/1.1" 201 761 "http://localhost:5173/" "Mozilla/5.0 (Windows NT 10.0; Win64; x64) AppleWebKit/537.36 (KHTML, like Gecko) Code/1.124.2 Chrome/148.0.7778.97 Electron/42.2.0 Safari/537.36"
[2026-06-14 19:23:28] INFO: ::1 - - [14/Jun/2026:16:23:28 +0000] "GET /api/v1/auth/verify-email/d73cb3e61a75d1723e8caf77fff2f9bfc9718b726f81b14f5f061e9ce1cb5d94 HTTP/1.1" 400 100 "-" "Mozilla/5.0 (Windows NT 10.0; Win64; x64) AppleWebKit/537.36 (KHTML, like Gecko) Chrome/149.0.0.0 Safari/537.36"
[2026-06-14 19:23:43] INFO: ::1 - - [14/Jun/2026:16:23:43 +0000] "GET /api/v1/auth/verify-email/d73cb3e61a75d1723e8caf77fff2f9bfc9718b726f81b14f5f061e9ce1cb5d94 HTTP/1.1" 400 100 "-" "Mozilla/5.0 (Windows NT 10.0; Win64; x64) AppleWebKit/537.36 (KHTML, like Gecko) Chrome/149.0.0.0 Safari/537.36"
[2026-06-14 19:23:52] INFO: ::1 - - [14/Jun/2026:16:23:52 +0000] "GET /api/v1/auth/verify-email/9d644777403be554a089eb912c5feb7f5984004f6522e29d63a561ca3360e84e HTTP/1.1" 200 3289 "-" "Mozilla/5.0 (Windows NT 10.0; Win64; x64) AppleWebKit/537.36 (KHTML, like Gecko) Chrome/149.0.0.0 Safari/537.36"
[2026-06-14 19:25:00] INFO: ::1 - - [14/Jun/2026:16:25:00 +0000] "POST /api/v1/auth/login HTTP/1.1" 200 927 "http://localhost:5173/" "Mozilla/5.0 (Windows NT 10.0; Win64; x64) AppleWebKit/537.36 (KHTML, like Gecko) Chrome/149.0.0.0 Safari/537.36"
[2026-06-14 19:31:01] INFO: 
SIGINT received. Shutting down gracefully...
[2026-06-14 19:36:15] INFO: 
         claenovy API SERVER             
   Status  : Running                     
   Port    : 5000                         
   Env     : development         
   Version : v1                  
 
      
[2026-06-14 19:38:09] INFO: ✅ SMTP connection verified
[2026-06-14 19:38:11] INFO: 📧 Email sent to fatmaemad4159@gmail.com — ID: <b989d036-70f3-8ae8-b4ed-bcb8cf2db67b@gmail.com>
[2026-06-14 19:38:12] INFO: ::1 - - [14/Jun/2026:16:38:12 +0000] "POST /api/v1/auth/register HTTP/1.1" 201 1035 "http://localhost:5173/" "Mozilla/5.0 (Windows NT 10.0; Win64; x64) AppleWebKit/537.36 (KHTML, like Gecko) Code/1.124.2 Chrome/148.0.7778.97 Electron/42.2.0 Safari/537.36"
[2026-06-14 19:38:16] INFO: ::1 - - [14/Jun/2026:16:38:16 +0000] "POST /api/v1/auth/laundry-shop HTTP/1.1" 201 761 "http://localhost:5173/" "Mozilla/5.0 (Windows NT 10.0; Win64; x64) AppleWebKit/537.36 (KHTML, like Gecko) Code/1.124.2 Chrome/148.0.7778.97 Electron/42.2.0 Safari/537.36"
[2026-06-14 19:38:31] INFO: ::1 - - [14/Jun/2026:16:38:31 +0000] "GET /api/v1/auth/verify-email/81d1f20c599c5edce630b2054317139f55f789b0fb836f5e96befb46d8f9d7ab HTTP/1.1" 200 3289 "-" "Mozilla/5.0 (Windows NT 10.0; Win64; x64) AppleWebKit/537.36 (KHTML, like Gecko) Chrome/149.0.0.0 Safari/537.36"
[2026-06-14 19:38:51] INFO: ::1 - - [14/Jun/2026:16:38:51 +0000] "POST /api/v1/auth/login HTTP/1.1" 200 927 "http://localhost:5173/" "Mozilla/5.0 (Windows NT 10.0; Win64; x64) AppleWebKit/537.36 (KHTML, like Gecko) Chrome/149.0.0.0 Safari/537.36"
[2026-06-14 19:41:20] INFO: ::1 - - [14/Jun/2026:16:41:20 +0000] "GET /api/shops?sort_by=rating&lat=30.0626&lng=31.2497&price_range=medium HTTP/1.1" 404 134 "http://localhost:5173/" "Mozilla/5.0 (Windows NT 10.0; Win64; x64) AppleWebKit/537.36 (KHTML, like Gecko) Code/1.124.2 Chrome/148.0.7778.97 Electron/42.2.0 Safari/537.36"
[2026-06-14 19:41:20] INFO: ::1 - - [14/Jun/2026:16:41:20 +0000] "GET /api/shops?sort_by=rating&lat=30.0626&lng=31.2497&price_range=medium HTTP/1.1" 404 134 "http://localhost:5173/" "Mozilla/5.0 (Windows NT 10.0; Win64; x64) AppleWebKit/537.36 (KHTML, like Gecko) Code/1.124.2 Chrome/148.0.7778.97 Electron/42.2.0 Safari/537.36"
[2026-06-14 19:41:50] INFO: ::1 - - [14/Jun/2026:16:41:50 +0000] "POST /api/v1/auth/login HTTP/1.1" 200 927 "http://localhost:5173/" "Mozilla/5.0 (Windows NT 10.0; Win64; x64) AppleWebKit/537.36 (KHTML, like Gecko) Code/1.124.2 Chrome/148.0.7778.97 Electron/42.2.0 Safari/537.36"
[2026-06-15 09:23:05] INFO: 
         claenovy API SERVER             
   Status  : Running                     
   Port    : 5000                         
   Env     : development         
   Version : v1                  
 
      
[2026-06-15 09:23:46] INFO: 
SIGINT received. Shutting down gracefully...
[2026-06-15 09:28:38] INFO: 
         claenovy API SERVER             
   Status  : Running                     
   Port    : 5000                         
   Env     : development         
   Version : v1                  
 
      
[2026-06-15 09:31:54] INFO: 
SIGINT received. Shutting down gracefully...
[2026-06-15 09:33:57] INFO: 
         claenovy API SERVER             
   Status  : Running                     
   Port    : 5000                         
   Env     : development         
   Version : v1                  
 
      
[2026-06-15 09:34:03] INFO: 
SIGINT received. Shutting down gracefully...
[2026-06-15 09:38:05] INFO: 
         claenovy API SERVER
   Status  : Running
   Port    : 5000
   Env     : development
   Version : v1
      
[2026-06-15 09:59:10] INFO: 
         claenovy API SERVER
   Status  : Running
   Port    : 5000
   Env     : development
   Version : v1
      
[2026-06-15 09:59:39] INFO: 
SIGINT received. Shutting down gracefully...
[2026-06-15 10:01:16] INFO: 
         claenovy API SERVER
   Status  : Running
   Port    : 5000
   Env     : development
   Version : v1
      
[2026-06-15 10:15:41] INFO: 
SIGINT received. Shutting down gracefully...
[2026-06-15 10:15:49] INFO: 
         claenovy API SERVER
   Status  : Running
   Port    : 5000
   Env     : development
   Version : v1
      
[2026-06-15 10:16:43] INFO: 
SIGINT received. Shutting down gracefully...
[2026-06-15 10:16:50] INFO: 
         claenovy API SERVER
   Status  : Running
   Port    : 3000
   Env     : development
   Version : v1
      
[2026-06-15 10:18:27] INFO: ✅ SMTP connection verified
[2026-06-15 10:18:28] INFO: 📧 Email sent to fatmaemad4159@gmail.com — ID: <0df2c6a8-9a2b-8e16-0ff4-6909f8e11183@gmail.com>
[2026-06-15 10:18:28] ERROR: Register error: next is not a function
[2026-06-15 10:18:28] ERROR: TypeError: next is not a function
    at model.<anonymous> (D:\Cleanovy-backend\src\models\userModel.js:110:44)
    at Kareem.execPre (D:\Cleanovy-backend\node_modules\kareem\index.js:59:39)
    at process.processTicksAndRejections (node:internal/process/task_queues:103:5)
[2026-06-15 10:18:28] INFO: ::1 - - [15/Jun/2026:07:18:28 +0000] "POST /api/v1/auth/register HTTP/1.1" 500 348 "http://localhost:5173/" "Mozilla/5.0 (Windows NT 10.0; Win64; x64) AppleWebKit/537.36 (KHTML, like Gecko) Code/1.124.2 Chrome/148.0.7778.97 Electron/42.2.0 Safari/537.36"
[2026-06-15 10:21:15] INFO: 
SIGINT received. Shutting down gracefully...
[2026-06-15 10:23:55] INFO: 
         claenovy API SERVER
   Status  : Running
   Port    : 3000
   Env     : development
   Version : v1
      
[2026-06-15 10:24:13] INFO: ::1 - - [15/Jun/2026:07:24:13 +0000] "GET /api/v1/profile/me HTTP/1.1" 401 64 "http://localhost:5173/" "Mozilla/5.0 (Windows NT 10.0; Win64; x64) AppleWebKit/537.36 (KHTML, like Gecko) Code/1.124.2 Chrome/148.0.7778.97 Electron/42.2.0 Safari/537.36"
[2026-06-15 10:24:14] INFO: ::1 - - [15/Jun/2026:07:24:14 +0000] "GET /api/v1/profile/me HTTP/1.1" 401 64 "http://localhost:5173/" "Mozilla/5.0 (Windows NT 10.0; Win64; x64) AppleWebKit/537.36 (KHTML, like Gecko) Code/1.124.2 Chrome/148.0.7778.97 Electron/42.2.0 Safari/537.36"
[2026-06-15 10:25:54] INFO: ::1 - - [15/Jun/2026:07:25:54 +0000] "POST /api/v1/auth/register HTTP/1.1" 409 89 "http://localhost:5173/" "Mozilla/5.0 (Windows NT 10.0; Win64; x64) AppleWebKit/537.36 (KHTML, like Gecko) Code/1.124.2 Chrome/148.0.7778.97 Electron/42.2.0 Safari/537.36"
[2026-06-15 10:26:09] INFO: ✅ SMTP connection verified
[2026-06-15 10:26:10] INFO: 📧 Email sent to fatmaemad4159@gmail.com — ID: <d1d1f5ac-c643-74e1-27ee-8808f2a8631b@gmail.com>
[2026-06-15 10:26:11] INFO: ::1 - - [15/Jun/2026:07:26:11 +0000] "POST /api/v1/auth/register HTTP/1.1" 201 1035 "http://localhost:5173/" "Mozilla/5.0 (Windows NT 10.0; Win64; x64) AppleWebKit/537.36 (KHTML, like Gecko) Code/1.124.2 Chrome/148.0.7778.97 Electron/42.2.0 Safari/537.36"
[2026-06-15 10:26:12] INFO: ::1 - - [15/Jun/2026:07:26:12 +0000] "POST /api/v1/auth/laundry-shop HTTP/1.1" 201 763 "http://localhost:5173/" "Mozilla/5.0 (Windows NT 10.0; Win64; x64) AppleWebKit/537.36 (KHTML, like Gecko) Code/1.124.2 Chrome/148.0.7778.97 Electron/42.2.0 Safari/537.36"
[2026-06-15 10:29:10] INFO: ✅ SMTP connection verified
[2026-06-15 10:29:11] INFO: 📧 Email sent to fatmaemad4159@gmail.com — ID: <76c687eb-3208-b616-3bfa-c7b4c73397b2@gmail.com>
[2026-06-15 10:29:11] INFO: ::1 - - [15/Jun/2026:07:29:11 +0000] "POST /api/v1/auth/register HTTP/1.1" 201 1035 "http://localhost:5173/" "Mozilla/5.0 (Windows NT 10.0; Win64; x64) AppleWebKit/537.36 (KHTML, like Gecko) Code/1.124.2 Chrome/148.0.7778.97 Electron/42.2.0 Safari/537.36"
[2026-06-15 10:29:12] INFO: ::1 - - [15/Jun/2026:07:29:12 +0000] "POST /api/v1/auth/laundry-shop HTTP/1.1" 201 763 "http://localhost:5173/" "Mozilla/5.0 (Windows NT 10.0; Win64; x64) AppleWebKit/537.36 (KHTML, like Gecko) Code/1.124.2 Chrome/148.0.7778.97 Electron/42.2.0 Safari/537.36"
[2026-06-15 10:31:03] INFO: ::1 - - [15/Jun/2026:07:31:03 +0000] "POST /api/v1/auth/login HTTP/1.1" 200 928 "http://localhost:5173/" "Mozilla/5.0 (Windows NT 10.0; Win64; x64) AppleWebKit/537.36 (KHTML, like Gecko) Code/1.124.2 Chrome/148.0.7778.97 Electron/42.2.0 Safari/537.36"
[2026-06-15 10:31:29] INFO: ::1 - - [15/Jun/2026:07:31:29 +0000] "POST /api/v1/auth/login HTTP/1.1" 401 73 "http://localhost:5173/" "Mozilla/5.0 (Windows NT 10.0; Win64; x64) AppleWebKit/537.36 (KHTML, like Gecko) Code/1.124.2 Chrome/148.0.7778.97 Electron/42.2.0 Safari/537.36"
[2026-06-15 10:31:34] INFO: ::1 - - [15/Jun/2026:07:31:34 +0000] "POST /api/v1/auth/login HTTP/1.1" 401 73 "http://localhost:5173/" "Mozilla/5.0 (Windows NT 10.0; Win64; x64) AppleWebKit/537.36 (KHTML, like Gecko) Code/1.124.2 Chrome/148.0.7778.97 Electron/42.2.0 Safari/537.36"
[2026-06-15 10:32:45] INFO: ::1 - - [15/Jun/2026:07:32:45 +0000] "POST /api/v1/auth/login HTTP/1.1" 200 928 "http://localhost:5173/" "Mozilla/5.0 (Windows NT 10.0; Win64; x64) AppleWebKit/537.36 (KHTML, like Gecko) Code/1.124.2 Chrome/148.0.7778.97 Electron/42.2.0 Safari/537.36"
[2026-06-15 10:33:29] INFO: 
SIGINT received. Shutting down gracefully...
[2026-06-15 10:52:08] INFO: 
         claenovy API SERVER
   Status  : Running
   Port    : 3000
   Env     : development
   Version : v1
      
[2026-06-15 10:56:09] INFO: ::1 - - [15/Jun/2026:07:56:09 +0000] "POST /api/v1/auth/login HTTP/1.1" 200 928 "http://localhost:5173/" "Mozilla/5.0 (Windows NT 10.0; Win64; x64) AppleWebKit/537.36 (KHTML, like Gecko) Code/1.124.2 Chrome/148.0.7778.97 Electron/42.2.0 Safari/537.36"
[2026-06-15 10:58:13] INFO: ::1 - - [15/Jun/2026:07:58:13 +0000] "POST /api/v1/auth/login HTTP/1.1" 200 928 "http://localhost:5173/" "Mozilla/5.0 (Windows NT 10.0; Win64; x64) AppleWebKit/537.36 (KHTML, like Gecko) Code/1.124.2 Chrome/148.0.7778.97 Electron/42.2.0 Safari/537.36"
[2026-06-15 10:58:14] INFO: ::1 - - [15/Jun/2026:07:58:14 +0000] "GET /api/v1/provider/orders HTTP/1.1" 200 40 "http://localhost:5173/" "Mozilla/5.0 (Windows NT 10.0; Win64; x64) AppleWebKit/537.36 (KHTML, like Gecko) Code/1.124.2 Chrome/148.0.7778.97 Electron/42.2.0 Safari/537.36"
[2026-06-15 10:58:14] INFO: ::1 - - [15/Jun/2026:07:58:14 +0000] "GET /api/v1/provider/discounts/tiers HTTP/1.1" 200 36 "http://localhost:5173/" "Mozilla/5.0 (Windows NT 10.0; Win64; x64) AppleWebKit/537.36 (KHTML, like Gecko) Code/1.124.2 Chrome/148.0.7778.97 Electron/42.2.0 Safari/537.36"
[2026-06-15 10:58:14] INFO: ::1 - - [15/Jun/2026:07:58:14 +0000] "GET /api/v1/provider/discounts/special-entities HTTP/1.1" 200 36 "http://localhost:5173/" "Mozilla/5.0 (Windows NT 10.0; Win64; x64) AppleWebKit/537.36 (KHTML, like Gecko) Code/1.124.2 Chrome/148.0.7778.97 Electron/42.2.0 Safari/537.36"
[2026-06-15 10:58:15] INFO: ::1 - - [15/Jun/2026:07:58:15 +0000] "GET /api/v1/provider/services/categories HTTP/1.1" 200 888 "http://localhost:5173/" "Mozilla/5.0 (Windows NT 10.0; Win64; x64) AppleWebKit/537.36 (KHTML, like Gecko) Code/1.124.2 Chrome/148.0.7778.97 Electron/42.2.0 Safari/537.36"
[2026-06-15 10:58:15] INFO: ::1 - - [15/Jun/2026:07:58:15 +0000] "GET /api/v1/provider/dashboard/live HTTP/1.1" 401 90 "http://localhost:5173/" "Mozilla/5.0 (Windows NT 10.0; Win64; x64) AppleWebKit/537.36 (KHTML, like Gecko) Code/1.124.2 Chrome/148.0.7778.97 Electron/42.2.0 Safari/537.36"
[2026-06-15 10:58:15] INFO: ::1 - - [15/Jun/2026:07:58:15 +0000] "GET /api/v1/provider/dashboard HTTP/1.1" 200 431 "http://localhost:5173/" "Mozilla/5.0 (Windows NT 10.0; Win64; x64) AppleWebKit/537.36 (KHTML, like Gecko) Code/1.124.2 Chrome/148.0.7778.97 Electron/42.2.0 Safari/537.36"
[2026-06-15 10:58:15] INFO: ::1 - - [15/Jun/2026:07:58:15 +0000] "GET /api/v1/provider/settings HTTP/1.1" 200 342 "http://localhost:5173/" "Mozilla/5.0 (Windows NT 10.0; Win64; x64) AppleWebKit/537.36 (KHTML, like Gecko) Code/1.124.2 Chrome/148.0.7778.97 Electron/42.2.0 Safari/537.36"
[2026-06-15 10:58:15] INFO: ::1 - - [15/Jun/2026:07:58:15 +0000] "GET /api/v1/provider/reviews HTTP/1.1" 200 105 "http://localhost:5173/" "Mozilla/5.0 (Windows NT 10.0; Win64; x64) AppleWebKit/537.36 (KHTML, like Gecko) Code/1.124.2 Chrome/148.0.7778.97 Electron/42.2.0 Safari/537.36"
[2026-06-15 10:58:15] INFO: ::1 - - [15/Jun/2026:07:58:15 +0000] "GET /api/v1/provider/profile HTTP/1.1" 200 304 "http://localhost:5173/" "Mozilla/5.0 (Windows NT 10.0; Win64; x64) AppleWebKit/537.36 (KHTML, like Gecko) Code/1.124.2 Chrome/148.0.7778.97 Electron/42.2.0 Safari/537.36"
[2026-06-15 10:58:15] INFO: ::1 - - [15/Jun/2026:07:58:15 +0000] "GET /api/v1/provider/orders HTTP/1.1" 304 - "http://localhost:5173/" "Mozilla/5.0 (Windows NT 10.0; Win64; x64) AppleWebKit/537.36 (KHTML, like Gecko) Code/1.124.2 Chrome/148.0.7778.97 Electron/42.2.0 Safari/537.36"
[2026-06-15 10:58:16] INFO: ::1 - - [15/Jun/2026:07:58:16 +0000] "GET /api/v1/provider/discounts/tiers HTTP/1.1" 304 - "http://localhost:5173/" "Mozilla/5.0 (Windows NT 10.0; Win64; x64) AppleWebKit/537.36 (KHTML, like Gecko) Code/1.124.2 Chrome/148.0.7778.97 Electron/42.2.0 Safari/537.36"
[2026-06-15 10:58:16] INFO: ::1 - - [15/Jun/2026:07:58:16 +0000] "GET /api/v1/provider/discounts/special-entities HTTP/1.1" 304 - "http://localhost:5173/" "Mozilla/5.0 (Windows NT 10.0; Win64; x64) AppleWebKit/537.36 (KHTML, like Gecko) Code/1.124.2 Chrome/148.0.7778.97 Electron/42.2.0 Safari/537.36"
[2026-06-15 10:58:16] INFO: ::1 - - [15/Jun/2026:07:58:16 +0000] "GET /api/v1/provider/settings HTTP/1.1" 304 - "http://localhost:5173/" "Mozilla/5.0 (Windows NT 10.0; Win64; x64) AppleWebKit/537.36 (KHTML, like Gecko) Code/1.124.2 Chrome/148.0.7778.97 Electron/42.2.0 Safari/537.36"
[2026-06-15 10:58:16] INFO: ::1 - - [15/Jun/2026:07:58:16 +0000] "GET /api/v1/provider/services/categories HTTP/1.1" 304 - "http://localhost:5173/" "Mozilla/5.0 (Windows NT 10.0; Win64; x64) AppleWebKit/537.36 (KHTML, like Gecko) Code/1.124.2 Chrome/148.0.7778.97 Electron/42.2.0 Safari/537.36"
[2026-06-15 10:58:16] INFO: ::1 - - [15/Jun/2026:07:58:16 +0000] "GET /api/v1/provider/services HTTP/1.1" 200 96 "http://localhost:5173/" "Mozilla/5.0 (Windows NT 10.0; Win64; x64) AppleWebKit/537.36 (KHTML, like Gecko) Code/1.124.2 Chrome/148.0.7778.97 Electron/42.2.0 Safari/537.36"
[2026-06-15 10:58:17] INFO: ::1 - - [15/Jun/2026:07:58:17 +0000] "GET /api/v1/provider/reviews HTTP/1.1" 304 - "http://localhost:5173/" "Mozilla/5.0 (Windows NT 10.0; Win64; x64) AppleWebKit/537.36 (KHTML, like Gecko) Code/1.124.2 Chrome/148.0.7778.97 Electron/42.2.0 Safari/537.36"
[2026-06-15 10:58:17] INFO: ::1 - - [15/Jun/2026:07:58:17 +0000] "GET /api/v1/provider/profile HTTP/1.1" 304 - "http://localhost:5173/" "Mozilla/5.0 (Windows NT 10.0; Win64; x64) AppleWebKit/537.36 (KHTML, like Gecko) Code/1.124.2 Chrome/148.0.7778.97 Electron/42.2.0 Safari/537.36"
[2026-06-15 10:58:17] INFO: ::1 - - [15/Jun/2026:07:58:17 +0000] "GET /api/v1/provider/dashboard HTTP/1.1" 304 - "http://localhost:5173/" "Mozilla/5.0 (Windows NT 10.0; Win64; x64) AppleWebKit/537.36 (KHTML, like Gecko) Code/1.124.2 Chrome/148.0.7778.97 Electron/42.2.0 Safari/537.36"
[2026-06-15 10:58:17] INFO: ::1 - - [15/Jun/2026:07:58:17 +0000] "GET /api/v1/provider/services HTTP/1.1" 304 - "http://localhost:5173/" "Mozilla/5.0 (Windows NT 10.0; Win64; x64) AppleWebKit/537.36 (KHTML, like Gecko) Code/1.124.2 Chrome/148.0.7778.97 Electron/42.2.0 Safari/537.36"
[2026-06-15 11:01:29] INFO: ::1 - - [15/Jun/2026:08:01:29 +0000] "DELETE /api/v1/provider/services/categories/6a2d84271f50dc96b1bba6e0 HTTP/1.1" 403 72 "http://localhost:5173/" "Mozilla/5.0 (Windows NT 10.0; Win64; x64) AppleWebKit/537.36 (KHTML, like Gecko) Code/1.124.2 Chrome/148.0.7778.97 Electron/42.2.0 Safari/537.36"
[2026-06-15 11:02:16] INFO: ::1 - - [15/Jun/2026:08:02:16 +0000] "GET /api/v1/profile/me HTTP/1.1" 200 469 "http://localhost:5173/" "Mozilla/5.0 (Windows NT 10.0; Win64; x64) AppleWebKit/537.36 (KHTML, like Gecko) Code/1.124.2 Chrome/148.0.7778.97 Electron/42.2.0 Safari/537.36"
[2026-06-15 11:02:16] INFO: ::1 - - [15/Jun/2026:08:02:16 +0000] "GET /api/v1/profile/me HTTP/1.1" 304 - "http://localhost:5173/" "Mozilla/5.0 (Windows NT 10.0; Win64; x64) AppleWebKit/537.36 (KHTML, like Gecko) Code/1.124.2 Chrome/148.0.7778.97 Electron/42.2.0 Safari/537.36"
[2026-06-15 11:02:55] INFO: ::1 - - [15/Jun/2026:08:02:55 +0000] "POST /api/v1/auth/login HTTP/1.1" 401 73 "http://localhost:5173/" "Mozilla/5.0 (Windows NT 10.0; Win64; x64) AppleWebKit/537.36 (KHTML, like Gecko) Code/1.124.2 Chrome/148.0.7778.97 Electron/42.2.0 Safari/537.36"
[2026-06-15 11:02:57] INFO: ::1 - - [15/Jun/2026:08:02:57 +0000] "POST /api/v1/auth/login HTTP/1.1" 401 73 "http://localhost:5173/" "Mozilla/5.0 (Windows NT 10.0; Win64; x64) AppleWebKit/537.36 (KHTML, like Gecko) Code/1.124.2 Chrome/148.0.7778.97 Electron/42.2.0 Safari/537.36"
[2026-06-15 11:03:07] INFO: ::1 - - [15/Jun/2026:08:03:07 +0000] "POST /api/v1/auth/login HTTP/1.1" 200 928 "http://localhost:5173/" "Mozilla/5.0 (Windows NT 10.0; Win64; x64) AppleWebKit/537.36 (KHTML, like Gecko) Code/1.124.2 Chrome/148.0.7778.97 Electron/42.2.0 Safari/537.36"
[2026-06-15 11:03:07] INFO: ::1 - - [15/Jun/2026:08:03:07 +0000] "GET /api/v1/provider/dashboard/live HTTP/1.1" 401 90 "http://localhost:5173/" "Mozilla/5.0 (Windows NT 10.0; Win64; x64) AppleWebKit/537.36 (KHTML, like Gecko) Code/1.124.2 Chrome/148.0.7778.97 Electron/42.2.0 Safari/537.36"
[2026-06-15 11:03:08] INFO: ::1 - - [15/Jun/2026:08:03:08 +0000] "GET /api/v1/provider/discounts/special-entities HTTP/1.1" 304 - "http://localhost:5173/" "Mozilla/5.0 (Windows NT 10.0; Win64; x64) AppleWebKit/537.36 (KHTML, like Gecko) Code/1.124.2 Chrome/148.0.7778.97 Electron/42.2.0 Safari/537.36"
[2026-06-15 11:03:08] INFO: ::1 - - [15/Jun/2026:08:03:08 +0000] "GET /api/v1/provider/orders HTTP/1.1" 304 - "http://localhost:5173/" "Mozilla/5.0 (Windows NT 10.0; Win64; x64) AppleWebKit/537.36 (KHTML, like Gecko) Code/1.124.2 Chrome/148.0.7778.97 Electron/42.2.0 Safari/537.36"
[2026-06-15 11:03:08] INFO: ::1 - - [15/Jun/2026:08:03:08 +0000] "GET /api/v1/provider/discounts/tiers HTTP/1.1" 304 - "http://localhost:5173/" "Mozilla/5.0 (Windows NT 10.0; Win64; x64) AppleWebKit/537.36 (KHTML, like Gecko) Code/1.124.2 Chrome/148.0.7778.97 Electron/42.2.0 Safari/537.36"
[2026-06-15 11:03:08] INFO: ::1 - - [15/Jun/2026:08:03:08 +0000] "GET /api/v1/provider/services HTTP/1.1" 304 - "http://localhost:5173/" "Mozilla/5.0 (Windows NT 10.0; Win64; x64) AppleWebKit/537.36 (KHTML, like Gecko) Code/1.124.2 Chrome/148.0.7778.97 Electron/42.2.0 Safari/537.36"
[2026-06-15 11:03:08] INFO: ::1 - - [15/Jun/2026:08:03:08 +0000] "GET /api/v1/provider/services/categories HTTP/1.1" 304 - "http://localhost:5173/" "Mozilla/5.0 (Windows NT 10.0; Win64; x64) AppleWebKit/537.36 (KHTML, like Gecko) Code/1.124.2 Chrome/148.0.7778.97 Electron/42.2.0 Safari/537.36"
[2026-06-15 11:03:08] INFO: ::1 - - [15/Jun/2026:08:03:08 +0000] "GET /api/v1/provider/dashboard HTTP/1.1" 304 - "http://localhost:5173/" "Mozilla/5.0 (Windows NT 10.0; Win64; x64) AppleWebKit/537.36 (KHTML, like Gecko) Code/1.124.2 Chrome/148.0.7778.97 Electron/42.2.0 Safari/537.36"
[2026-06-15 11:03:08] INFO: ::1 - - [15/Jun/2026:08:03:08 +0000] "GET /api/v1/provider/settings HTTP/1.1" 304 - "http://localhost:5173/" "Mozilla/5.0 (Windows NT 10.0; Win64; x64) AppleWebKit/537.36 (KHTML, like Gecko) Code/1.124.2 Chrome/148.0.7778.97 Electron/42.2.0 Safari/537.36"
[2026-06-15 11:03:09] INFO: ::1 - - [15/Jun/2026:08:03:09 +0000] "GET /api/v1/provider/reviews HTTP/1.1" 304 - "http://localhost:5173/" "Mozilla/5.0 (Windows NT 10.0; Win64; x64) AppleWebKit/537.36 (KHTML, like Gecko) Code/1.124.2 Chrome/148.0.7778.97 Electron/42.2.0 Safari/537.36"
[2026-06-15 11:03:09] INFO: ::1 - - [15/Jun/2026:08:03:09 +0000] "GET /api/v1/provider/discounts/special-entities HTTP/1.1" 304 - "http://localhost:5173/" "Mozilla/5.0 (Windows NT 10.0; Win64; x64) AppleWebKit/537.36 (KHTML, like Gecko) Code/1.124.2 Chrome/148.0.7778.97 Electron/42.2.0 Safari/537.36"
[2026-06-15 11:03:09] INFO: ::1 - - [15/Jun/2026:08:03:09 +0000] "GET /api/v1/provider/orders HTTP/1.1" 304 - "http://localhost:5173/" "Mozilla/5.0 (Windows NT 10.0; Win64; x64) AppleWebKit/537.36 (KHTML, like Gecko) Code/1.124.2 Chrome/148.0.7778.97 Electron/42.2.0 Safari/537.36"
[2026-06-15 11:03:09] INFO: ::1 - - [15/Jun/2026:08:03:09 +0000] "GET /api/v1/provider/profile HTTP/1.1" 304 - "http://localhost:5173/" "Mozilla/5.0 (Windows NT 10.0; Win64; x64) AppleWebKit/537.36 (KHTML, like Gecko) Code/1.124.2 Chrome/148.0.7778.97 Electron/42.2.0 Safari/537.36"
[2026-06-15 11:03:09] INFO: ::1 - - [15/Jun/2026:08:03:09 +0000] "GET /api/v1/provider/discounts/tiers HTTP/1.1" 304 - "http://localhost:5173/" "Mozilla/5.0 (Windows NT 10.0; Win64; x64) AppleWebKit/537.36 (KHTML, like Gecko) Code/1.124.2 Chrome/148.0.7778.97 Electron/42.2.0 Safari/537.36"
[2026-06-15 11:03:09] INFO: ::1 - - [15/Jun/2026:08:03:09 +0000] "GET /api/v1/provider/services HTTP/1.1" 304 - "http://localhost:5173/" "Mozilla/5.0 (Windows NT 10.0; Win64; x64) AppleWebKit/537.36 (KHTML, like Gecko) Code/1.124.2 Chrome/148.0.7778.97 Electron/42.2.0 Safari/537.36"
[2026-06-15 11:03:09] INFO: ::1 - - [15/Jun/2026:08:03:09 +0000] "GET /api/v1/provider/settings HTTP/1.1" 304 - "http://localhost:5173/" "Mozilla/5.0 (Windows NT 10.0; Win64; x64) AppleWebKit/537.36 (KHTML, like Gecko) Code/1.124.2 Chrome/148.0.7778.97 Electron/42.2.0 Safari/537.36"
[2026-06-15 11:03:10] INFO: ::1 - - [15/Jun/2026:08:03:10 +0000] "GET /api/v1/provider/services/categories HTTP/1.1" 304 - "http://localhost:5173/" "Mozilla/5.0 (Windows NT 10.0; Win64; x64) AppleWebKit/537.36 (KHTML, like Gecko) Code/1.124.2 Chrome/148.0.7778.97 Electron/42.2.0 Safari/537.36"
[2026-06-15 11:03:10] INFO: ::1 - - [15/Jun/2026:08:03:10 +0000] "GET /api/v1/provider/reviews HTTP/1.1" 304 - "http://localhost:5173/" "Mozilla/5.0 (Windows NT 10.0; Win64; x64) AppleWebKit/537.36 (KHTML, like Gecko) Code/1.124.2 Chrome/148.0.7778.97 Electron/42.2.0 Safari/537.36"
[2026-06-15 11:03:10] INFO: ::1 - - [15/Jun/2026:08:03:10 +0000] "GET /api/v1/provider/dashboard HTTP/1.1" 304 - "http://localhost:5173/" "Mozilla/5.0 (Windows NT 10.0; Win64; x64) AppleWebKit/537.36 (KHTML, like Gecko) Code/1.124.2 Chrome/148.0.7778.97 Electron/42.2.0 Safari/537.36"
[2026-06-15 11:03:10] INFO: ::1 - - [15/Jun/2026:08:03:10 +0000] "GET /api/v1/provider/profile HTTP/1.1" 304 - "http://localhost:5173/" "Mozilla/5.0 (Windows NT 10.0; Win64; x64) AppleWebKit/537.36 (KHTML, like Gecko) Code/1.124.2 Chrome/148.0.7778.97 Electron/42.2.0 Safari/537.36"
[2026-06-15 11:08:16] INFO: ::1 - - [15/Jun/2026:08:08:16 +0000] "POST /api/v1/provider/services HTTP/1.1" 201 551 "http://localhost:5173/" "Mozilla/5.0 (Windows NT 10.0; Win64; x64) AppleWebKit/537.36 (KHTML, like Gecko) Code/1.124.2 Chrome/148.0.7778.97 Electron/42.2.0 Safari/537.36"
[2026-06-15 11:08:20] INFO: ::1 - - [15/Jun/2026:08:08:20 +0000] "DELETE /api/v1/provider/services/categories/6a2d84271f50dc96b1bba6e0 HTTP/1.1" 403 72 "http://localhost:5173/" "Mozilla/5.0 (Windows NT 10.0; Win64; x64) AppleWebKit/537.36 (KHTML, like Gecko) Code/1.124.2 Chrome/148.0.7778.97 Electron/42.2.0 Safari/537.36"
[2026-06-15 11:08:32] INFO: ::1 - - [15/Jun/2026:08:08:32 +0000] "DELETE /api/v1/provider/services/6a2fb2f07bb41ab2602f3251 HTTP/1.1" 200 64 "http://localhost:5173/" "Mozilla/5.0 (Windows NT 10.0; Win64; x64) AppleWebKit/537.36 (KHTML, like Gecko) Code/1.124.2 Chrome/148.0.7778.97 Electron/42.2.0 Safari/537.36"
[2026-06-15 11:08:34] INFO: ::1 - - [15/Jun/2026:08:08:34 +0000] "GET /api/v1/provider/dashboard/live HTTP/1.1" 401 90 "http://localhost:5173/" "Mozilla/5.0 (Windows NT 10.0; Win64; x64) AppleWebKit/537.36 (KHTML, like Gecko) Code/1.124.2 Chrome/148.0.7778.97 Electron/42.2.0 Safari/537.36"
[2026-06-15 11:08:35] INFO: ::1 - - [15/Jun/2026:08:08:35 +0000] "GET /api/v1/provider/orders HTTP/1.1" 304 - "http://localhost:5173/" "Mozilla/5.0 (Windows NT 10.0; Win64; x64) AppleWebKit/537.36 (KHTML, like Gecko) Code/1.124.2 Chrome/148.0.7778.97 Electron/42.2.0 Safari/537.36"
[2026-06-15 11:08:35] INFO: ::1 - - [15/Jun/2026:08:08:35 +0000] "GET /api/v1/provider/discounts/tiers HTTP/1.1" 304 - "http://localhost:5173/" "Mozilla/5.0 (Windows NT 10.0; Win64; x64) AppleWebKit/537.36 (KHTML, like Gecko) Code/1.124.2 Chrome/148.0.7778.97 Electron/42.2.0 Safari/537.36"
[2026-06-15 11:08:35] INFO: ::1 - - [15/Jun/2026:08:08:35 +0000] "GET /api/v1/provider/services HTTP/1.1" 200 96 "http://localhost:5173/" "Mozilla/5.0 (Windows NT 10.0; Win64; x64) AppleWebKit/537.36 (KHTML, like Gecko) Code/1.124.2 Chrome/148.0.7778.97 Electron/42.2.0 Safari/537.36"
[2026-06-15 11:08:35] INFO: ::1 - - [15/Jun/2026:08:08:35 +0000] "GET /api/v1/provider/discounts/special-entities HTTP/1.1" 304 - "http://localhost:5173/" "Mozilla/5.0 (Windows NT 10.0; Win64; x64) AppleWebKit/537.36 (KHTML, like Gecko) Code/1.124.2 Chrome/148.0.7778.97 Electron/42.2.0 Safari/537.36"
[2026-06-15 11:08:35] INFO: ::1 - - [15/Jun/2026:08:08:35 +0000] "GET /api/v1/provider/services/categories HTTP/1.1" 304 - "http://localhost:5173/" "Mozilla/5.0 (Windows NT 10.0; Win64; x64) AppleWebKit/537.36 (KHTML, like Gecko) Code/1.124.2 Chrome/148.0.7778.97 Electron/42.2.0 Safari/537.36"
[2026-06-15 11:08:36] INFO: ::1 - - [15/Jun/2026:08:08:36 +0000] "GET /api/v1/provider/settings HTTP/1.1" 304 - "http://localhost:5173/" "Mozilla/5.0 (Windows NT 10.0; Win64; x64) AppleWebKit/537.36 (KHTML, like Gecko) Code/1.124.2 Chrome/148.0.7778.97 Electron/42.2.0 Safari/537.36"
[2026-06-15 11:08:36] INFO: ::1 - - [15/Jun/2026:08:08:36 +0000] "GET /api/v1/provider/dashboard HTTP/1.1" 304 - "http://localhost:5173/" "Mozilla/5.0 (Windows NT 10.0; Win64; x64) AppleWebKit/537.36 (KHTML, like Gecko) Code/1.124.2 Chrome/148.0.7778.97 Electron/42.2.0 Safari/537.36"
[2026-06-15 11:08:36] INFO: ::1 - - [15/Jun/2026:08:08:36 +0000] "GET /api/v1/provider/reviews HTTP/1.1" 304 - "http://localhost:5173/" "Mozilla/5.0 (Windows NT 10.0; Win64; x64) AppleWebKit/537.36 (KHTML, like Gecko) Code/1.124.2 Chrome/148.0.7778.97 Electron/42.2.0 Safari/537.36"
[2026-06-15 11:08:36] INFO: ::1 - - [15/Jun/2026:08:08:36 +0000] "GET /api/v1/provider/orders HTTP/1.1" 304 - "http://localhost:5173/" "Mozilla/5.0 (Windows NT 10.0; Win64; x64) AppleWebKit/537.36 (KHTML, like Gecko) Code/1.124.2 Chrome/148.0.7778.97 Electron/42.2.0 Safari/537.36"
[2026-06-15 11:08:36] INFO: ::1 - - [15/Jun/2026:08:08:36 +0000] "GET /api/v1/provider/profile HTTP/1.1" 304 - "http://localhost:5173/" "Mozilla/5.0 (Windows NT 10.0; Win64; x64) AppleWebKit/537.36 (KHTML, like Gecko) Code/1.124.2 Chrome/148.0.7778.97 Electron/42.2.0 Safari/537.36"
[2026-06-15 11:08:36] INFO: ::1 - - [15/Jun/2026:08:08:36 +0000] "GET /api/v1/provider/discounts/tiers HTTP/1.1" 304 - "http://localhost:5173/" "Mozilla/5.0 (Windows NT 10.0; Win64; x64) AppleWebKit/537.36 (KHTML, like Gecko) Code/1.124.2 Chrome/148.0.7778.97 Electron/42.2.0 Safari/537.36"
[2026-06-15 11:08:36] INFO: ::1 - - [15/Jun/2026:08:08:36 +0000] "GET /api/v1/provider/services HTTP/1.1" 304 - "http://localhost:5173/" "Mozilla/5.0 (Windows NT 10.0; Win64; x64) AppleWebKit/537.36 (KHTML, like Gecko) Code/1.124.2 Chrome/148.0.7778.97 Electron/42.2.0 Safari/537.36"
[2026-06-15 11:08:36] INFO: ::1 - - [15/Jun/2026:08:08:36 +0000] "GET /api/v1/provider/settings HTTP/1.1" 304 - "http://localhost:5173/" "Mozilla/5.0 (Windows NT 10.0; Win64; x64) AppleWebKit/537.36 (KHTML, like Gecko) Code/1.124.2 Chrome/148.0.7778.97 Electron/42.2.0 Safari/537.36"
[2026-06-15 11:08:36] INFO: ::1 - - [15/Jun/2026:08:08:36 +0000] "GET /api/v1/provider/discounts/special-entities HTTP/1.1" 304 - "http://localhost:5173/" "Mozilla/5.0 (Windows NT 10.0; Win64; x64) AppleWebKit/537.36 (KHTML, like Gecko) Code/1.124.2 Chrome/148.0.7778.97 Electron/42.2.0 Safari/537.36"
[2026-06-15 11:08:37] INFO: ::1 - - [15/Jun/2026:08:08:37 +0000] "GET /api/v1/provider/services/categories HTTP/1.1" 304 - "http://localhost:5173/" "Mozilla/5.0 (Windows NT 10.0; Win64; x64) AppleWebKit/537.36 (KHTML, like Gecko) Code/1.124.2 Chrome/148.0.7778.97 Electron/42.2.0 Safari/537.36"
[2026-06-15 11:08:37] INFO: ::1 - - [15/Jun/2026:08:08:37 +0000] "GET /api/v1/provider/reviews HTTP/1.1" 304 - "http://localhost:5173/" "Mozilla/5.0 (Windows NT 10.0; Win64; x64) AppleWebKit/537.36 (KHTML, like Gecko) Code/1.124.2 Chrome/148.0.7778.97 Electron/42.2.0 Safari/537.36"
[2026-06-15 11:08:38] INFO: ::1 - - [15/Jun/2026:08:08:38 +0000] "GET /api/v1/provider/profile HTTP/1.1" 304 - "http://localhost:5173/" "Mozilla/5.0 (Windows NT 10.0; Win64; x64) AppleWebKit/537.36 (KHTML, like Gecko) Code/1.124.2 Chrome/148.0.7778.97 Electron/42.2.0 Safari/537.36"
[2026-06-15 11:08:38] INFO: ::1 - - [15/Jun/2026:08:08:38 +0000] "GET /api/v1/provider/dashboard HTTP/1.1" 304 - "http://localhost:5173/" "Mozilla/5.0 (Windows NT 10.0; Win64; x64) AppleWebKit/537.36 (KHTML, like Gecko) Code/1.124.2 Chrome/148.0.7778.97 Electron/42.2.0 Safari/537.36"
[2026-06-15 11:08:38] INFO: ::1 - - [15/Jun/2026:08:08:38 +0000] "DELETE /api/v1/provider/services/categories/6a2d84271f50dc96b1bba6e0 HTTP/1.1" 403 72 "http://localhost:5173/" "Mozilla/5.0 (Windows NT 10.0; Win64; x64) AppleWebKit/537.36 (KHTML, like Gecko) Code/1.124.2 Chrome/148.0.7778.97 Electron/42.2.0 Safari/537.36"
[2026-06-15 11:11:34] INFO: ::1 - - [15/Jun/2026:08:11:34 +0000] "POST /api/v1/provider/services HTTP/1.1" 201 560 "http://localhost:5173/" "Mozilla/5.0 (Windows NT 10.0; Win64; x64) AppleWebKit/537.36 (KHTML, like Gecko) Code/1.124.2 Chrome/148.0.7778.97 Electron/42.2.0 Safari/537.36"
[2026-06-15 11:12:51] INFO: ::1 - - [15/Jun/2026:08:12:51 +0000] "POST /api/v1/provider/services HTTP/1.1" 201 625 "http://localhost:5173/" "Mozilla/5.0 (Windows NT 10.0; Win64; x64) AppleWebKit/537.36 (KHTML, like Gecko) Code/1.124.2 Chrome/148.0.7778.97 Electron/42.2.0 Safari/537.36"
[2026-06-15 11:14:30] INFO: ::1 - - [15/Jun/2026:08:14:30 +0000] "GET /api/v1/provider/dashboard/live HTTP/1.1" 401 90 "http://localhost:5173/" "Mozilla/5.0 (Windows NT 10.0; Win64; x64) AppleWebKit/537.36 (KHTML, like Gecko) Code/1.124.2 Chrome/148.0.7778.97 Electron/42.2.0 Safari/537.36"
[2026-06-15 11:14:31] INFO: ::1 - - [15/Jun/2026:08:14:31 +0000] "GET /api/v1/provider/discounts/special-entities HTTP/1.1" 304 - "http://localhost:5173/" "Mozilla/5.0 (Windows NT 10.0; Win64; x64) AppleWebKit/537.36 (KHTML, like Gecko) Code/1.124.2 Chrome/148.0.7778.97 Electron/42.2.0 Safari/537.36"
[2026-06-15 11:14:31] INFO: ::1 - - [15/Jun/2026:08:14:31 +0000] "GET /api/v1/provider/discounts/tiers HTTP/1.1" 304 - "http://localhost:5173/" "Mozilla/5.0 (Windows NT 10.0; Win64; x64) AppleWebKit/537.36 (KHTML, like Gecko) Code/1.124.2 Chrome/148.0.7778.97 Electron/42.2.0 Safari/537.36"
[2026-06-15 11:14:31] INFO: ::1 - - [15/Jun/2026:08:14:31 +0000] "GET /api/v1/provider/orders HTTP/1.1" 304 - "http://localhost:5173/" "Mozilla/5.0 (Windows NT 10.0; Win64; x64) AppleWebKit/537.36 (KHTML, like Gecko) Code/1.124.2 Chrome/148.0.7778.97 Electron/42.2.0 Safari/537.36"
[2026-06-15 11:14:31] INFO: ::1 - - [15/Jun/2026:08:14:31 +0000] "GET /api/v1/provider/dashboard HTTP/1.1" 304 - "http://localhost:5173/" "Mozilla/5.0 (Windows NT 10.0; Win64; x64) AppleWebKit/537.36 (KHTML, like Gecko) Code/1.124.2 Chrome/148.0.7778.97 Electron/42.2.0 Safari/537.36"
[2026-06-15 11:14:31] INFO: ::1 - - [15/Jun/2026:08:14:31 +0000] "GET /api/v1/provider/settings HTTP/1.1" 304 - "http://localhost:5173/" "Mozilla/5.0 (Windows NT 10.0; Win64; x64) AppleWebKit/537.36 (KHTML, like Gecko) Code/1.124.2 Chrome/148.0.7778.97 Electron/42.2.0 Safari/537.36"
[2026-06-15 11:14:31] INFO: ::1 - - [15/Jun/2026:08:14:31 +0000] "GET /api/v1/provider/services HTTP/1.1" 200 1128 "http://localhost:5173/" "Mozilla/5.0 (Windows NT 10.0; Win64; x64) AppleWebKit/537.36 (KHTML, like Gecko) Code/1.124.2 Chrome/148.0.7778.97 Electron/42.2.0 Safari/537.36"
[2026-06-15 11:14:31] INFO: ::1 - - [15/Jun/2026:08:14:31 +0000] "GET /api/v1/provider/services/categories HTTP/1.1" 200 888 "http://localhost:5173/" "Mozilla/5.0 (Windows NT 10.0; Win64; x64) AppleWebKit/537.36 (KHTML, like Gecko) Code/1.124.2 Chrome/148.0.7778.97 Electron/42.2.0 Safari/537.36"
[2026-06-15 11:14:31] INFO: ::1 - - [15/Jun/2026:08:14:31 +0000] "GET /api/v1/provider/reviews HTTP/1.1" 304 - "http://localhost:5173/" "Mozilla/5.0 (Windows NT 10.0; Win64; x64) AppleWebKit/537.36 (KHTML, like Gecko) Code/1.124.2 Chrome/148.0.7778.97 Electron/42.2.0 Safari/537.36"
[2026-06-15 11:14:32] INFO: ::1 - - [15/Jun/2026:08:14:32 +0000] "GET /api/v1/provider/profile HTTP/1.1" 304 - "http://localhost:5173/" "Mozilla/5.0 (Windows NT 10.0; Win64; x64) AppleWebKit/537.36 (KHTML, like Gecko) Code/1.124.2 Chrome/148.0.7778.97 Electron/42.2.0 Safari/537.36"
[2026-06-15 11:14:32] INFO: ::1 - - [15/Jun/2026:08:14:32 +0000] "GET /api/v1/provider/discounts/special-entities HTTP/1.1" 304 - "http://localhost:5173/" "Mozilla/5.0 (Windows NT 10.0; Win64; x64) AppleWebKit/537.36 (KHTML, like Gecko) Code/1.124.2 Chrome/148.0.7778.97 Electron/42.2.0 Safari/537.36"
[2026-06-15 11:14:32] INFO: ::1 - - [15/Jun/2026:08:14:32 +0000] "GET /api/v1/provider/discounts/tiers HTTP/1.1" 304 - "http://localhost:5173/" "Mozilla/5.0 (Windows NT 10.0; Win64; x64) AppleWebKit/537.36 (KHTML, like Gecko) Code/1.124.2 Chrome/148.0.7778.97 Electron/42.2.0 Safari/537.36"
[2026-06-15 11:14:32] INFO: ::1 - - [15/Jun/2026:08:14:32 +0000] "GET /api/v1/provider/orders HTTP/1.1" 304 - "http://localhost:5173/" "Mozilla/5.0 (Windows NT 10.0; Win64; x64) AppleWebKit/537.36 (KHTML, like Gecko) Code/1.124.2 Chrome/148.0.7778.97 Electron/42.2.0 Safari/537.36"
[2026-06-15 11:14:32] INFO: ::1 - - [15/Jun/2026:08:14:32 +0000] "GET /api/v1/provider/settings HTTP/1.1" 304 - "http://localhost:5173/" "Mozilla/5.0 (Windows NT 10.0; Win64; x64) AppleWebKit/537.36 (KHTML, like Gecko) Code/1.124.2 Chrome/148.0.7778.97 Electron/42.2.0 Safari/537.36"
[2026-06-15 11:14:33] INFO: ::1 - - [15/Jun/2026:08:14:33 +0000] "GET /api/v1/provider/dashboard HTTP/1.1" 304 - "http://localhost:5173/" "Mozilla/5.0 (Windows NT 10.0; Win64; x64) AppleWebKit/537.36 (KHTML, like Gecko) Code/1.124.2 Chrome/148.0.7778.97 Electron/42.2.0 Safari/537.36"
[2026-06-15 11:14:33] INFO: ::1 - - [15/Jun/2026:08:14:33 +0000] "GET /api/v1/provider/reviews HTTP/1.1" 304 - "http://localhost:5173/" "Mozilla/5.0 (Windows NT 10.0; Win64; x64) AppleWebKit/537.36 (KHTML, like Gecko) Code/1.124.2 Chrome/148.0.7778.97 Electron/42.2.0 Safari/537.36"
[2026-06-15 11:14:33] INFO: ::1 - - [15/Jun/2026:08:14:33 +0000] "GET /api/v1/provider/services HTTP/1.1" 304 - "http://localhost:5173/" "Mozilla/5.0 (Windows NT 10.0; Win64; x64) AppleWebKit/537.36 (KHTML, like Gecko) Code/1.124.2 Chrome/148.0.7778.97 Electron/42.2.0 Safari/537.36"
[2026-06-15 11:14:33] INFO: ::1 - - [15/Jun/2026:08:14:33 +0000] "GET /api/v1/provider/profile HTTP/1.1" 304 - "http://localhost:5173/" "Mozilla/5.0 (Windows NT 10.0; Win64; x64) AppleWebKit/537.36 (KHTML, like Gecko) Code/1.124.2 Chrome/148.0.7778.97 Electron/42.2.0 Safari/537.36"
[2026-06-15 11:14:33] INFO: ::1 - - [15/Jun/2026:08:14:33 +0000] "GET /api/v1/provider/services/categories HTTP/1.1" 304 - "http://localhost:5173/" "Mozilla/5.0 (Windows NT 10.0; Win64; x64) AppleWebKit/537.36 (KHTML, like Gecko) Code/1.124.2 Chrome/148.0.7778.97 Electron/42.2.0 Safari/537.36"
[2026-06-15 11:14:36] INFO: ::1 - - [15/Jun/2026:08:14:36 +0000] "GET /api/v1/provider/dashboard/live HTTP/1.1" 401 90 "http://localhost:5173/" "Mozilla/5.0 (Windows NT 10.0; Win64; x64) AppleWebKit/537.36 (KHTML, like Gecko) Code/1.124.2 Chrome/148.0.7778.97 Electron/42.2.0 Safari/537.36"
[2026-06-15 11:14:37] INFO: ::1 - - [15/Jun/2026:08:14:37 +0000] "GET /api/v1/provider/orders HTTP/1.1" 304 - "http://localhost:5173/" "Mozilla/5.0 (Windows NT 10.0; Win64; x64) AppleWebKit/537.36 (KHTML, like Gecko) Code/1.124.2 Chrome/148.0.7778.97 Electron/42.2.0 Safari/537.36"
[2026-06-15 11:14:37] INFO: ::1 - - [15/Jun/2026:08:14:37 +0000] "GET /api/v1/provider/discounts/tiers HTTP/1.1" 304 - "http://localhost:5173/" "Mozilla/5.0 (Windows NT 10.0; Win64; x64) AppleWebKit/537.36 (KHTML, like Gecko) Code/1.124.2 Chrome/148.0.7778.97 Electron/42.2.0 Safari/537.36"
[2026-06-15 11:14:37] INFO: ::1 - - [15/Jun/2026:08:14:37 +0000] "GET /api/v1/provider/discounts/special-entities HTTP/1.1" 304 - "http://localhost:5173/" "Mozilla/5.0 (Windows NT 10.0; Win64; x64) AppleWebKit/537.36 (KHTML, like Gecko) Code/1.124.2 Chrome/148.0.7778.97 Electron/42.2.0 Safari/537.36"
[2026-06-15 11:14:38] INFO: ::1 - - [15/Jun/2026:08:14:38 +0000] "GET /api/v1/provider/settings HTTP/1.1" 304 - "http://localhost:5173/" "Mozilla/5.0 (Windows NT 10.0; Win64; x64) AppleWebKit/537.36 (KHTML, like Gecko) Code/1.124.2 Chrome/148.0.7778.97 Electron/42.2.0 Safari/537.36"
[2026-06-15 11:14:38] INFO: ::1 - - [15/Jun/2026:08:14:38 +0000] "GET /api/v1/provider/services/categories HTTP/1.1" 304 - "http://localhost:5173/" "Mozilla/5.0 (Windows NT 10.0; Win64; x64) AppleWebKit/537.36 (KHTML, like Gecko) Code/1.124.2 Chrome/148.0.7778.97 Electron/42.2.0 Safari/537.36"
[2026-06-15 11:14:38] INFO: ::1 - - [15/Jun/2026:08:14:38 +0000] "GET /api/v1/provider/dashboard HTTP/1.1" 304 - "http://localhost:5173/" "Mozilla/5.0 (Windows NT 10.0; Win64; x64) AppleWebKit/537.36 (KHTML, like Gecko) Code/1.124.2 Chrome/148.0.7778.97 Electron/42.2.0 Safari/537.36"
[2026-06-15 11:14:38] INFO: ::1 - - [15/Jun/2026:08:14:38 +0000] "GET /api/v1/provider/services HTTP/1.1" 304 - "http://localhost:5173/" "Mozilla/5.0 (Windows NT 10.0; Win64; x64) AppleWebKit/537.36 (KHTML, like Gecko) Code/1.124.2 Chrome/148.0.7778.97 Electron/42.2.0 Safari/537.36"
[2026-06-15 11:14:38] INFO: ::1 - - [15/Jun/2026:08:14:38 +0000] "GET /api/v1/provider/reviews HTTP/1.1" 304 - "http://localhost:5173/" "Mozilla/5.0 (Windows NT 10.0; Win64; x64) AppleWebKit/537.36 (KHTML, like Gecko) Code/1.124.2 Chrome/148.0.7778.97 Electron/42.2.0 Safari/537.36"
[2026-06-15 11:14:38] INFO: ::1 - - [15/Jun/2026:08:14:38 +0000] "GET /api/v1/provider/profile HTTP/1.1" 304 - "http://localhost:5173/" "Mozilla/5.0 (Windows NT 10.0; Win64; x64) AppleWebKit/537.36 (KHTML, like Gecko) Code/1.124.2 Chrome/148.0.7778.97 Electron/42.2.0 Safari/537.36"
[2026-06-15 11:14:38] INFO: ::1 - - [15/Jun/2026:08:14:38 +0000] "GET /api/v1/provider/settings HTTP/1.1" 304 - "http://localhost:5173/" "Mozilla/5.0 (Windows NT 10.0; Win64; x64) AppleWebKit/537.36 (KHTML, like Gecko) Code/1.124.2 Chrome/148.0.7778.97 Electron/42.2.0 Safari/537.36"
[2026-06-15 11:14:39] INFO: ::1 - - [15/Jun/2026:08:14:39 +0000] "GET /api/v1/provider/orders HTTP/1.1" 304 - "http://localhost:5173/" "Mozilla/5.0 (Windows NT 10.0; Win64; x64) AppleWebKit/537.36 (KHTML, like Gecko) Code/1.124.2 Chrome/148.0.7778.97 Electron/42.2.0 Safari/537.36"
[2026-06-15 11:14:39] INFO: ::1 - - [15/Jun/2026:08:14:39 +0000] "GET /api/v1/provider/discounts/tiers HTTP/1.1" 304 - "http://localhost:5173/" "Mozilla/5.0 (Windows NT 10.0; Win64; x64) AppleWebKit/537.36 (KHTML, like Gecko) Code/1.124.2 Chrome/148.0.7778.97 Electron/42.2.0 Safari/537.36"
[2026-06-15 11:14:39] INFO: ::1 - - [15/Jun/2026:08:14:39 +0000] "GET /api/v1/provider/discounts/special-entities HTTP/1.1" 304 - "http://localhost:5173/" "Mozilla/5.0 (Windows NT 10.0; Win64; x64) AppleWebKit/537.36 (KHTML, like Gecko) Code/1.124.2 Chrome/148.0.7778.97 Electron/42.2.0 Safari/537.36"
[2026-06-15 11:14:40] INFO: ::1 - - [15/Jun/2026:08:14:40 +0000] "GET /api/v1/provider/reviews HTTP/1.1" 304 - "http://localhost:5173/" "Mozilla/5.0 (Windows NT 10.0; Win64; x64) AppleWebKit/537.36 (KHTML, like Gecko) Code/1.124.2 Chrome/148.0.7778.97 Electron/42.2.0 Safari/537.36"
[2026-06-15 11:14:40] INFO: ::1 - - [15/Jun/2026:08:14:40 +0000] "GET /api/v1/provider/services/categories HTTP/1.1" 304 - "http://localhost:5173/" "Mozilla/5.0 (Windows NT 10.0; Win64; x64) AppleWebKit/537.36 (KHTML, like Gecko) Code/1.124.2 Chrome/148.0.7778.97 Electron/42.2.0 Safari/537.36"
[2026-06-15 11:14:40] INFO: ::1 - - [15/Jun/2026:08:14:40 +0000] "GET /api/v1/provider/dashboard HTTP/1.1" 304 - "http://localhost:5173/" "Mozilla/5.0 (Windows NT 10.0; Win64; x64) AppleWebKit/537.36 (KHTML, like Gecko) Code/1.124.2 Chrome/148.0.7778.97 Electron/42.2.0 Safari/537.36"
[2026-06-15 11:14:40] INFO: ::1 - - [15/Jun/2026:08:14:40 +0000] "GET /api/v1/provider/profile HTTP/1.1" 304 - "http://localhost:5173/" "Mozilla/5.0 (Windows NT 10.0; Win64; x64) AppleWebKit/537.36 (KHTML, like Gecko) Code/1.124.2 Chrome/148.0.7778.97 Electron/42.2.0 Safari/537.36"
[2026-06-15 11:14:40] INFO: ::1 - - [15/Jun/2026:08:14:40 +0000] "GET /api/v1/provider/services HTTP/1.1" 304 - "http://localhost:5173/" "Mozilla/5.0 (Windows NT 10.0; Win64; x64) AppleWebKit/537.36 (KHTML, like Gecko) Code/1.124.2 Chrome/148.0.7778.97 Electron/42.2.0 Safari/537.36"
[2026-06-15 11:15:24] INFO: ::1 - - [15/Jun/2026:08:15:24 +0000] "POST /api/v1/provider/discounts/tiers HTTP/1.1" 201 326 "http://localhost:5173/" "Mozilla/5.0 (Windows NT 10.0; Win64; x64) AppleWebKit/537.36 (KHTML, like Gecko) Code/1.124.2 Chrome/148.0.7778.97 Electron/42.2.0 Safari/537.36"
[2026-06-15 11:15:24] INFO: ::1 - - [15/Jun/2026:08:15:24 +0000] "GET /api/v1/provider/discounts/tiers HTTP/1.1" 200 286 "http://localhost:5173/" "Mozilla/5.0 (Windows NT 10.0; Win64; x64) AppleWebKit/537.36 (KHTML, like Gecko) Code/1.124.2 Chrome/148.0.7778.97 Electron/42.2.0 Safari/537.36"
[2026-06-15 11:15:27] INFO: ::1 - - [15/Jun/2026:08:15:27 +0000] "GET /api/v1/provider/dashboard/live HTTP/1.1" 401 90 "http://localhost:5173/" "Mozilla/5.0 (Windows NT 10.0; Win64; x64) AppleWebKit/537.36 (KHTML, like Gecko) Code/1.124.2 Chrome/148.0.7778.97 Electron/42.2.0 Safari/537.36"
[2026-06-15 11:15:28] INFO: ::1 - - [15/Jun/2026:08:15:28 +0000] "GET /api/v1/provider/orders HTTP/1.1" 304 - "http://localhost:5173/" "Mozilla/5.0 (Windows NT 10.0; Win64; x64) AppleWebKit/537.36 (KHTML, like Gecko) Code/1.124.2 Chrome/148.0.7778.97 Electron/42.2.0 Safari/537.36"
[2026-06-15 11:15:28] INFO: ::1 - - [15/Jun/2026:08:15:28 +0000] "GET /api/v1/provider/discounts/tiers HTTP/1.1" 304 - "http://localhost:5173/" "Mozilla/5.0 (Windows NT 10.0; Win64; x64) AppleWebKit/537.36 (KHTML, like Gecko) Code/1.124.2 Chrome/148.0.7778.97 Electron/42.2.0 Safari/537.36"
[2026-06-15 11:15:28] INFO: ::1 - - [15/Jun/2026:08:15:28 +0000] "GET /api/v1/provider/discounts/special-entities HTTP/1.1" 304 - "http://localhost:5173/" "Mozilla/5.0 (Windows NT 10.0; Win64; x64) AppleWebKit/537.36 (KHTML, like Gecko) Code/1.124.2 Chrome/148.0.7778.97 Electron/42.2.0 Safari/537.36"
[2026-06-15 11:15:29] INFO: ::1 - - [15/Jun/2026:08:15:29 +0000] "GET /api/v1/provider/dashboard HTTP/1.1" 304 - "http://localhost:5173/" "Mozilla/5.0 (Windows NT 10.0; Win64; x64) AppleWebKit/537.36 (KHTML, like Gecko) Code/1.124.2 Chrome/148.0.7778.97 Electron/42.2.0 Safari/537.36"
[2026-06-15 11:15:29] INFO: ::1 - - [15/Jun/2026:08:15:29 +0000] "GET /api/v1/provider/services/categories HTTP/1.1" 304 - "http://localhost:5173/" "Mozilla/5.0 (Windows NT 10.0; Win64; x64) AppleWebKit/537.36 (KHTML, like Gecko) Code/1.124.2 Chrome/148.0.7778.97 Electron/42.2.0 Safari/537.36"
[2026-06-15 11:15:29] INFO: ::1 - - [15/Jun/2026:08:15:29 +0000] "GET /api/v1/provider/services HTTP/1.1" 304 - "http://localhost:5173/" "Mozilla/5.0 (Windows NT 10.0; Win64; x64) AppleWebKit/537.36 (KHTML, like Gecko) Code/1.124.2 Chrome/148.0.7778.97 Electron/42.2.0 Safari/537.36"
[2026-06-15 11:15:29] INFO: ::1 - - [15/Jun/2026:08:15:29 +0000] "GET /api/v1/provider/settings HTTP/1.1" 304 - "http://localhost:5173/" "Mozilla/5.0 (Windows NT 10.0; Win64; x64) AppleWebKit/537.36 (KHTML, like Gecko) Code/1.124.2 Chrome/148.0.7778.97 Electron/42.2.0 Safari/537.36"
[2026-06-15 11:15:29] INFO: ::1 - - [15/Jun/2026:08:15:29 +0000] "GET /api/v1/provider/reviews HTTP/1.1" 304 - "http://localhost:5173/" "Mozilla/5.0 (Windows NT 10.0; Win64; x64) AppleWebKit/537.36 (KHTML, like Gecko) Code/1.124.2 Chrome/148.0.7778.97 Electron/42.2.0 Safari/537.36"
[2026-06-15 11:15:29] INFO: ::1 - - [15/Jun/2026:08:15:29 +0000] "GET /api/v1/provider/profile HTTP/1.1" 304 - "http://localhost:5173/" "Mozilla/5.0 (Windows NT 10.0; Win64; x64) AppleWebKit/537.36 (KHTML, like Gecko) Code/1.124.2 Chrome/148.0.7778.97 Electron/42.2.0 Safari/537.36"
[2026-06-15 11:15:30] INFO: ::1 - - [15/Jun/2026:08:15:30 +0000] "GET /api/v1/provider/orders HTTP/1.1" 304 - "http://localhost:5173/" "Mozilla/5.0 (Windows NT 10.0; Win64; x64) AppleWebKit/537.36 (KHTML, like Gecko) Code/1.124.2 Chrome/148.0.7778.97 Electron/42.2.0 Safari/537.36"
[2026-06-15 11:15:30] INFO: ::1 - - [15/Jun/2026:08:15:30 +0000] "GET /api/v1/provider/discounts/tiers HTTP/1.1" 304 - "http://localhost:5173/" "Mozilla/5.0 (Windows NT 10.0; Win64; x64) AppleWebKit/537.36 (KHTML, like Gecko) Code/1.124.2 Chrome/148.0.7778.97 Electron/42.2.0 Safari/537.36"
[2026-06-15 11:15:30] INFO: ::1 - - [15/Jun/2026:08:15:30 +0000] "GET /api/v1/provider/discounts/special-entities HTTP/1.1" 304 - "http://localhost:5173/" "Mozilla/5.0 (Windows NT 10.0; Win64; x64) AppleWebKit/537.36 (KHTML, like Gecko) Code/1.124.2 Chrome/148.0.7778.97 Electron/42.2.0 Safari/537.36"
[2026-06-15 11:15:30] INFO: ::1 - - [15/Jun/2026:08:15:30 +0000] "GET /api/v1/provider/settings HTTP/1.1" 304 - "http://localhost:5173/" "Mozilla/5.0 (Windows NT 10.0; Win64; x64) AppleWebKit/537.36 (KHTML, like Gecko) Code/1.124.2 Chrome/148.0.7778.97 Electron/42.2.0 Safari/537.36"
[2026-06-15 11:15:30] INFO: ::1 - - [15/Jun/2026:08:15:30 +0000] "GET /api/v1/provider/dashboard HTTP/1.1" 304 - "http://localhost:5173/" "Mozilla/5.0 (Windows NT 10.0; Win64; x64) AppleWebKit/537.36 (KHTML, like Gecko) Code/1.124.2 Chrome/148.0.7778.97 Electron/42.2.0 Safari/537.36"
[2026-06-15 11:15:30] INFO: ::1 - - [15/Jun/2026:08:15:30 +0000] "GET /api/v1/provider/services/categories HTTP/1.1" 304 - "http://localhost:5173/" "Mozilla/5.0 (Windows NT 10.0; Win64; x64) AppleWebKit/537.36 (KHTML, like Gecko) Code/1.124.2 Chrome/148.0.7778.97 Electron/42.2.0 Safari/537.36"
[2026-06-15 11:15:30] INFO: ::1 - - [15/Jun/2026:08:15:30 +0000] "GET /api/v1/provider/reviews HTTP/1.1" 304 - "http://localhost:5173/" "Mozilla/5.0 (Windows NT 10.0; Win64; x64) AppleWebKit/537.36 (KHTML, like Gecko) Code/1.124.2 Chrome/148.0.7778.97 Electron/42.2.0 Safari/537.36"
[2026-06-15 11:15:31] INFO: ::1 - - [15/Jun/2026:08:15:31 +0000] "GET /api/v1/provider/services HTTP/1.1" 304 - "http://localhost:5173/" "Mozilla/5.0 (Windows NT 10.0; Win64; x64) AppleWebKit/537.36 (KHTML, like Gecko) Code/1.124.2 Chrome/148.0.7778.97 Electron/42.2.0 Safari/537.36"
[2026-06-15 11:15:31] INFO: ::1 - - [15/Jun/2026:08:15:31 +0000] "GET /api/v1/provider/profile HTTP/1.1" 304 - "http://localhost:5173/" "Mozilla/5.0 (Windows NT 10.0; Win64; x64) AppleWebKit/537.36 (KHTML, like Gecko) Code/1.124.2 Chrome/148.0.7778.97 Electron/42.2.0 Safari/537.36"
[2026-06-15 11:15:33] INFO: ::1 - - [15/Jun/2026:08:15:33 +0000] "GET /api/v1/provider/discounts/special-entities HTTP/1.1" 304 - "http://localhost:5173/" "Mozilla/5.0 (Windows NT 10.0; Win64; x64) AppleWebKit/537.36 (KHTML, like Gecko) Code/1.124.2 Chrome/148.0.7778.97 Electron/42.2.0 Safari/537.36"
[2026-06-15 11:15:33] INFO: ::1 - - [15/Jun/2026:08:15:33 +0000] "GET /api/v1/provider/orders HTTP/1.1" 304 - "http://localhost:5173/" "Mozilla/5.0 (Windows NT 10.0; Win64; x64) AppleWebKit/537.36 (KHTML, like Gecko) Code/1.124.2 Chrome/148.0.7778.97 Electron/42.2.0 Safari/537.36"
[2026-06-15 11:15:33] INFO: ::1 - - [15/Jun/2026:08:15:33 +0000] "GET /api/v1/provider/profile HTTP/1.1" 304 - "http://localhost:5173/" "Mozilla/5.0 (Windows NT 10.0; Win64; x64) AppleWebKit/537.36 (KHTML, like Gecko) Code/1.124.2 Chrome/148.0.7778.97 Electron/42.2.0 Safari/537.36"
[2026-06-15 11:15:33] INFO: ::1 - - [15/Jun/2026:08:15:33 +0000] "GET /api/v1/provider/services/categories HTTP/1.1" 304 - "http://localhost:5173/" "Mozilla/5.0 (Windows NT 10.0; Win64; x64) AppleWebKit/537.36 (KHTML, like Gecko) Code/1.124.2 Chrome/148.0.7778.97 Electron/42.2.0 Safari/537.36"
[2026-06-15 11:15:33] INFO: ::1 - - [15/Jun/2026:08:15:33 +0000] "GET /api/v1/provider/dashboard/live HTTP/1.1" 401 90 "http://localhost:5173/" "Mozilla/5.0 (Windows NT 10.0; Win64; x64) AppleWebKit/537.36 (KHTML, like Gecko) Code/1.124.2 Chrome/148.0.7778.97 Electron/42.2.0 Safari/537.36"
[2026-06-15 11:15:33] INFO: ::1 - - [15/Jun/2026:08:15:33 +0000] "GET /api/v1/provider/services HTTP/1.1" 304 - "http://localhost:5173/" "Mozilla/5.0 (Windows NT 10.0; Win64; x64) AppleWebKit/537.36 (KHTML, like Gecko) Code/1.124.2 Chrome/148.0.7778.97 Electron/42.2.0 Safari/537.36"
[2026-06-15 11:15:33] INFO: ::1 - - [15/Jun/2026:08:15:33 +0000] "GET /api/v1/provider/dashboard HTTP/1.1" 304 - "http://localhost:5173/" "Mozilla/5.0 (Windows NT 10.0; Win64; x64) AppleWebKit/537.36 (KHTML, like Gecko) Code/1.124.2 Chrome/148.0.7778.97 Electron/42.2.0 Safari/537.36"
[2026-06-15 11:15:33] INFO: ::1 - - [15/Jun/2026:08:15:33 +0000] "GET /api/v1/provider/settings HTTP/1.1" 304 - "http://localhost:5173/" "Mozilla/5.0 (Windows NT 10.0; Win64; x64) AppleWebKit/537.36 (KHTML, like Gecko) Code/1.124.2 Chrome/148.0.7778.97 Electron/42.2.0 Safari/537.36"
[2026-06-15 11:15:34] INFO: ::1 - - [15/Jun/2026:08:15:34 +0000] "GET /api/v1/provider/discounts/tiers HTTP/1.1" 304 - "http://localhost:5173/" "Mozilla/5.0 (Windows NT 10.0; Win64; x64) AppleWebKit/537.36 (KHTML, like Gecko) Code/1.124.2 Chrome/148.0.7778.97 Electron/42.2.0 Safari/537.36"
[2026-06-15 11:15:34] INFO: ::1 - - [15/Jun/2026:08:15:34 +0000] "GET /api/v1/provider/reviews HTTP/1.1" 304 - "http://localhost:5173/" "Mozilla/5.0 (Windows NT 10.0; Win64; x64) AppleWebKit/537.36 (KHTML, like Gecko) Code/1.124.2 Chrome/148.0.7778.97 Electron/42.2.0 Safari/537.36"
[2026-06-15 11:15:34] INFO: ::1 - - [15/Jun/2026:08:15:34 +0000] "GET /api/v1/provider/discounts/special-entities HTTP/1.1" 304 - "http://localhost:5173/" "Mozilla/5.0 (Windows NT 10.0; Win64; x64) AppleWebKit/537.36 (KHTML, like Gecko) Code/1.124.2 Chrome/148.0.7778.97 Electron/42.2.0 Safari/537.36"
[2026-06-15 11:15:34] INFO: ::1 - - [15/Jun/2026:08:15:34 +0000] "GET /api/v1/provider/orders HTTP/1.1" 304 - "http://localhost:5173/" "Mozilla/5.0 (Windows NT 10.0; Win64; x64) AppleWebKit/537.36 (KHTML, like Gecko) Code/1.124.2 Chrome/148.0.7778.97 Electron/42.2.0 Safari/537.36"
[2026-06-15 11:15:35] INFO: ::1 - - [15/Jun/2026:08:15:35 +0000] "GET /api/v1/provider/profile HTTP/1.1" 304 - "http://localhost:5173/" "Mozilla/5.0 (Windows NT 10.0; Win64; x64) AppleWebKit/537.36 (KHTML, like Gecko) Code/1.124.2 Chrome/148.0.7778.97 Electron/42.2.0 Safari/537.36"
[2026-06-15 11:15:35] INFO: ::1 - - [15/Jun/2026:08:15:35 +0000] "GET /api/v1/provider/settings HTTP/1.1" 304 - "http://localhost:5173/" "Mozilla/5.0 (Windows NT 10.0; Win64; x64) AppleWebKit/537.36 (KHTML, like Gecko) Code/1.124.2 Chrome/148.0.7778.97 Electron/42.2.0 Safari/537.36"
[2026-06-15 11:15:35] INFO: ::1 - - [15/Jun/2026:08:15:35 +0000] "GET /api/v1/provider/services/categories HTTP/1.1" 304 - "http://localhost:5173/" "Mozilla/5.0 (Windows NT 10.0; Win64; x64) AppleWebKit/537.36 (KHTML, like Gecko) Code/1.124.2 Chrome/148.0.7778.97 Electron/42.2.0 Safari/537.36"
[2026-06-15 11:15:35] INFO: ::1 - - [15/Jun/2026:08:15:35 +0000] "GET /api/v1/provider/services HTTP/1.1" 304 - "http://localhost:5173/" "Mozilla/5.0 (Windows NT 10.0; Win64; x64) AppleWebKit/537.36 (KHTML, like Gecko) Code/1.124.2 Chrome/148.0.7778.97 Electron/42.2.0 Safari/537.36"
[2026-06-15 11:15:35] INFO: ::1 - - [15/Jun/2026:08:15:35 +0000] "GET /api/v1/provider/discounts/tiers HTTP/1.1" 304 - "http://localhost:5173/" "Mozilla/5.0 (Windows NT 10.0; Win64; x64) AppleWebKit/537.36 (KHTML, like Gecko) Code/1.124.2 Chrome/148.0.7778.97 Electron/42.2.0 Safari/537.36"
[2026-06-15 11:15:35] INFO: ::1 - - [15/Jun/2026:08:15:35 +0000] "GET /api/v1/provider/dashboard HTTP/1.1" 304 - "http://localhost:5173/" "Mozilla/5.0 (Windows NT 10.0; Win64; x64) AppleWebKit/537.36 (KHTML, like Gecko) Code/1.124.2 Chrome/148.0.7778.97 Electron/42.2.0 Safari/537.36"
[2026-06-15 11:15:35] INFO: ::1 - - [15/Jun/2026:08:15:35 +0000] "GET /api/v1/provider/reviews HTTP/1.1" 304 - "http://localhost:5173/" "Mozilla/5.0 (Windows NT 10.0; Win64; x64) AppleWebKit/537.36 (KHTML, like Gecko) Code/1.124.2 Chrome/148.0.7778.97 Electron/42.2.0 Safari/537.36"
[2026-06-15 11:16:18] INFO: ::1 - - [15/Jun/2026:08:16:18 +0000] "POST /api/v1/provider/discounts/special-entities/save-all HTTP/1.1" 400 57 "http://localhost:5173/" "Mozilla/5.0 (Windows NT 10.0; Win64; x64) AppleWebKit/537.36 (KHTML, like Gecko) Code/1.124.2 Chrome/148.0.7778.97 Electron/42.2.0 Safari/537.36"
[2026-06-15 11:17:02] INFO: ::1 - - [15/Jun/2026:08:17:02 +0000] "POST /api/v1/provider/services HTTP/1.1" 201 554 "http://localhost:5173/" "Mozilla/5.0 (Windows NT 10.0; Win64; x64) AppleWebKit/537.36 (KHTML, like Gecko) Code/1.124.2 Chrome/148.0.7778.97 Electron/42.2.0 Safari/537.36"
[2026-06-15 11:17:35] INFO: ::1 - - [15/Jun/2026:08:17:35 +0000] "POST /api/v1/provider/services HTTP/1.1" 201 566 "http://localhost:5173/" "Mozilla/5.0 (Windows NT 10.0; Win64; x64) AppleWebKit/537.36 (KHTML, like Gecko) Code/1.124.2 Chrome/148.0.7778.97 Electron/42.2.0 Safari/537.36"
[2026-06-15 11:18:26] INFO: ::1 - - [15/Jun/2026:08:18:26 +0000] "POST /api/v1/provider/services HTTP/1.1" 201 624 "http://localhost:5173/" "Mozilla/5.0 (Windows NT 10.0; Win64; x64) AppleWebKit/537.36 (KHTML, like Gecko) Code/1.124.2 Chrome/148.0.7778.97 Electron/42.2.0 Safari/537.36"
[2026-06-15 11:19:11] INFO: ::1 - - [15/Jun/2026:08:19:11 +0000] "POST /api/v1/provider/services HTTP/1.1" 201 559 "http://localhost:5173/" "Mozilla/5.0 (Windows NT 10.0; Win64; x64) AppleWebKit/537.36 (KHTML, like Gecko) Code/1.124.2 Chrome/148.0.7778.97 Electron/42.2.0 Safari/537.36"
[2026-06-15 11:19:49] INFO: ::1 - - [15/Jun/2026:08:19:49 +0000] "POST /api/v1/provider/services HTTP/1.1" 201 568 "http://localhost:5173/" "Mozilla/5.0 (Windows NT 10.0; Win64; x64) AppleWebKit/537.36 (KHTML, like Gecko) Code/1.124.2 Chrome/148.0.7778.97 Electron/42.2.0 Safari/537.36"
[2026-06-15 11:20:15] INFO: ::1 - - [15/Jun/2026:08:20:15 +0000] "POST /api/v1/provider/services HTTP/1.1" 201 548 "http://localhost:5173/" "Mozilla/5.0 (Windows NT 10.0; Win64; x64) AppleWebKit/537.36 (KHTML, like Gecko) Code/1.124.2 Chrome/148.0.7778.97 Electron/42.2.0 Safari/537.36"
[2026-06-15 11:20:35] INFO: ::1 - - [15/Jun/2026:08:20:35 +0000] "POST /api/v1/provider/services HTTP/1.1" 201 559 "http://localhost:5173/" "Mozilla/5.0 (Windows NT 10.0; Win64; x64) AppleWebKit/537.36 (KHTML, like Gecko) Code/1.124.2 Chrome/148.0.7778.97 Electron/42.2.0 Safari/537.36"
[2026-06-15 11:20:58] INFO: ::1 - - [15/Jun/2026:08:20:58 +0000] "POST /api/v1/provider/services HTTP/1.1" 201 578 "http://localhost:5173/" "Mozilla/5.0 (Windows NT 10.0; Win64; x64) AppleWebKit/537.36 (KHTML, like Gecko) Code/1.124.2 Chrome/148.0.7778.97 Electron/42.2.0 Safari/537.36"
[2026-06-15 11:21:55] INFO: ::1 - - [15/Jun/2026:08:21:55 +0000] "POST /api/v1/provider/services HTTP/1.1" 201 568 "http://localhost:5173/" "Mozilla/5.0 (Windows NT 10.0; Win64; x64) AppleWebKit/537.36 (KHTML, like Gecko) Code/1.124.2 Chrome/148.0.7778.97 Electron/42.2.0 Safari/537.36"
[2026-06-15 11:23:18] INFO: ::1 - - [15/Jun/2026:08:23:18 +0000] "POST /api/v1/provider/services HTTP/1.1" 201 603 "http://localhost:5173/" "Mozilla/5.0 (Windows NT 10.0; Win64; x64) AppleWebKit/537.36 (KHTML, like Gecko) Code/1.124.2 Chrome/148.0.7778.97 Electron/42.2.0 Safari/537.36"
[2026-06-15 11:23:26] INFO: ::1 - - [15/Jun/2026:08:23:26 +0000] "PATCH /api/v1/provider/services/6a2fb6757bb41ab2602f326a HTTP/1.1" 200 590 "http://localhost:5173/" "Mozilla/5.0 (Windows NT 10.0; Win64; x64) AppleWebKit/537.36 (KHTML, like Gecko) Code/1.124.2 Chrome/148.0.7778.97 Electron/42.2.0 Safari/537.36"
[2026-06-15 11:23:46] INFO: ::1 - - [15/Jun/2026:08:23:46 +0000] "POST /api/v1/provider/services HTTP/1.1" 201 554 "http://localhost:5173/" "Mozilla/5.0 (Windows NT 10.0; Win64; x64) AppleWebKit/537.36 (KHTML, like Gecko) Code/1.124.2 Chrome/148.0.7778.97 Electron/42.2.0 Safari/537.36"
[2026-06-15 11:24:09] INFO: ::1 - - [15/Jun/2026:08:24:09 +0000] "POST /api/v1/provider/services HTTP/1.1" 201 558 "http://localhost:5173/" "Mozilla/5.0 (Windows NT 10.0; Win64; x64) AppleWebKit/537.36 (KHTML, like Gecko) Code/1.124.2 Chrome/148.0.7778.97 Electron/42.2.0 Safari/537.36"
[2026-06-15 11:24:27] INFO: ::1 - - [15/Jun/2026:08:24:27 +0000] "POST /api/v1/provider/services HTTP/1.1" 201 559 "http://localhost:5173/" "Mozilla/5.0 (Windows NT 10.0; Win64; x64) AppleWebKit/537.36 (KHTML, like Gecko) Code/1.124.2 Chrome/148.0.7778.97 Electron/42.2.0 Safari/537.36"
[2026-06-15 11:24:53] INFO: ::1 - - [15/Jun/2026:08:24:53 +0000] "POST /api/v1/provider/services HTTP/1.1" 201 565 "http://localhost:5173/" "Mozilla/5.0 (Windows NT 10.0; Win64; x64) AppleWebKit/537.36 (KHTML, like Gecko) Code/1.124.2 Chrome/148.0.7778.97 Electron/42.2.0 Safari/537.36"
[2026-06-15 11:25:12] INFO: ::1 - - [15/Jun/2026:08:25:12 +0000] "POST /api/v1/provider/services HTTP/1.1" 201 582 "http://localhost:5173/" "Mozilla/5.0 (Windows NT 10.0; Win64; x64) AppleWebKit/537.36 (KHTML, like Gecko) Code/1.124.2 Chrome/148.0.7778.97 Electron/42.2.0 Safari/537.36"
[2026-06-15 11:25:53] INFO: ::1 - - [15/Jun/2026:08:25:53 +0000] "POST /api/v1/provider/services HTTP/1.1" 201 556 "http://localhost:5173/" "Mozilla/5.0 (Windows NT 10.0; Win64; x64) AppleWebKit/537.36 (KHTML, like Gecko) Code/1.124.2 Chrome/148.0.7778.97 Electron/42.2.0 Safari/537.36"
[2026-06-15 11:26:34] INFO: ::1 - - [15/Jun/2026:08:26:34 +0000] "POST /api/v1/provider/services HTTP/1.1" 201 558 "http://localhost:5173/" "Mozilla/5.0 (Windows NT 10.0; Win64; x64) AppleWebKit/537.36 (KHTML, like Gecko) Code/1.124.2 Chrome/148.0.7778.97 Electron/42.2.0 Safari/537.36"
[2026-06-15 11:26:50] INFO: ::1 - - [15/Jun/2026:08:26:50 +0000] "GET /api/v1/provider/dashboard/live HTTP/1.1" 401 90 "http://localhost:5173/" "Mozilla/5.0 (Windows NT 10.0; Win64; x64) AppleWebKit/537.36 (KHTML, like Gecko) Code/1.124.2 Chrome/148.0.7778.97 Electron/42.2.0 Safari/537.36"
[2026-06-15 11:26:51] INFO: ::1 - - [15/Jun/2026:08:26:51 +0000] "GET /api/v1/provider/orders HTTP/1.1" 304 - "http://localhost:5173/" "Mozilla/5.0 (Windows NT 10.0; Win64; x64) AppleWebKit/537.36 (KHTML, like Gecko) Code/1.124.2 Chrome/148.0.7778.97 Electron/42.2.0 Safari/537.36"
[2026-06-15 11:26:51] INFO: ::1 - - [15/Jun/2026:08:26:51 +0000] "GET /api/v1/provider/discounts/tiers HTTP/1.1" 304 - "http://localhost:5173/" "Mozilla/5.0 (Windows NT 10.0; Win64; x64) AppleWebKit/537.36 (KHTML, like Gecko) Code/1.124.2 Chrome/148.0.7778.97 Electron/42.2.0 Safari/537.36"
[2026-06-15 11:26:51] INFO: ::1 - - [15/Jun/2026:08:26:51 +0000] "GET /api/v1/provider/discounts/special-entities HTTP/1.1" 304 - "http://localhost:5173/" "Mozilla/5.0 (Windows NT 10.0; Win64; x64) AppleWebKit/537.36 (KHTML, like Gecko) Code/1.124.2 Chrome/148.0.7778.97 Electron/42.2.0 Safari/537.36"
[2026-06-15 11:26:51] INFO: ::1 - - [15/Jun/2026:08:26:51 +0000] "GET /api/v1/provider/dashboard HTTP/1.1" 304 - "http://localhost:5173/" "Mozilla/5.0 (Windows NT 10.0; Win64; x64) AppleWebKit/537.36 (KHTML, like Gecko) Code/1.124.2 Chrome/148.0.7778.97 Electron/42.2.0 Safari/537.36"
[2026-06-15 11:26:51] INFO: ::1 - - [15/Jun/2026:08:26:51 +0000] "GET /api/v1/provider/services HTTP/1.1" 200 9483 "http://localhost:5173/" "Mozilla/5.0 (Windows NT 10.0; Win64; x64) AppleWebKit/537.36 (KHTML, like Gecko) Code/1.124.2 Chrome/148.0.7778.97 Electron/42.2.0 Safari/537.36"
[2026-06-15 11:26:51] INFO: ::1 - - [15/Jun/2026:08:26:51 +0000] "GET /api/v1/provider/settings HTTP/1.1" 304 - "http://localhost:5173/" "Mozilla/5.0 (Windows NT 10.0; Win64; x64) AppleWebKit/537.36 (KHTML, like Gecko) Code/1.124.2 Chrome/148.0.7778.97 Electron/42.2.0 Safari/537.36"
[2026-06-15 11:26:51] INFO: ::1 - - [15/Jun/2026:08:26:51 +0000] "GET /api/v1/provider/services/categories HTTP/1.1" 200 888 "http://localhost:5173/" "Mozilla/5.0 (Windows NT 10.0; Win64; x64) AppleWebKit/537.36 (KHTML, like Gecko) Code/1.124.2 Chrome/148.0.7778.97 Electron/42.2.0 Safari/537.36"
[2026-06-15 11:26:51] INFO: ::1 - - [15/Jun/2026:08:26:51 +0000] "GET /api/v1/provider/reviews HTTP/1.1" 304 - "http://localhost:5173/" "Mozilla/5.0 (Windows NT 10.0; Win64; x64) AppleWebKit/537.36 (KHTML, like Gecko) Code/1.124.2 Chrome/148.0.7778.97 Electron/42.2.0 Safari/537.36"
[2026-06-15 11:26:52] INFO: ::1 - - [15/Jun/2026:08:26:52 +0000] "GET /api/v1/provider/profile HTTP/1.1" 304 - "http://localhost:5173/" "Mozilla/5.0 (Windows NT 10.0; Win64; x64) AppleWebKit/537.36 (KHTML, like Gecko) Code/1.124.2 Chrome/148.0.7778.97 Electron/42.2.0 Safari/537.36"
[2026-06-15 11:26:52] INFO: ::1 - - [15/Jun/2026:08:26:52 +0000] "GET /api/v1/provider/orders HTTP/1.1" 304 - "http://localhost:5173/" "Mozilla/5.0 (Windows NT 10.0; Win64; x64) AppleWebKit/537.36 (KHTML, like Gecko) Code/1.124.2 Chrome/148.0.7778.97 Electron/42.2.0 Safari/537.36"
[2026-06-15 11:26:52] INFO: ::1 - - [15/Jun/2026:08:26:52 +0000] "GET /api/v1/provider/discounts/special-entities HTTP/1.1" 304 - "http://localhost:5173/" "Mozilla/5.0 (Windows NT 10.0; Win64; x64) AppleWebKit/537.36 (KHTML, like Gecko) Code/1.124.2 Chrome/148.0.7778.97 Electron/42.2.0 Safari/537.36"
[2026-06-15 11:26:52] INFO: ::1 - - [15/Jun/2026:08:26:52 +0000] "GET /api/v1/provider/discounts/tiers HTTP/1.1" 304 - "http://localhost:5173/" "Mozilla/5.0 (Windows NT 10.0; Win64; x64) AppleWebKit/537.36 (KHTML, like Gecko) Code/1.124.2 Chrome/148.0.7778.97 Electron/42.2.0 Safari/537.36"
[2026-06-15 11:26:52] INFO: ::1 - - [15/Jun/2026:08:26:52 +0000] "GET /api/v1/provider/settings HTTP/1.1" 304 - "http://localhost:5173/" "Mozilla/5.0 (Windows NT 10.0; Win64; x64) AppleWebKit/537.36 (KHTML, like Gecko) Code/1.124.2 Chrome/148.0.7778.97 Electron/42.2.0 Safari/537.36"
[2026-06-15 11:26:53] INFO: ::1 - - [15/Jun/2026:08:26:53 +0000] "GET /api/v1/provider/dashboard HTTP/1.1" 304 - "http://localhost:5173/" "Mozilla/5.0 (Windows NT 10.0; Win64; x64) AppleWebKit/537.36 (KHTML, like Gecko) Code/1.124.2 Chrome/148.0.7778.97 Electron/42.2.0 Safari/537.36"
[2026-06-15 11:26:53] INFO: ::1 - - [15/Jun/2026:08:26:53 +0000] "GET /api/v1/provider/reviews HTTP/1.1" 304 - "http://localhost:5173/" "Mozilla/5.0 (Windows NT 10.0; Win64; x64) AppleWebKit/537.36 (KHTML, like Gecko) Code/1.124.2 Chrome/148.0.7778.97 Electron/42.2.0 Safari/537.36"
[2026-06-15 11:26:53] INFO: ::1 - - [15/Jun/2026:08:26:53 +0000] "GET /api/v1/provider/services HTTP/1.1" 304 - "http://localhost:5173/" "Mozilla/5.0 (Windows NT 10.0; Win64; x64) AppleWebKit/537.36 (KHTML, like Gecko) Code/1.124.2 Chrome/148.0.7778.97 Electron/42.2.0 Safari/537.36"
[2026-06-15 11:26:53] INFO: ::1 - - [15/Jun/2026:08:26:53 +0000] "GET /api/v1/provider/profile HTTP/1.1" 304 - "http://localhost:5173/" "Mozilla/5.0 (Windows NT 10.0; Win64; x64) AppleWebKit/537.36 (KHTML, like Gecko) Code/1.124.2 Chrome/148.0.7778.97 Electron/42.2.0 Safari/537.36"
[2026-06-15 11:26:54] INFO: ::1 - - [15/Jun/2026:08:26:54 +0000] "GET /api/v1/provider/services/categories HTTP/1.1" 304 - "http://localhost:5173/" "Mozilla/5.0 (Windows NT 10.0; Win64; x64) AppleWebKit/537.36 (KHTML, like Gecko) Code/1.124.2 Chrome/148.0.7778.97 Electron/42.2.0 Safari/537.36"
[2026-06-15 11:27:21] INFO: ::1 - - [15/Jun/2026:08:27:21 +0000] "POST /api/v1/provider/services HTTP/1.1" 201 571 "http://localhost:5173/" "Mozilla/5.0 (Windows NT 10.0; Win64; x64) AppleWebKit/537.36 (KHTML, like Gecko) Code/1.124.2 Chrome/148.0.7778.97 Electron/42.2.0 Safari/537.36"
[2026-06-15 11:27:45] INFO: ::1 - - [15/Jun/2026:08:27:45 +0000] "POST /api/v1/provider/services HTTP/1.1" 201 579 "http://localhost:5173/" "Mozilla/5.0 (Windows NT 10.0; Win64; x64) AppleWebKit/537.36 (KHTML, like Gecko) Code/1.124.2 Chrome/148.0.7778.97 Electron/42.2.0 Safari/537.36"
[2026-06-15 11:28:12] INFO: ::1 - - [15/Jun/2026:08:28:12 +0000] "POST /api/v1/provider/services HTTP/1.1" 201 568 "http://localhost:5173/" "Mozilla/5.0 (Windows NT 10.0; Win64; x64) AppleWebKit/537.36 (KHTML, like Gecko) Code/1.124.2 Chrome/148.0.7778.97 Electron/42.2.0 Safari/537.36"
[2026-06-15 11:28:50] INFO: ::1 - - [15/Jun/2026:08:28:50 +0000] "POST /api/v1/provider/services HTTP/1.1" 201 568 "http://localhost:5173/" "Mozilla/5.0 (Windows NT 10.0; Win64; x64) AppleWebKit/537.36 (KHTML, like Gecko) Code/1.124.2 Chrome/148.0.7778.97 Electron/42.2.0 Safari/537.36"
[2026-06-15 11:29:08] INFO: ::1 - - [15/Jun/2026:08:29:08 +0000] "POST /api/v1/provider/services HTTP/1.1" 201 579 "http://localhost:5173/" "Mozilla/5.0 (Windows NT 10.0; Win64; x64) AppleWebKit/537.36 (KHTML, like Gecko) Code/1.124.2 Chrome/148.0.7778.97 Electron/42.2.0 Safari/537.36"
[2026-06-15 11:29:29] INFO: ::1 - - [15/Jun/2026:08:29:29 +0000] "POST /api/v1/provider/services HTTP/1.1" 201 579 "http://localhost:5173/" "Mozilla/5.0 (Windows NT 10.0; Win64; x64) AppleWebKit/537.36 (KHTML, like Gecko) Code/1.124.2 Chrome/148.0.7778.97 Electron/42.2.0 Safari/537.36"
[2026-06-15 11:30:14] INFO: ::1 - - [15/Jun/2026:08:30:14 +0000] "DELETE /api/v1/provider/services/categories/6a2d84271f50dc96b1bba6dc HTTP/1.1" 403 72 "http://localhost:5173/" "Mozilla/5.0 (Windows NT 10.0; Win64; x64) AppleWebKit/537.36 (KHTML, like Gecko) Code/1.124.2 Chrome/148.0.7778.97 Electron/42.2.0 Safari/537.36"
[2026-06-15 11:30:26] INFO: ::1 - - [15/Jun/2026:08:30:26 +0000] "POST /api/v1/provider/services/categories HTTP/1.1" 201 376 "http://localhost:5173/" "Mozilla/5.0 (Windows NT 10.0; Win64; x64) AppleWebKit/537.36 (KHTML, like Gecko) Code/1.124.2 Chrome/148.0.7778.97 Electron/42.2.0 Safari/537.36"
[2026-06-15 11:30:49] INFO: ::1 - - [15/Jun/2026:08:30:49 +0000] "POST /api/v1/provider/services HTTP/1.1" 201 589 "http://localhost:5173/" "Mozilla/5.0 (Windows NT 10.0; Win64; x64) AppleWebKit/537.36 (KHTML, like Gecko) Code/1.124.2 Chrome/148.0.7778.97 Electron/42.2.0 Safari/537.36"
[2026-06-15 11:31:02] INFO: ::1 - - [15/Jun/2026:08:31:02 +0000] "DELETE /api/v1/provider/services/categories/6a2d84271f50dc96b1bba6e0 HTTP/1.1" 403 72 "http://localhost:5173/" "Mozilla/5.0 (Windows NT 10.0; Win64; x64) AppleWebKit/537.36 (KHTML, like Gecko) Code/1.124.2 Chrome/148.0.7778.97 Electron/42.2.0 Safari/537.36"
[2026-06-15 11:31:37] INFO: ::1 - - [15/Jun/2026:08:31:37 +0000] "POST /api/v1/provider/services HTTP/1.1" 201 578 "http://localhost:5173/" "Mozilla/5.0 (Windows NT 10.0; Win64; x64) AppleWebKit/537.36 (KHTML, like Gecko) Code/1.124.2 Chrome/148.0.7778.97 Electron/42.2.0 Safari/537.36"
[2026-06-15 11:32:46] INFO: ::1 - - [15/Jun/2026:08:32:46 +0000] "GET /api/v1/provider/dashboard/live HTTP/1.1" 401 90 "http://localhost:5173/" "Mozilla/5.0 (Windows NT 10.0; Win64; x64) AppleWebKit/537.36 (KHTML, like Gecko) Code/1.124.2 Chrome/148.0.7778.97 Electron/42.2.0 Safari/537.36"
[2026-06-15 11:32:46] INFO: ::1 - - [15/Jun/2026:08:32:46 +0000] "GET /api/v1/provider/orders HTTP/1.1" 304 - "http://localhost:5173/" "Mozilla/5.0 (Windows NT 10.0; Win64; x64) AppleWebKit/537.36 (KHTML, like Gecko) Code/1.124.2 Chrome/148.0.7778.97 Electron/42.2.0 Safari/537.36"
[2026-06-15 11:32:46] INFO: ::1 - - [15/Jun/2026:08:32:46 +0000] "GET /api/v1/provider/discounts/special-entities HTTP/1.1" 304 - "http://localhost:5173/" "Mozilla/5.0 (Windows NT 10.0; Win64; x64) AppleWebKit/537.36 (KHTML, like Gecko) Code/1.124.2 Chrome/148.0.7778.97 Electron/42.2.0 Safari/537.36"
[2026-06-15 11:32:46] INFO: ::1 - - [15/Jun/2026:08:32:46 +0000] "GET /api/v1/provider/discounts/tiers HTTP/1.1" 304 - "http://localhost:5173/" "Mozilla/5.0 (Windows NT 10.0; Win64; x64) AppleWebKit/537.36 (KHTML, like Gecko) Code/1.124.2 Chrome/148.0.7778.97 Electron/42.2.0 Safari/537.36"
[2026-06-15 11:32:47] INFO: ::1 - - [15/Jun/2026:08:32:47 +0000] "GET /api/v1/provider/services/categories HTTP/1.1" 200 1001 "http://localhost:5173/" "Mozilla/5.0 (Windows NT 10.0; Win64; x64) AppleWebKit/537.36 (KHTML, like Gecko) Code/1.124.2 Chrome/148.0.7778.97 Electron/42.2.0 Safari/537.36"
[2026-06-15 11:32:47] INFO: ::1 - - [15/Jun/2026:08:32:47 +0000] "GET /api/v1/provider/settings HTTP/1.1" 304 - "http://localhost:5173/" "Mozilla/5.0 (Windows NT 10.0; Win64; x64) AppleWebKit/537.36 (KHTML, like Gecko) Code/1.124.2 Chrome/148.0.7778.97 Electron/42.2.0 Safari/537.36"
[2026-06-15 11:32:47] INFO: ::1 - - [15/Jun/2026:08:32:47 +0000] "GET /api/v1/provider/services HTTP/1.1" 200 13479 "http://localhost:5173/" "Mozilla/5.0 (Windows NT 10.0; Win64; x64) AppleWebKit/537.36 (KHTML, like Gecko) Code/1.124.2 Chrome/148.0.7778.97 Electron/42.2.0 Safari/537.36"
[2026-06-15 11:32:47] INFO: ::1 - - [15/Jun/2026:08:32:47 +0000] "GET /api/v1/provider/dashboard HTTP/1.1" 304 - "http://localhost:5173/" "Mozilla/5.0 (Windows NT 10.0; Win64; x64) AppleWebKit/537.36 (KHTML, like Gecko) Code/1.124.2 Chrome/148.0.7778.97 Electron/42.2.0 Safari/537.36"
[2026-06-15 11:32:47] INFO: ::1 - - [15/Jun/2026:08:32:47 +0000] "GET /api/v1/provider/reviews HTTP/1.1" 304 - "http://localhost:5173/" "Mozilla/5.0 (Windows NT 10.0; Win64; x64) AppleWebKit/537.36 (KHTML, like Gecko) Code/1.124.2 Chrome/148.0.7778.97 Electron/42.2.0 Safari/537.36"
[2026-06-15 11:32:48] INFO: ::1 - - [15/Jun/2026:08:32:48 +0000] "GET /api/v1/provider/profile HTTP/1.1" 304 - "http://localhost:5173/" "Mozilla/5.0 (Windows NT 10.0; Win64; x64) AppleWebKit/537.36 (KHTML, like Gecko) Code/1.124.2 Chrome/148.0.7778.97 Electron/42.2.0 Safari/537.36"
[2026-06-15 11:32:48] INFO: ::1 - - [15/Jun/2026:08:32:48 +0000] "GET /api/v1/provider/orders HTTP/1.1" 304 - "http://localhost:5173/" "Mozilla/5.0 (Windows NT 10.0; Win64; x64) AppleWebKit/537.36 (KHTML, like Gecko) Code/1.124.2 Chrome/148.0.7778.97 Electron/42.2.0 Safari/537.36"
[2026-06-15 11:32:48] INFO: ::1 - - [15/Jun/2026:08:32:48 +0000] "GET /api/v1/provider/discounts/special-entities HTTP/1.1" 304 - "http://localhost:5173/" "Mozilla/5.0 (Windows NT 10.0; Win64; x64) AppleWebKit/537.36 (KHTML, like Gecko) Code/1.124.2 Chrome/148.0.7778.97 Electron/42.2.0 Safari/537.36"
[2026-06-15 11:32:48] INFO: ::1 - - [15/Jun/2026:08:32:48 +0000] "GET /api/v1/provider/settings HTTP/1.1" 304 - "http://localhost:5173/" "Mozilla/5.0 (Windows NT 10.0; Win64; x64) AppleWebKit/537.36 (KHTML, like Gecko) Code/1.124.2 Chrome/148.0.7778.97 Electron/42.2.0 Safari/537.36"
[2026-06-15 11:32:48] INFO: ::1 - - [15/Jun/2026:08:32:48 +0000] "GET /api/v1/provider/discounts/tiers HTTP/1.1" 304 - "http://localhost:5173/" "Mozilla/5.0 (Windows NT 10.0; Win64; x64) AppleWebKit/537.36 (KHTML, like Gecko) Code/1.124.2 Chrome/148.0.7778.97 Electron/42.2.0 Safari/537.36"
[2026-06-15 11:32:49] INFO: ::1 - - [15/Jun/2026:08:32:49 +0000] "GET /api/v1/provider/services/categories HTTP/1.1" 304 - "http://localhost:5173/" "Mozilla/5.0 (Windows NT 10.0; Win64; x64) AppleWebKit/537.36 (KHTML, like Gecko) Code/1.124.2 Chrome/148.0.7778.97 Electron/42.2.0 Safari/537.36"
[2026-06-15 11:32:49] INFO: ::1 - - [15/Jun/2026:08:32:49 +0000] "GET /api/v1/provider/reviews HTTP/1.1" 304 - "http://localhost:5173/" "Mozilla/5.0 (Windows NT 10.0; Win64; x64) AppleWebKit/537.36 (KHTML, like Gecko) Code/1.124.2 Chrome/148.0.7778.97 Electron/42.2.0 Safari/537.36"
[2026-06-15 11:32:49] INFO: ::1 - - [15/Jun/2026:08:32:49 +0000] "GET /api/v1/provider/services HTTP/1.1" 304 - "http://localhost:5173/" "Mozilla/5.0 (Windows NT 10.0; Win64; x64) AppleWebKit/537.36 (KHTML, like Gecko) Code/1.124.2 Chrome/148.0.7778.97 Electron/42.2.0 Safari/537.36"
[2026-06-15 11:32:49] INFO: ::1 - - [15/Jun/2026:08:32:49 +0000] "GET /api/v1/provider/profile HTTP/1.1" 304 - "http://localhost:5173/" "Mozilla/5.0 (Windows NT 10.0; Win64; x64) AppleWebKit/537.36 (KHTML, like Gecko) Code/1.124.2 Chrome/148.0.7778.97 Electron/42.2.0 Safari/537.36"
[2026-06-15 11:32:49] INFO: ::1 - - [15/Jun/2026:08:32:49 +0000] "GET /api/v1/provider/dashboard HTTP/1.1" 304 - "http://localhost:5173/" "Mozilla/5.0 (Windows NT 10.0; Win64; x64) AppleWebKit/537.36 (KHTML, like Gecko) Code/1.124.2 Chrome/148.0.7778.97 Electron/42.2.0 Safari/537.36"
[2026-06-15 11:59:03] INFO: ::1 - - [15/Jun/2026:08:59:03 +0000] "GET /api/v1/provider/dashboard/live HTTP/1.1" 401 90 "http://localhost:5173/" "Mozilla/5.0 (Windows NT 10.0; Win64; x64) AppleWebKit/537.36 (KHTML, like Gecko) Code/1.124.2 Chrome/148.0.7778.97 Electron/42.2.0 Safari/537.36"
[2026-06-15 11:59:04] INFO: ::1 - - [15/Jun/2026:08:59:04 +0000] "GET /api/v1/provider/orders HTTP/1.1" 304 - "http://localhost:5173/" "Mozilla/5.0 (Windows NT 10.0; Win64; x64) AppleWebKit/537.36 (KHTML, like Gecko) Code/1.124.2 Chrome/148.0.7778.97 Electron/42.2.0 Safari/537.36"
[2026-06-15 11:59:04] INFO: ::1 - - [15/Jun/2026:08:59:04 +0000] "GET /api/v1/provider/reviews HTTP/1.1" 304 - "http://localhost:5173/" "Mozilla/5.0 (Windows NT 10.0; Win64; x64) AppleWebKit/537.36 (KHTML, like Gecko) Code/1.124.2 Chrome/148.0.7778.97 Electron/42.2.0 Safari/537.36"
[2026-06-15 11:59:04] INFO: ::1 - - [15/Jun/2026:08:59:04 +0000] "GET /api/v1/provider/discounts/special-entities HTTP/1.1" 304 - "http://localhost:5173/" "Mozilla/5.0 (Windows NT 10.0; Win64; x64) AppleWebKit/537.36 (KHTML, like Gecko) Code/1.124.2 Chrome/148.0.7778.97 Electron/42.2.0 Safari/537.36"
[2026-06-15 11:59:04] INFO: ::1 - - [15/Jun/2026:08:59:04 +0000] "GET /api/v1/provider/discounts/tiers HTTP/1.1" 304 - "http://localhost:5173/" "Mozilla/5.0 (Windows NT 10.0; Win64; x64) AppleWebKit/537.36 (KHTML, like Gecko) Code/1.124.2 Chrome/148.0.7778.97 Electron/42.2.0 Safari/537.36"
[2026-06-15 11:59:04] INFO: ::1 - - [15/Jun/2026:08:59:04 +0000] "GET /api/v1/provider/services/categories HTTP/1.1" 304 - "http://localhost:5173/" "Mozilla/5.0 (Windows NT 10.0; Win64; x64) AppleWebKit/537.36 (KHTML, like Gecko) Code/1.124.2 Chrome/148.0.7778.97 Electron/42.2.0 Safari/537.36"
[2026-06-15 11:59:04] INFO: ::1 - - [15/Jun/2026:08:59:04 +0000] "GET /api/v1/provider/dashboard HTTP/1.1" 304 - "http://localhost:5173/" "Mozilla/5.0 (Windows NT 10.0; Win64; x64) AppleWebKit/537.36 (KHTML, like Gecko) Code/1.124.2 Chrome/148.0.7778.97 Electron/42.2.0 Safari/537.36"
[2026-06-15 11:59:04] INFO: ::1 - - [15/Jun/2026:08:59:04 +0000] "GET /api/v1/provider/settings HTTP/1.1" 304 - "http://localhost:5173/" "Mozilla/5.0 (Windows NT 10.0; Win64; x64) AppleWebKit/537.36 (KHTML, like Gecko) Code/1.124.2 Chrome/148.0.7778.97 Electron/42.2.0 Safari/537.36"
[2026-06-15 11:59:05] INFO: ::1 - - [15/Jun/2026:08:59:05 +0000] "GET /api/v1/provider/orders HTTP/1.1" 304 - "http://localhost:5173/" "Mozilla/5.0 (Windows NT 10.0; Win64; x64) AppleWebKit/537.36 (KHTML, like Gecko) Code/1.124.2 Chrome/148.0.7778.97 Electron/42.2.0 Safari/537.36"
[2026-06-15 11:59:05] INFO: ::1 - - [15/Jun/2026:08:59:05 +0000] "GET /api/v1/provider/profile HTTP/1.1" 304 - "http://localhost:5173/" "Mozilla/5.0 (Windows NT 10.0; Win64; x64) AppleWebKit/537.36 (KHTML, like Gecko) Code/1.124.2 Chrome/148.0.7778.97 Electron/42.2.0 Safari/537.36"
[2026-06-15 11:59:05] INFO: ::1 - - [15/Jun/2026:08:59:05 +0000] "GET /api/v1/provider/reviews HTTP/1.1" 304 - "http://localhost:5173/" "Mozilla/5.0 (Windows NT 10.0; Win64; x64) AppleWebKit/537.36 (KHTML, like Gecko) Code/1.124.2 Chrome/148.0.7778.97 Electron/42.2.0 Safari/537.36"
[2026-06-15 11:59:05] INFO: ::1 - - [15/Jun/2026:08:59:05 +0000] "GET /api/v1/provider/services HTTP/1.1" 304 - "http://localhost:5173/" "Mozilla/5.0 (Windows NT 10.0; Win64; x64) AppleWebKit/537.36 (KHTML, like Gecko) Code/1.124.2 Chrome/148.0.7778.97 Electron/42.2.0 Safari/537.36"
[2026-06-15 11:59:05] INFO: ::1 - - [15/Jun/2026:08:59:05 +0000] "GET /api/v1/provider/discounts/special-entities HTTP/1.1" 304 - "http://localhost:5173/" "Mozilla/5.0 (Windows NT 10.0; Win64; x64) AppleWebKit/537.36 (KHTML, like Gecko) Code/1.124.2 Chrome/148.0.7778.97 Electron/42.2.0 Safari/537.36"
[2026-06-15 11:59:05] INFO: ::1 - - [15/Jun/2026:08:59:05 +0000] "GET /api/v1/provider/discounts/tiers HTTP/1.1" 304 - "http://localhost:5173/" "Mozilla/5.0 (Windows NT 10.0; Win64; x64) AppleWebKit/537.36 (KHTML, like Gecko) Code/1.124.2 Chrome/148.0.7778.97 Electron/42.2.0 Safari/537.36"
[2026-06-15 11:59:06] INFO: ::1 - - [15/Jun/2026:08:59:06 +0000] "GET /api/v1/provider/settings HTTP/1.1" 304 - "http://localhost:5173/" "Mozilla/5.0 (Windows NT 10.0; Win64; x64) AppleWebKit/537.36 (KHTML, like Gecko) Code/1.124.2 Chrome/148.0.7778.97 Electron/42.2.0 Safari/537.36"
[2026-06-15 11:59:06] INFO: ::1 - - [15/Jun/2026:08:59:06 +0000] "GET /api/v1/provider/services/categories HTTP/1.1" 304 - "http://localhost:5173/" "Mozilla/5.0 (Windows NT 10.0; Win64; x64) AppleWebKit/537.36 (KHTML, like Gecko) Code/1.124.2 Chrome/148.0.7778.97 Electron/42.2.0 Safari/537.36"
[2026-06-15 11:59:06] INFO: ::1 - - [15/Jun/2026:08:59:06 +0000] "GET /api/v1/provider/dashboard HTTP/1.1" 304 - "http://localhost:5173/" "Mozilla/5.0 (Windows NT 10.0; Win64; x64) AppleWebKit/537.36 (KHTML, like Gecko) Code/1.124.2 Chrome/148.0.7778.97 Electron/42.2.0 Safari/537.36"
[2026-06-15 11:59:06] INFO: ::1 - - [15/Jun/2026:08:59:06 +0000] "GET /api/v1/provider/profile HTTP/1.1" 304 - "http://localhost:5173/" "Mozilla/5.0 (Windows NT 10.0; Win64; x64) AppleWebKit/537.36 (KHTML, like Gecko) Code/1.124.2 Chrome/148.0.7778.97 Electron/42.2.0 Safari/537.36"
[2026-06-15 11:59:07] INFO: ::1 - - [15/Jun/2026:08:59:07 +0000] "GET /api/v1/provider/services HTTP/1.1" 304 - "http://localhost:5173/" "Mozilla/5.0 (Windows NT 10.0; Win64; x64) AppleWebKit/537.36 (KHTML, like Gecko) Code/1.124.2 Chrome/148.0.7778.97 Electron/42.2.0 Safari/537.36"
[2026-06-15 11:59:48] INFO: ::1 - - [15/Jun/2026:08:59:48 +0000] "GET /api/v1/provider/services/categories HTTP/1.1" 401 90 "-" "PostmanRuntime/7.54.0"
[2026-06-15 11:59:53] INFO: ::1 - - [15/Jun/2026:08:59:53 +0000] "GET /api/v1/provider/services/categories HTTP/1.1" 401 90 "-" "PostmanRuntime/7.54.0"
[2026-06-15 11:59:57] INFO: ::1 - - [15/Jun/2026:08:59:57 +0000] "GET /api/v1/provider/services HTTP/1.1" 401 90 "-" "PostmanRuntime/7.54.0"
[2026-06-15 12:00:22] INFO: ::1 - - [15/Jun/2026:09:00:22 +0000] "GET /api/v1/provider/orders/ HTTP/1.1" 401 90 "-" "PostmanRuntime/7.54.0"
[2026-06-15 12:00:29] INFO: ::1 - - [15/Jun/2026:09:00:29 +0000] "POST /api/v1/provider/orders/a10000000000000000000003/accept HTTP/1.1" 401 90 "-" "PostmanRuntime/7.54.0"
[2026-06-15 12:00:54] INFO: ::1 - - [15/Jun/2026:09:00:54 +0000] "GET /api/v1/provider/dashboard/live HTTP/1.1" 401 90 "http://localhost:5173/" "Mozilla/5.0 (Windows NT 10.0; Win64; x64) AppleWebKit/537.36 (KHTML, like Gecko) Code/1.124.2 Chrome/148.0.7778.97 Electron/42.2.0 Safari/537.36"
[2026-06-15 12:00:55] INFO: ::1 - - [15/Jun/2026:09:00:55 +0000] "GET /api/v1/provider/orders HTTP/1.1" 304 - "http://localhost:5173/" "Mozilla/5.0 (Windows NT 10.0; Win64; x64) AppleWebKit/537.36 (KHTML, like Gecko) Code/1.124.2 Chrome/148.0.7778.97 Electron/42.2.0 Safari/537.36"
[2026-06-15 12:00:55] INFO: ::1 - - [15/Jun/2026:09:00:55 +0000] "GET /api/v1/provider/discounts/special-entities HTTP/1.1" 304 - "http://localhost:5173/" "Mozilla/5.0 (Windows NT 10.0; Win64; x64) AppleWebKit/537.36 (KHTML, like Gecko) Code/1.124.2 Chrome/148.0.7778.97 Electron/42.2.0 Safari/537.36"
[2026-06-15 12:00:55] INFO: ::1 - - [15/Jun/2026:09:00:55 +0000] "GET /api/v1/provider/reviews HTTP/1.1" 304 - "http://localhost:5173/" "Mozilla/5.0 (Windows NT 10.0; Win64; x64) AppleWebKit/537.36 (KHTML, like Gecko) Code/1.124.2 Chrome/148.0.7778.97 Electron/42.2.0 Safari/537.36"
[2026-06-15 12:00:55] INFO: ::1 - - [15/Jun/2026:09:00:55 +0000] "GET /api/v1/provider/discounts/tiers HTTP/1.1" 304 - "http://localhost:5173/" "Mozilla/5.0 (Windows NT 10.0; Win64; x64) AppleWebKit/537.36 (KHTML, like Gecko) Code/1.124.2 Chrome/148.0.7778.97 Electron/42.2.0 Safari/537.36"
[2026-06-15 12:00:55] INFO: ::1 - - [15/Jun/2026:09:00:55 +0000] "GET /api/v1/provider/services/categories HTTP/1.1" 304 - "http://localhost:5173/" "Mozilla/5.0 (Windows NT 10.0; Win64; x64) AppleWebKit/537.36 (KHTML, like Gecko) Code/1.124.2 Chrome/148.0.7778.97 Electron/42.2.0 Safari/537.36"
[2026-06-15 12:00:55] INFO: ::1 - - [15/Jun/2026:09:00:55 +0000] "GET /api/v1/provider/settings HTTP/1.1" 304 - "http://localhost:5173/" "Mozilla/5.0 (Windows NT 10.0; Win64; x64) AppleWebKit/537.36 (KHTML, like Gecko) Code/1.124.2 Chrome/148.0.7778.97 Electron/42.2.0 Safari/537.36"
[2026-06-15 12:00:56] INFO: ::1 - - [15/Jun/2026:09:00:56 +0000] "GET /api/v1/provider/orders HTTP/1.1" 304 - "http://localhost:5173/" "Mozilla/5.0 (Windows NT 10.0; Win64; x64) AppleWebKit/537.36 (KHTML, like Gecko) Code/1.124.2 Chrome/148.0.7778.97 Electron/42.2.0 Safari/537.36"
[2026-06-15 12:00:56] INFO: ::1 - - [15/Jun/2026:09:00:56 +0000] "GET /api/v1/provider/dashboard HTTP/1.1" 304 - "http://localhost:5173/" "Mozilla/5.0 (Windows NT 10.0; Win64; x64) AppleWebKit/537.36 (KHTML, like Gecko) Code/1.124.2 Chrome/148.0.7778.97 Electron/42.2.0 Safari/537.36"
[2026-06-15 12:00:56] INFO: ::1 - - [15/Jun/2026:09:00:56 +0000] "GET /api/v1/provider/profile HTTP/1.1" 304 - "http://localhost:5173/" "Mozilla/5.0 (Windows NT 10.0; Win64; x64) AppleWebKit/537.36 (KHTML, like Gecko) Code/1.124.2 Chrome/148.0.7778.97 Electron/42.2.0 Safari/537.36"
[2026-06-15 12:00:56] INFO: ::1 - - [15/Jun/2026:09:00:56 +0000] "GET /api/v1/provider/services HTTP/1.1" 304 - "http://localhost:5173/" "Mozilla/5.0 (Windows NT 10.0; Win64; x64) AppleWebKit/537.36 (KHTML, like Gecko) Code/1.124.2 Chrome/148.0.7778.97 Electron/42.2.0 Safari/537.36"
[2026-06-15 12:00:56] INFO: ::1 - - [15/Jun/2026:09:00:56 +0000] "GET /api/v1/provider/discounts/special-entities HTTP/1.1" 304 - "http://localhost:5173/" "Mozilla/5.0 (Windows NT 10.0; Win64; x64) AppleWebKit/537.36 (KHTML, like Gecko) Code/1.124.2 Chrome/148.0.7778.97 Electron/42.2.0 Safari/537.36"
[2026-06-15 12:00:56] INFO: ::1 - - [15/Jun/2026:09:00:56 +0000] "GET /api/v1/provider/reviews HTTP/1.1" 304 - "http://localhost:5173/" "Mozilla/5.0 (Windows NT 10.0; Win64; x64) AppleWebKit/537.36 (KHTML, like Gecko) Code/1.124.2 Chrome/148.0.7778.97 Electron/42.2.0 Safari/537.36"
[2026-06-15 12:00:57] INFO: ::1 - - [15/Jun/2026:09:00:57 +0000] "GET /api/v1/provider/settings HTTP/1.1" 304 - "http://localhost:5173/" "Mozilla/5.0 (Windows NT 10.0; Win64; x64) AppleWebKit/537.36 (KHTML, like Gecko) Code/1.124.2 Chrome/148.0.7778.97 Electron/42.2.0 Safari/537.36"
[2026-06-15 12:00:57] INFO: ::1 - - [15/Jun/2026:09:00:57 +0000] "GET /api/v1/provider/discounts/tiers HTTP/1.1" 304 - "http://localhost:5173/" "Mozilla/5.0 (Windows NT 10.0; Win64; x64) AppleWebKit/537.36 (KHTML, like Gecko) Code/1.124.2 Chrome/148.0.7778.97 Electron/42.2.0 Safari/537.36"
[2026-06-15 12:00:57] INFO: ::1 - - [15/Jun/2026:09:00:57 +0000] "GET /api/v1/provider/services/categories HTTP/1.1" 304 - "http://localhost:5173/" "Mozilla/5.0 (Windows NT 10.0; Win64; x64) AppleWebKit/537.36 (KHTML, like Gecko) Code/1.124.2 Chrome/148.0.7778.97 Electron/42.2.0 Safari/537.36"
[2026-06-15 12:00:57] INFO: ::1 - - [15/Jun/2026:09:00:57 +0000] "GET /api/v1/provider/profile HTTP/1.1" 304 - "http://localhost:5173/" "Mozilla/5.0 (Windows NT 10.0; Win64; x64) AppleWebKit/537.36 (KHTML, like Gecko) Code/1.124.2 Chrome/148.0.7778.97 Electron/42.2.0 Safari/537.36"
[2026-06-15 12:00:58] INFO: ::1 - - [15/Jun/2026:09:00:58 +0000] "GET /api/v1/provider/dashboard HTTP/1.1" 304 - "http://localhost:5173/" "Mozilla/5.0 (Windows NT 10.0; Win64; x64) AppleWebKit/537.36 (KHTML, like Gecko) Code/1.124.2 Chrome/148.0.7778.97 Electron/42.2.0 Safari/537.36"
[2026-06-15 12:00:58] INFO: ::1 - - [15/Jun/2026:09:00:58 +0000] "GET /api/v1/provider/services HTTP/1.1" 304 - "http://localhost:5173/" "Mozilla/5.0 (Windows NT 10.0; Win64; x64) AppleWebKit/537.36 (KHTML, like Gecko) Code/1.124.2 Chrome/148.0.7778.97 Electron/42.2.0 Safari/537.36"
[2026-06-15 12:01:00] INFO: ::1 - - [15/Jun/2026:09:01:00 +0000] "GET /api/v1/provider/dashboard/live HTTP/1.1" 401 90 "http://localhost:5173/" "Mozilla/5.0 (Windows NT 10.0; Win64; x64) AppleWebKit/537.36 (KHTML, like Gecko) Code/1.124.2 Chrome/148.0.7778.97 Electron/42.2.0 Safari/537.36"
[2026-06-15 12:01:01] INFO: ::1 - - [15/Jun/2026:09:01:01 +0000] "GET /api/v1/provider/discounts/tiers HTTP/1.1" 304 - "http://localhost:5173/" "Mozilla/5.0 (Windows NT 10.0; Win64; x64) AppleWebKit/537.36 (KHTML, like Gecko) Code/1.124.2 Chrome/148.0.7778.97 Electron/42.2.0 Safari/537.36"
[2026-06-15 12:01:01] INFO: ::1 - - [15/Jun/2026:09:01:01 +0000] "GET /api/v1/provider/discounts/special-entities HTTP/1.1" 304 - "http://localhost:5173/" "Mozilla/5.0 (Windows NT 10.0; Win64; x64) AppleWebKit/537.36 (KHTML, like Gecko) Code/1.124.2 Chrome/148.0.7778.97 Electron/42.2.0 Safari/537.36"
[2026-06-15 12:01:01] INFO: ::1 - - [15/Jun/2026:09:01:01 +0000] "GET /api/v1/provider/orders HTTP/1.1" 304 - "http://localhost:5173/" "Mozilla/5.0 (Windows NT 10.0; Win64; x64) AppleWebKit/537.36 (KHTML, like Gecko) Code/1.124.2 Chrome/148.0.7778.97 Electron/42.2.0 Safari/537.36"
[2026-06-15 12:01:01] INFO: ::1 - - [15/Jun/2026:09:01:01 +0000] "GET /api/v1/provider/dashboard HTTP/1.1" 304 - "http://localhost:5173/" "Mozilla/5.0 (Windows NT 10.0; Win64; x64) AppleWebKit/537.36 (KHTML, like Gecko) Code/1.124.2 Chrome/148.0.7778.97 Electron/42.2.0 Safari/537.36"
[2026-06-15 12:01:01] INFO: ::1 - - [15/Jun/2026:09:01:01 +0000] "GET /api/v1/provider/services HTTP/1.1" 304 - "http://localhost:5173/" "Mozilla/5.0 (Windows NT 10.0; Win64; x64) AppleWebKit/537.36 (KHTML, like Gecko) Code/1.124.2 Chrome/148.0.7778.97 Electron/42.2.0 Safari/537.36"
[2026-06-15 12:01:01] INFO: ::1 - - [15/Jun/2026:09:01:01 +0000] "GET /api/v1/provider/settings HTTP/1.1" 304 - "http://localhost:5173/" "Mozilla/5.0 (Windows NT 10.0; Win64; x64) AppleWebKit/537.36 (KHTML, like Gecko) Code/1.124.2 Chrome/148.0.7778.97 Electron/42.2.0 Safari/537.36"
[2026-06-15 12:01:01] INFO: ::1 - - [15/Jun/2026:09:01:01 +0000] "GET /api/v1/provider/services/categories HTTP/1.1" 304 - "http://localhost:5173/" "Mozilla/5.0 (Windows NT 10.0; Win64; x64) AppleWebKit/537.36 (KHTML, like Gecko) Code/1.124.2 Chrome/148.0.7778.97 Electron/42.2.0 Safari/537.36"
[2026-06-15 12:01:01] INFO: ::1 - - [15/Jun/2026:09:01:01 +0000] "GET /api/v1/provider/reviews HTTP/1.1" 304 - "http://localhost:5173/" "Mozilla/5.0 (Windows NT 10.0; Win64; x64) AppleWebKit/537.36 (KHTML, like Gecko) Code/1.124.2 Chrome/148.0.7778.97 Electron/42.2.0 Safari/537.36"
[2026-06-15 12:01:02] INFO: ::1 - - [15/Jun/2026:09:01:02 +0000] "GET /api/v1/provider/profile HTTP/1.1" 304 - "http://localhost:5173/" "Mozilla/5.0 (Windows NT 10.0; Win64; x64) AppleWebKit/537.36 (KHTML, like Gecko) Code/1.124.2 Chrome/148.0.7778.97 Electron/42.2.0 Safari/537.36"
[2026-06-15 12:01:02] INFO: ::1 - - [15/Jun/2026:09:01:02 +0000] "GET /api/v1/provider/discounts/tiers HTTP/1.1" 304 - "http://localhost:5173/" "Mozilla/5.0 (Windows NT 10.0; Win64; x64) AppleWebKit/537.36 (KHTML, like Gecko) Code/1.124.2 Chrome/148.0.7778.97 Electron/42.2.0 Safari/537.36"
[2026-06-15 12:01:02] INFO: ::1 - - [15/Jun/2026:09:01:02 +0000] "GET /api/v1/provider/discounts/special-entities HTTP/1.1" 304 - "http://localhost:5173/" "Mozilla/5.0 (Windows NT 10.0; Win64; x64) AppleWebKit/537.36 (KHTML, like Gecko) Code/1.124.2 Chrome/148.0.7778.97 Electron/42.2.0 Safari/537.36"
[2026-06-15 12:01:02] INFO: ::1 - - [15/Jun/2026:09:01:02 +0000] "GET /api/v1/provider/orders HTTP/1.1" 304 - "http://localhost:5173/" "Mozilla/5.0 (Windows NT 10.0; Win64; x64) AppleWebKit/537.36 (KHTML, like Gecko) Code/1.124.2 Chrome/148.0.7778.97 Electron/42.2.0 Safari/537.36"
[2026-06-15 12:01:02] INFO: ::1 - - [15/Jun/2026:09:01:02 +0000] "GET /api/v1/provider/settings HTTP/1.1" 304 - "http://localhost:5173/" "Mozilla/5.0 (Windows NT 10.0; Win64; x64) AppleWebKit/537.36 (KHTML, like Gecko) Code/1.124.2 Chrome/148.0.7778.97 Electron/42.2.0 Safari/537.36"
[2026-06-15 12:01:03] INFO: ::1 - - [15/Jun/2026:09:01:03 +0000] "GET /api/v1/provider/dashboard HTTP/1.1" 304 - "http://localhost:5173/" "Mozilla/5.0 (Windows NT 10.0; Win64; x64) AppleWebKit/537.36 (KHTML, like Gecko) Code/1.124.2 Chrome/148.0.7778.97 Electron/42.2.0 Safari/537.36"
[2026-06-15 12:01:03] INFO: ::1 - - [15/Jun/2026:09:01:03 +0000] "GET /api/v1/provider/reviews HTTP/1.1" 304 - "http://localhost:5173/" "Mozilla/5.0 (Windows NT 10.0; Win64; x64) AppleWebKit/537.36 (KHTML, like Gecko) Code/1.124.2 Chrome/148.0.7778.97 Electron/42.2.0 Safari/537.36"
[2026-06-15 12:01:03] INFO: ::1 - - [15/Jun/2026:09:01:03 +0000] "GET /api/v1/provider/services HTTP/1.1" 304 - "http://localhost:5173/" "Mozilla/5.0 (Windows NT 10.0; Win64; x64) AppleWebKit/537.36 (KHTML, like Gecko) Code/1.124.2 Chrome/148.0.7778.97 Electron/42.2.0 Safari/537.36"
[2026-06-15 12:01:03] INFO: ::1 - - [15/Jun/2026:09:01:03 +0000] "GET /api/v1/provider/profile HTTP/1.1" 304 - "http://localhost:5173/" "Mozilla/5.0 (Windows NT 10.0; Win64; x64) AppleWebKit/537.36 (KHTML, like Gecko) Code/1.124.2 Chrome/148.0.7778.97 Electron/42.2.0 Safari/537.36"
[2026-06-15 12:01:03] INFO: ::1 - - [15/Jun/2026:09:01:03 +0000] "GET /api/v1/provider/services/categories HTTP/1.1" 304 - "http://localhost:5173/" "Mozilla/5.0 (Windows NT 10.0; Win64; x64) AppleWebKit/537.36 (KHTML, like Gecko) Code/1.124.2 Chrome/148.0.7778.97 Electron/42.2.0 Safari/537.36"
[2026-06-15 12:01:49] INFO: ::1 - - [15/Jun/2026:09:01:49 +0000] "GET /api/v1/profile/me HTTP/1.1" 200 469 "http://localhost:5173/" "Mozilla/5.0 (Windows NT 10.0; Win64; x64) AppleWebKit/537.36 (KHTML, like Gecko) Code/1.124.2 Chrome/148.0.7778.97 Electron/42.2.0 Safari/537.36"
[2026-06-15 12:01:49] INFO: ::1 - - [15/Jun/2026:09:01:49 +0000] "GET /api/v1/profile/me HTTP/1.1" 304 - "http://localhost:5173/" "Mozilla/5.0 (Windows NT 10.0; Win64; x64) AppleWebKit/537.36 (KHTML, like Gecko) Code/1.124.2 Chrome/148.0.7778.97 Electron/42.2.0 Safari/537.36"
[2026-06-15 12:02:24] INFO: ::1 - - [15/Jun/2026:09:02:24 +0000] "POST /api/v1/auth/login HTTP/1.1" 200 928 "http://localhost:5173/" "Mozilla/5.0 (Windows NT 10.0; Win64; x64) AppleWebKit/537.36 (KHTML, like Gecko) Code/1.124.2 Chrome/148.0.7778.97 Electron/42.2.0 Safari/537.36"
[2026-06-15 12:02:48] INFO: ::1 - - [15/Jun/2026:09:02:48 +0000] "POST /api/v1/auth/login HTTP/1.1" 200 928 "http://localhost:5173/" "Mozilla/5.0 (Windows NT 10.0; Win64; x64) AppleWebKit/537.36 (KHTML, like Gecko) Code/1.124.2 Chrome/148.0.7778.97 Electron/42.2.0 Safari/537.36"
[2026-06-15 12:02:48] INFO: ::1 - - [15/Jun/2026:09:02:48 +0000] "GET /api/v1/provider/dashboard/live HTTP/1.1" 401 90 "http://localhost:5173/" "Mozilla/5.0 (Windows NT 10.0; Win64; x64) AppleWebKit/537.36 (KHTML, like Gecko) Code/1.124.2 Chrome/148.0.7778.97 Electron/42.2.0 Safari/537.36"
[2026-06-15 12:02:49] INFO: ::1 - - [15/Jun/2026:09:02:49 +0000] "GET /api/v1/provider/orders HTTP/1.1" 304 - "http://localhost:5173/" "Mozilla/5.0 (Windows NT 10.0; Win64; x64) AppleWebKit/537.36 (KHTML, like Gecko) Code/1.124.2 Chrome/148.0.7778.97 Electron/42.2.0 Safari/537.36"
[2026-06-15 12:02:49] INFO: ::1 - - [15/Jun/2026:09:02:49 +0000] "GET /api/v1/provider/discounts/special-entities HTTP/1.1" 304 - "http://localhost:5173/" "Mozilla/5.0 (Windows NT 10.0; Win64; x64) AppleWebKit/537.36 (KHTML, like Gecko) Code/1.124.2 Chrome/148.0.7778.97 Electron/42.2.0 Safari/537.36"
[2026-06-15 12:02:49] INFO: ::1 - - [15/Jun/2026:09:02:49 +0000] "GET /api/v1/provider/discounts/tiers HTTP/1.1" 304 - "http://localhost:5173/" "Mozilla/5.0 (Windows NT 10.0; Win64; x64) AppleWebKit/537.36 (KHTML, like Gecko) Code/1.124.2 Chrome/148.0.7778.97 Electron/42.2.0 Safari/537.36"
[2026-06-15 12:02:49] INFO: ::1 - - [15/Jun/2026:09:02:49 +0000] "GET /api/v1/provider/services/categories HTTP/1.1" 304 - "http://localhost:5173/" "Mozilla/5.0 (Windows NT 10.0; Win64; x64) AppleWebKit/537.36 (KHTML, like Gecko) Code/1.124.2 Chrome/148.0.7778.97 Electron/42.2.0 Safari/537.36"
[2026-06-15 12:02:49] INFO: ::1 - - [15/Jun/2026:09:02:49 +0000] "GET /api/v1/provider/services HTTP/1.1" 304 - "http://localhost:5173/" "Mozilla/5.0 (Windows NT 10.0; Win64; x64) AppleWebKit/537.36 (KHTML, like Gecko) Code/1.124.2 Chrome/148.0.7778.97 Electron/42.2.0 Safari/537.36"
[2026-06-15 12:02:49] INFO: ::1 - - [15/Jun/2026:09:02:49 +0000] "GET /api/v1/provider/dashboard HTTP/1.1" 304 - "http://localhost:5173/" "Mozilla/5.0 (Windows NT 10.0; Win64; x64) AppleWebKit/537.36 (KHTML, like Gecko) Code/1.124.2 Chrome/148.0.7778.97 Electron/42.2.0 Safari/537.36"
[2026-06-15 12:02:49] INFO: ::1 - - [15/Jun/2026:09:02:49 +0000] "GET /api/v1/provider/settings HTTP/1.1" 304 - "http://localhost:5173/" "Mozilla/5.0 (Windows NT 10.0; Win64; x64) AppleWebKit/537.36 (KHTML, like Gecko) Code/1.124.2 Chrome/148.0.7778.97 Electron/42.2.0 Safari/537.36"
[2026-06-15 12:02:50] INFO: ::1 - - [15/Jun/2026:09:02:50 +0000] "GET /api/v1/provider/reviews HTTP/1.1" 304 - "http://localhost:5173/" "Mozilla/5.0 (Windows NT 10.0; Win64; x64) AppleWebKit/537.36 (KHTML, like Gecko) Code/1.124.2 Chrome/148.0.7778.97 Electron/42.2.0 Safari/537.36"
[2026-06-15 12:02:50] INFO: ::1 - - [15/Jun/2026:09:02:50 +0000] "GET /api/v1/provider/profile HTTP/1.1" 304 - "http://localhost:5173/" "Mozilla/5.0 (Windows NT 10.0; Win64; x64) AppleWebKit/537.36 (KHTML, like Gecko) Code/1.124.2 Chrome/148.0.7778.97 Electron/42.2.0 Safari/537.36"
[2026-06-15 12:02:50] INFO: ::1 - - [15/Jun/2026:09:02:50 +0000] "GET /api/v1/provider/orders HTTP/1.1" 304 - "http://localhost:5173/" "Mozilla/5.0 (Windows NT 10.0; Win64; x64) AppleWebKit/537.36 (KHTML, like Gecko) Code/1.124.2 Chrome/148.0.7778.97 Electron/42.2.0 Safari/537.36"
[2026-06-15 12:02:50] INFO: ::1 - - [15/Jun/2026:09:02:50 +0000] "GET /api/v1/provider/discounts/tiers HTTP/1.1" 304 - "http://localhost:5173/" "Mozilla/5.0 (Windows NT 10.0; Win64; x64) AppleWebKit/537.36 (KHTML, like Gecko) Code/1.124.2 Chrome/148.0.7778.97 Electron/42.2.0 Safari/537.36"
[2026-06-15 12:02:50] INFO: ::1 - - [15/Jun/2026:09:02:50 +0000] "GET /api/v1/provider/discounts/special-entities HTTP/1.1" 304 - "http://localhost:5173/" "Mozilla/5.0 (Windows NT 10.0; Win64; x64) AppleWebKit/537.36 (KHTML, like Gecko) Code/1.124.2 Chrome/148.0.7778.97 Electron/42.2.0 Safari/537.36"
[2026-06-15 12:02:51] INFO: ::1 - - [15/Jun/2026:09:02:51 +0000] "GET /api/v1/provider/settings HTTP/1.1" 304 - "http://localhost:5173/" "Mozilla/5.0 (Windows NT 10.0; Win64; x64) AppleWebKit/537.36 (KHTML, like Gecko) Code/1.124.2 Chrome/148.0.7778.97 Electron/42.2.0 Safari/537.36"
[2026-06-15 12:02:51] INFO: ::1 - - [15/Jun/2026:09:02:51 +0000] "GET /api/v1/provider/services/categories HTTP/1.1" 304 - "http://localhost:5173/" "Mozilla/5.0 (Windows NT 10.0; Win64; x64) AppleWebKit/537.36 (KHTML, like Gecko) Code/1.124.2 Chrome/148.0.7778.97 Electron/42.2.0 Safari/537.36"
[2026-06-15 12:02:51] INFO: ::1 - - [15/Jun/2026:09:02:51 +0000] "GET /api/v1/provider/services HTTP/1.1" 304 - "http://localhost:5173/" "Mozilla/5.0 (Windows NT 10.0; Win64; x64) AppleWebKit/537.36 (KHTML, like Gecko) Code/1.124.2 Chrome/148.0.7778.97 Electron/42.2.0 Safari/537.36"
[2026-06-15 12:02:51] INFO: ::1 - - [15/Jun/2026:09:02:51 +0000] "GET /api/v1/provider/reviews HTTP/1.1" 304 - "http://localhost:5173/" "Mozilla/5.0 (Windows NT 10.0; Win64; x64) AppleWebKit/537.36 (KHTML, like Gecko) Code/1.124.2 Chrome/148.0.7778.97 Electron/42.2.0 Safari/537.36"
[2026-06-15 12:02:51] INFO: ::1 - - [15/Jun/2026:09:02:51 +0000] "GET /api/v1/provider/dashboard HTTP/1.1" 304 - "http://localhost:5173/" "Mozilla/5.0 (Windows NT 10.0; Win64; x64) AppleWebKit/537.36 (KHTML, like Gecko) Code/1.124.2 Chrome/148.0.7778.97 Electron/42.2.0 Safari/537.36"
[2026-06-15 12:02:51] INFO: ::1 - - [15/Jun/2026:09:02:51 +0000] "GET /api/v1/provider/profile HTTP/1.1" 304 - "http://localhost:5173/" "Mozilla/5.0 (Windows NT 10.0; Win64; x64) AppleWebKit/537.36 (KHTML, like Gecko) Code/1.124.2 Chrome/148.0.7778.97 Electron/42.2.0 Safari/537.36"
[2026-06-15 12:03:03] INFO: ::1 - - [15/Jun/2026:09:03:03 +0000] "PATCH /api/v1/provider/profile HTTP/1.1" 200 79 "http://localhost:5173/" "Mozilla/5.0 (Windows NT 10.0; Win64; x64) AppleWebKit/537.36 (KHTML, like Gecko) Code/1.124.2 Chrome/148.0.7778.97 Electron/42.2.0 Safari/537.36"
[2026-06-15 12:05:21] INFO: ::1 - - [15/Jun/2026:09:05:21 +0000] "POST /api/v1/auth/login HTTP/1.1" 200 933 "http://localhost:5173/" "Mozilla/5.0 (Windows NT 10.0; Win64; x64) AppleWebKit/537.36 (KHTML, like Gecko) Chrome/149.0.0.0 Safari/537.36 Edg/149.0.0.0"
[2026-06-15 12:05:21] INFO: ::1 - - [15/Jun/2026:09:05:21 +0000] "GET /api/v1/provider/dashboard/live HTTP/1.1" 401 90 "http://localhost:5173/" "Mozilla/5.0 (Windows NT 10.0; Win64; x64) AppleWebKit/537.36 (KHTML, like Gecko) Chrome/149.0.0.0 Safari/537.36 Edg/149.0.0.0"
[2026-06-15 12:05:22] INFO: ::1 - - [15/Jun/2026:09:05:22 +0000] "GET /api/v1/provider/orders HTTP/1.1" 200 40 "http://localhost:5173/" "Mozilla/5.0 (Windows NT 10.0; Win64; x64) AppleWebKit/537.36 (KHTML, like Gecko) Chrome/149.0.0.0 Safari/537.36 Edg/149.0.0.0"
[2026-06-15 12:05:22] INFO: ::1 - - [15/Jun/2026:09:05:22 +0000] "GET /api/v1/provider/discounts/special-entities HTTP/1.1" 200 36 "http://localhost:5173/" "Mozilla/5.0 (Windows NT 10.0; Win64; x64) AppleWebKit/537.36 (KHTML, like Gecko) Chrome/149.0.0.0 Safari/537.36 Edg/149.0.0.0"
[2026-06-15 12:05:22] INFO: ::1 - - [15/Jun/2026:09:05:22 +0000] "GET /api/v1/provider/discounts/tiers HTTP/1.1" 200 286 "http://localhost:5173/" "Mozilla/5.0 (Windows NT 10.0; Win64; x64) AppleWebKit/537.36 (KHTML, like Gecko) Chrome/149.0.0.0 Safari/537.36 Edg/149.0.0.0"
[2026-06-15 12:05:23] INFO: ::1 - - [15/Jun/2026:09:05:23 +0000] "GET /api/v1/provider/dashboard HTTP/1.1" 200 431 "http://localhost:5173/" "Mozilla/5.0 (Windows NT 10.0; Win64; x64) AppleWebKit/537.36 (KHTML, like Gecko) Chrome/149.0.0.0 Safari/537.36 Edg/149.0.0.0"
[2026-06-15 12:05:23] INFO: ::1 - - [15/Jun/2026:09:05:23 +0000] "GET /api/v1/provider/settings HTTP/1.1" 200 342 "http://localhost:5173/" "Mozilla/5.0 (Windows NT 10.0; Win64; x64) AppleWebKit/537.36 (KHTML, like Gecko) Chrome/149.0.0.0 Safari/537.36 Edg/149.0.0.0"
[2026-06-15 12:05:23] INFO: ::1 - - [15/Jun/2026:09:05:23 +0000] "GET /api/v1/provider/services/categories HTTP/1.1" 200 1001 "http://localhost:5173/" "Mozilla/5.0 (Windows NT 10.0; Win64; x64) AppleWebKit/537.36 (KHTML, like Gecko) Chrome/149.0.0.0 Safari/537.36 Edg/149.0.0.0"
[2026-06-15 12:05:23] INFO: ::1 - - [15/Jun/2026:09:05:23 +0000] "GET /api/v1/provider/services HTTP/1.1" 200 13479 "http://localhost:5173/" "Mozilla/5.0 (Windows NT 10.0; Win64; x64) AppleWebKit/537.36 (KHTML, like Gecko) Chrome/149.0.0.0 Safari/537.36 Edg/149.0.0.0"
[2026-06-15 12:05:23] INFO: ::1 - - [15/Jun/2026:09:05:23 +0000] "GET /api/v1/provider/dashboard HTTP/1.1" 429 108 "http://localhost:5173/" "Mozilla/5.0 (Windows NT 10.0; Win64; x64) AppleWebKit/537.36 (KHTML, like Gecko) Chrome/149.0.0.0 Safari/537.36 Edg/149.0.0.0"
[2026-06-15 12:05:23] INFO: ::1 - - [15/Jun/2026:09:05:23 +0000] "GET /api/v1/provider/settings HTTP/1.1" 429 108 "http://localhost:5173/" "Mozilla/5.0 (Windows NT 10.0; Win64; x64) AppleWebKit/537.36 (KHTML, like Gecko) Chrome/149.0.0.0 Safari/537.36 Edg/149.0.0.0"
[2026-06-15 12:05:23] INFO: ::1 - - [15/Jun/2026:09:05:23 +0000] "GET /api/v1/provider/services/categories HTTP/1.1" 429 108 "http://localhost:5173/" "Mozilla/5.0 (Windows NT 10.0; Win64; x64) AppleWebKit/537.36 (KHTML, like Gecko) Chrome/149.0.0.0 Safari/537.36 Edg/149.0.0.0"
[2026-06-15 12:05:23] INFO: ::1 - - [15/Jun/2026:09:05:23 +0000] "GET /api/v1/provider/services HTTP/1.1" 429 108 "http://localhost:5173/" "Mozilla/5.0 (Windows NT 10.0; Win64; x64) AppleWebKit/537.36 (KHTML, like Gecko) Chrome/149.0.0.0 Safari/537.36 Edg/149.0.0.0"
[2026-06-15 12:05:23] INFO: ::1 - - [15/Jun/2026:09:05:23 +0000] "GET /api/v1/provider/reviews HTTP/1.1" 200 105 "http://localhost:5173/" "Mozilla/5.0 (Windows NT 10.0; Win64; x64) AppleWebKit/537.36 (KHTML, like Gecko) Chrome/149.0.0.0 Safari/537.36 Edg/149.0.0.0"
[2026-06-15 12:05:23] INFO: ::1 - - [15/Jun/2026:09:05:23 +0000] "GET /api/v1/provider/reviews HTTP/1.1" 429 108 "http://localhost:5173/" "Mozilla/5.0 (Windows NT 10.0; Win64; x64) AppleWebKit/537.36 (KHTML, like Gecko) Chrome/149.0.0.0 Safari/537.36 Edg/149.0.0.0"
[2026-06-15 12:05:23] INFO: ::1 - - [15/Jun/2026:09:05:23 +0000] "GET /api/v1/provider/profile HTTP/1.1" 200 309 "http://localhost:5173/" "Mozilla/5.0 (Windows NT 10.0; Win64; x64) AppleWebKit/537.36 (KHTML, like Gecko) Chrome/149.0.0.0 Safari/537.36 Edg/149.0.0.0"
[2026-06-15 12:05:23] INFO: ::1 - - [15/Jun/2026:09:05:23 +0000] "GET /api/v1/provider/profile HTTP/1.1" 429 108 "http://localhost:5173/" "Mozilla/5.0 (Windows NT 10.0; Win64; x64) AppleWebKit/537.36 (KHTML, like Gecko) Chrome/149.0.0.0 Safari/537.36 Edg/149.0.0.0"
[2026-06-15 12:05:23] INFO: ::1 - - [15/Jun/2026:09:05:23 +0000] "GET /api/v1/provider/orders HTTP/1.1" 304 - "http://localhost:5173/" "Mozilla/5.0 (Windows NT 10.0; Win64; x64) AppleWebKit/537.36 (KHTML, like Gecko) Chrome/149.0.0.0 Safari/537.36 Edg/149.0.0.0"
[2026-06-15 12:05:23] INFO: ::1 - - [15/Jun/2026:09:05:23 +0000] "GET /api/v1/provider/discounts/special-entities HTTP/1.1" 304 - "http://localhost:5173/" "Mozilla/5.0 (Windows NT 10.0; Win64; x64) AppleWebKit/537.36 (KHTML, like Gecko) Chrome/149.0.0.0 Safari/537.36 Edg/149.0.0.0"
[2026-06-15 12:05:23] INFO: ::1 - - [15/Jun/2026:09:05:23 +0000] "GET /api/v1/provider/discounts/tiers HTTP/1.1" 304 - "http://localhost:5173/" "Mozilla/5.0 (Windows NT 10.0; Win64; x64) AppleWebKit/537.36 (KHTML, like Gecko) Chrome/149.0.0.0 Safari/537.36 Edg/149.0.0.0"
[2026-06-15 12:24:07] INFO: 
SIGINT received. Shutting down gracefully...
[2026-06-15 12:24:21] INFO: 
         claenovy API SERVER
   Status  : Running
   Port    : 3000
   Env     : development
   Version : v1
      
[2026-06-15 12:24:26] INFO: 
SIGINT received. Shutting down gracefully...
[2026-06-15 12:24:34] INFO: 
         claenovy API SERVER
   Status  : Running
   Port    : 3000
   Env     : development
   Version : v1
      
[2026-06-15 12:25:15] INFO: ::1 - - [15/Jun/2026:09:25:15 +0000] "POST /api/v1/auth/login HTTP/1.1" 200 933 "http://localhost:5173/" "Mozilla/5.0 (Windows NT 10.0; Win64; x64) AppleWebKit/537.36 (KHTML, like Gecko) Code/1.124.2 Chrome/148.0.7778.97 Electron/42.2.0 Safari/537.36"
[2026-06-15 12:25:16] INFO: ::1 - - [15/Jun/2026:09:25:16 +0000] "GET /api/v1/provider/discounts/tiers HTTP/1.1" 304 - "http://localhost:5173/" "Mozilla/5.0 (Windows NT 10.0; Win64; x64) AppleWebKit/537.36 (KHTML, like Gecko) Code/1.124.2 Chrome/148.0.7778.97 Electron/42.2.0 Safari/537.36"
[2026-06-15 12:25:16] INFO: ::1 - - [15/Jun/2026:09:25:16 +0000] "GET /api/v1/provider/orders HTTP/1.1" 304 - "http://localhost:5173/" "Mozilla/5.0 (Windows NT 10.0; Win64; x64) AppleWebKit/537.36 (KHTML, like Gecko) Code/1.124.2 Chrome/148.0.7778.97 Electron/42.2.0 Safari/537.36"
[2026-06-15 12:25:16] INFO: ::1 - - [15/Jun/2026:09:25:16 +0000] "GET /api/v1/provider/dashboard/live HTTP/1.1" 401 90 "http://localhost:5173/" "Mozilla/5.0 (Windows NT 10.0; Win64; x64) AppleWebKit/537.36 (KHTML, like Gecko) Code/1.124.2 Chrome/148.0.7778.97 Electron/42.2.0 Safari/537.36"
[2026-06-15 12:25:16] INFO: ::1 - - [15/Jun/2026:09:25:16 +0000] "GET /api/v1/provider/profile HTTP/1.1" 200 309 "http://localhost:5173/" "Mozilla/5.0 (Windows NT 10.0; Win64; x64) AppleWebKit/537.36 (KHTML, like Gecko) Code/1.124.2 Chrome/148.0.7778.97 Electron/42.2.0 Safari/537.36"
[2026-06-15 12:25:17] INFO: ::1 - - [15/Jun/2026:09:25:17 +0000] "GET /api/v1/provider/dashboard HTTP/1.1" 304 - "http://localhost:5173/" "Mozilla/5.0 (Windows NT 10.0; Win64; x64) AppleWebKit/537.36 (KHTML, like Gecko) Code/1.124.2 Chrome/148.0.7778.97 Electron/42.2.0 Safari/537.36"
[2026-06-15 12:25:17] INFO: ::1 - - [15/Jun/2026:09:25:17 +0000] "GET /api/v1/provider/services HTTP/1.1" 304 - "http://localhost:5173/" "Mozilla/5.0 (Windows NT 10.0; Win64; x64) AppleWebKit/537.36 (KHTML, like Gecko) Code/1.124.2 Chrome/148.0.7778.97 Electron/42.2.0 Safari/537.36"
[2026-06-15 12:25:17] INFO: ::1 - - [15/Jun/2026:09:25:17 +0000] "GET /api/v1/provider/settings HTTP/1.1" 304 - "http://localhost:5173/" "Mozilla/5.0 (Windows NT 10.0; Win64; x64) AppleWebKit/537.36 (KHTML, like Gecko) Code/1.124.2 Chrome/148.0.7778.97 Electron/42.2.0 Safari/537.36"
[2026-06-15 12:25:17] INFO: ::1 - - [15/Jun/2026:09:25:17 +0000] "GET /api/v1/provider/reviews HTTP/1.1" 304 - "http://localhost:5173/" "Mozilla/5.0 (Windows NT 10.0; Win64; x64) AppleWebKit/537.36 (KHTML, like Gecko) Code/1.124.2 Chrome/148.0.7778.97 Electron/42.2.0 Safari/537.36"
[2026-06-15 12:25:17] INFO: ::1 - - [15/Jun/2026:09:25:17 +0000] "GET /api/v1/provider/services/categories HTTP/1.1" 304 - "http://localhost:5173/" "Mozilla/5.0 (Windows NT 10.0; Win64; x64) AppleWebKit/537.36 (KHTML, like Gecko) Code/1.124.2 Chrome/148.0.7778.97 Electron/42.2.0 Safari/537.36"
[2026-06-15 12:25:17] INFO: ::1 - - [15/Jun/2026:09:25:17 +0000] "GET /api/v1/provider/discounts/tiers HTTP/1.1" 304 - "http://localhost:5173/" "Mozilla/5.0 (Windows NT 10.0; Win64; x64) AppleWebKit/537.36 (KHTML, like Gecko) Code/1.124.2 Chrome/148.0.7778.97 Electron/42.2.0 Safari/537.36"
[2026-06-15 12:25:17] INFO: ::1 - - [15/Jun/2026:09:25:17 +0000] "GET /api/v1/provider/orders HTTP/1.1" 304 - "http://localhost:5173/" "Mozilla/5.0 (Windows NT 10.0; Win64; x64) AppleWebKit/537.36 (KHTML, like Gecko) Code/1.124.2 Chrome/148.0.7778.97 Electron/42.2.0 Safari/537.36"
[2026-06-15 12:25:18] INFO: ::1 - - [15/Jun/2026:09:25:18 +0000] "GET /api/v1/provider/profile HTTP/1.1" 304 - "http://localhost:5173/" "Mozilla/5.0 (Windows NT 10.0; Win64; x64) AppleWebKit/537.36 (KHTML, like Gecko) Code/1.124.2 Chrome/148.0.7778.97 Electron/42.2.0 Safari/537.36"
[2026-06-15 12:25:18] INFO: ::1 - - [15/Jun/2026:09:25:18 +0000] "GET /api/v1/provider/settings HTTP/1.1" 304 - "http://localhost:5173/" "Mozilla/5.0 (Windows NT 10.0; Win64; x64) AppleWebKit/537.36 (KHTML, like Gecko) Code/1.124.2 Chrome/148.0.7778.97 Electron/42.2.0 Safari/537.36"
[2026-06-15 12:25:18] INFO: ::1 - - [15/Jun/2026:09:25:18 +0000] "GET /api/v1/provider/discounts/special-entities HTTP/1.1" 304 - "http://localhost:5173/" "Mozilla/5.0 (Windows NT 10.0; Win64; x64) AppleWebKit/537.36 (KHTML, like Gecko) Code/1.124.2 Chrome/148.0.7778.97 Electron/42.2.0 Safari/537.36"
[2026-06-15 12:25:18] INFO: ::1 - - [15/Jun/2026:09:25:18 +0000] "GET /api/v1/provider/reviews HTTP/1.1" 304 - "http://localhost:5173/" "Mozilla/5.0 (Windows NT 10.0; Win64; x64) AppleWebKit/537.36 (KHTML, like Gecko) Code/1.124.2 Chrome/148.0.7778.97 Electron/42.2.0 Safari/537.36"
[2026-06-15 12:25:19] INFO: ::1 - - [15/Jun/2026:09:25:19 +0000] "GET /api/v1/provider/dashboard HTTP/1.1" 304 - "http://localhost:5173/" "Mozilla/5.0 (Windows NT 10.0; Win64; x64) AppleWebKit/537.36 (KHTML, like Gecko) Code/1.124.2 Chrome/148.0.7778.97 Electron/42.2.0 Safari/537.36"
[2026-06-15 12:25:19] INFO: ::1 - - [15/Jun/2026:09:25:19 +0000] "GET /api/v1/provider/services HTTP/1.1" 304 - "http://localhost:5173/" "Mozilla/5.0 (Windows NT 10.0; Win64; x64) AppleWebKit/537.36 (KHTML, like Gecko) Code/1.124.2 Chrome/148.0.7778.97 Electron/42.2.0 Safari/537.36"
[2026-06-15 12:25:19] INFO: ::1 - - [15/Jun/2026:09:25:19 +0000] "GET /api/v1/provider/discounts/special-entities HTTP/1.1" 304 - "http://localhost:5173/" "Mozilla/5.0 (Windows NT 10.0; Win64; x64) AppleWebKit/537.36 (KHTML, like Gecko) Code/1.124.2 Chrome/148.0.7778.97 Electron/42.2.0 Safari/537.36"
[2026-06-15 12:25:19] INFO: ::1 - - [15/Jun/2026:09:25:19 +0000] "GET /api/v1/provider/services/categories HTTP/1.1" 304 - "http://localhost:5173/" "Mozilla/5.0 (Windows NT 10.0; Win64; x64) AppleWebKit/537.36 (KHTML, like Gecko) Code/1.124.2 Chrome/148.0.7778.97 Electron/42.2.0 Safari/537.36"
[2026-06-15 12:25:23] INFO: ::1 - - [15/Jun/2026:09:25:23 +0000] "GET /api/v1/provider/dashboard/live HTTP/1.1" 401 90 "http://localhost:5173/" "Mozilla/5.0 (Windows NT 10.0; Win64; x64) AppleWebKit/537.36 (KHTML, like Gecko) Code/1.124.2 Chrome/148.0.7778.97 Electron/42.2.0 Safari/537.36"
[2026-06-15 12:25:24] INFO: ::1 - - [15/Jun/2026:09:25:24 +0000] "GET /api/v1/provider/discounts/tiers HTTP/1.1" 304 - "http://localhost:5173/" "Mozilla/5.0 (Windows NT 10.0; Win64; x64) AppleWebKit/537.36 (KHTML, like Gecko) Code/1.124.2 Chrome/148.0.7778.97 Electron/42.2.0 Safari/537.36"
[2026-06-15 12:25:24] INFO: ::1 - - [15/Jun/2026:09:25:24 +0000] "GET /api/v1/provider/discounts/special-entities HTTP/1.1" 304 - "http://localhost:5173/" "Mozilla/5.0 (Windows NT 10.0; Win64; x64) AppleWebKit/537.36 (KHTML, like Gecko) Code/1.124.2 Chrome/148.0.7778.97 Electron/42.2.0 Safari/537.36"
[2026-06-15 12:25:24] INFO: ::1 - - [15/Jun/2026:09:25:24 +0000] "GET /api/v1/provider/orders HTTP/1.1" 304 - "http://localhost:5173/" "Mozilla/5.0 (Windows NT 10.0; Win64; x64) AppleWebKit/537.36 (KHTML, like Gecko) Code/1.124.2 Chrome/148.0.7778.97 Electron/42.2.0 Safari/537.36"
[2026-06-15 12:25:25] INFO: ::1 - - [15/Jun/2026:09:25:25 +0000] "GET /api/v1/provider/dashboard HTTP/1.1" 304 - "http://localhost:5173/" "Mozilla/5.0 (Windows NT 10.0; Win64; x64) AppleWebKit/537.36 (KHTML, like Gecko) Code/1.124.2 Chrome/148.0.7778.97 Electron/42.2.0 Safari/537.36"
[2026-06-15 12:25:25] INFO: ::1 - - [15/Jun/2026:09:25:25 +0000] "GET /api/v1/provider/services/categories HTTP/1.1" 304 - "http://localhost:5173/" "Mozilla/5.0 (Windows NT 10.0; Win64; x64) AppleWebKit/537.36 (KHTML, like Gecko) Code/1.124.2 Chrome/148.0.7778.97 Electron/42.2.0 Safari/537.36"
[2026-06-15 12:25:25] INFO: ::1 - - [15/Jun/2026:09:25:25 +0000] "GET /api/v1/provider/settings HTTP/1.1" 304 - "http://localhost:5173/" "Mozilla/5.0 (Windows NT 10.0; Win64; x64) AppleWebKit/537.36 (KHTML, like Gecko) Code/1.124.2 Chrome/148.0.7778.97 Electron/42.2.0 Safari/537.36"
[2026-06-15 12:25:25] INFO: ::1 - - [15/Jun/2026:09:25:25 +0000] "GET /api/v1/provider/services HTTP/1.1" 304 - "http://localhost:5173/" "Mozilla/5.0 (Windows NT 10.0; Win64; x64) AppleWebKit/537.36 (KHTML, like Gecko) Code/1.124.2 Chrome/148.0.7778.97 Electron/42.2.0 Safari/537.36"
[2026-06-15 12:25:25] INFO: ::1 - - [15/Jun/2026:09:25:25 +0000] "GET /api/v1/provider/reviews HTTP/1.1" 304 - "http://localhost:5173/" "Mozilla/5.0 (Windows NT 10.0; Win64; x64) AppleWebKit/537.36 (KHTML, like Gecko) Code/1.124.2 Chrome/148.0.7778.97 Electron/42.2.0 Safari/537.36"
[2026-06-15 12:25:25] INFO: ::1 - - [15/Jun/2026:09:25:25 +0000] "GET /api/v1/provider/profile HTTP/1.1" 304 - "http://localhost:5173/" "Mozilla/5.0 (Windows NT 10.0; Win64; x64) AppleWebKit/537.36 (KHTML, like Gecko) Code/1.124.2 Chrome/148.0.7778.97 Electron/42.2.0 Safari/537.36"
[2026-06-15 12:25:25] INFO: ::1 - - [15/Jun/2026:09:25:25 +0000] "GET /api/v1/provider/discounts/tiers HTTP/1.1" 304 - "http://localhost:5173/" "Mozilla/5.0 (Windows NT 10.0; Win64; x64) AppleWebKit/537.36 (KHTML, like Gecko) Code/1.124.2 Chrome/148.0.7778.97 Electron/42.2.0 Safari/537.36"
[2026-06-15 12:25:25] INFO: ::1 - - [15/Jun/2026:09:25:25 +0000] "GET /api/v1/provider/discounts/special-entities HTTP/1.1" 304 - "http://localhost:5173/" "Mozilla/5.0 (Windows NT 10.0; Win64; x64) AppleWebKit/537.36 (KHTML, like Gecko) Code/1.124.2 Chrome/148.0.7778.97 Electron/42.2.0 Safari/537.36"
[2026-06-15 12:25:25] INFO: ::1 - - [15/Jun/2026:09:25:25 +0000] "GET /api/v1/provider/orders HTTP/1.1" 304 - "http://localhost:5173/" "Mozilla/5.0 (Windows NT 10.0; Win64; x64) AppleWebKit/537.36 (KHTML, like Gecko) Code/1.124.2 Chrome/148.0.7778.97 Electron/42.2.0 Safari/537.36"
[2026-06-15 12:25:26] INFO: ::1 - - [15/Jun/2026:09:25:26 +0000] "GET /api/v1/provider/settings HTTP/1.1" 304 - "http://localhost:5173/" "Mozilla/5.0 (Windows NT 10.0; Win64; x64) AppleWebKit/537.36 (KHTML, like Gecko) Code/1.124.2 Chrome/148.0.7778.97 Electron/42.2.0 Safari/537.36"
[2026-06-15 12:25:26] INFO: ::1 - - [15/Jun/2026:09:25:26 +0000] "GET /api/v1/provider/dashboard HTTP/1.1" 304 - "http://localhost:5173/" "Mozilla/5.0 (Windows NT 10.0; Win64; x64) AppleWebKit/537.36 (KHTML, like Gecko) Code/1.124.2 Chrome/148.0.7778.97 Electron/42.2.0 Safari/537.36"
[2026-06-15 12:25:26] INFO: ::1 - - [15/Jun/2026:09:25:26 +0000] "GET /api/v1/provider/reviews HTTP/1.1" 304 - "http://localhost:5173/" "Mozilla/5.0 (Windows NT 10.0; Win64; x64) AppleWebKit/537.36 (KHTML, like Gecko) Code/1.124.2 Chrome/148.0.7778.97 Electron/42.2.0 Safari/537.36"
[2026-06-15 12:25:26] INFO: ::1 - - [15/Jun/2026:09:25:26 +0000] "GET /api/v1/provider/services/categories HTTP/1.1" 304 - "http://localhost:5173/" "Mozilla/5.0 (Windows NT 10.0; Win64; x64) AppleWebKit/537.36 (KHTML, like Gecko) Code/1.124.2 Chrome/148.0.7778.97 Electron/42.2.0 Safari/537.36"
[2026-06-15 12:25:27] INFO: ::1 - - [15/Jun/2026:09:25:27 +0000] "GET /api/v1/provider/profile HTTP/1.1" 304 - "http://localhost:5173/" "Mozilla/5.0 (Windows NT 10.0; Win64; x64) AppleWebKit/537.36 (KHTML, like Gecko) Code/1.124.2 Chrome/148.0.7778.97 Electron/42.2.0 Safari/537.36"
[2026-06-15 12:25:27] INFO: ::1 - - [15/Jun/2026:09:25:27 +0000] "GET /api/v1/provider/services HTTP/1.1" 304 - "http://localhost:5173/" "Mozilla/5.0 (Windows NT 10.0; Win64; x64) AppleWebKit/537.36 (KHTML, like Gecko) Code/1.124.2 Chrome/148.0.7778.97 Electron/42.2.0 Safari/537.36"
[2026-06-15 12:26:26] INFO: ::1 - - [15/Jun/2026:09:26:26 +0000] "POST /api/v1/auth/login HTTP/1.1" 200 933 "http://localhost:5173/" "Mozilla/5.0 (Windows NT 10.0; Win64; x64) AppleWebKit/537.36 (KHTML, like Gecko) Code/1.124.2 Chrome/148.0.7778.97 Electron/42.2.0 Safari/537.36"
[2026-06-15 12:26:26] INFO: ::1 - - [15/Jun/2026:09:26:26 +0000] "GET /api/v1/provider/dashboard/live HTTP/1.1" 401 90 "http://localhost:5173/" "Mozilla/5.0 (Windows NT 10.0; Win64; x64) AppleWebKit/537.36 (KHTML, like Gecko) Code/1.124.2 Chrome/148.0.7778.97 Electron/42.2.0 Safari/537.36"
[2026-06-15 12:26:27] INFO: ::1 - - [15/Jun/2026:09:26:27 +0000] "GET /api/v1/provider/settings HTTP/1.1" 304 - "http://localhost:5173/" "Mozilla/5.0 (Windows NT 10.0; Win64; x64) AppleWebKit/537.36 (KHTML, like Gecko) Code/1.124.2 Chrome/148.0.7778.97 Electron/42.2.0 Safari/537.36"
[2026-06-15 12:26:27] INFO: ::1 - - [15/Jun/2026:09:26:27 +0000] "GET /api/v1/provider/orders HTTP/1.1" 304 - "http://localhost:5173/" "Mozilla/5.0 (Windows NT 10.0; Win64; x64) AppleWebKit/537.36 (KHTML, like Gecko) Code/1.124.2 Chrome/148.0.7778.97 Electron/42.2.0 Safari/537.36"
[2026-06-15 12:26:27] INFO: ::1 - - [15/Jun/2026:09:26:27 +0000] "GET /api/v1/provider/discounts/tiers HTTP/1.1" 304 - "http://localhost:5173/" "Mozilla/5.0 (Windows NT 10.0; Win64; x64) AppleWebKit/537.36 (KHTML, like Gecko) Code/1.124.2 Chrome/148.0.7778.97 Electron/42.2.0 Safari/537.36"
[2026-06-15 12:26:27] INFO: ::1 - - [15/Jun/2026:09:26:27 +0000] "GET /api/v1/provider/discounts/special-entities HTTP/1.1" 304 - "http://localhost:5173/" "Mozilla/5.0 (Windows NT 10.0; Win64; x64) AppleWebKit/537.36 (KHTML, like Gecko) Code/1.124.2 Chrome/148.0.7778.97 Electron/42.2.0 Safari/537.36"
[2026-06-15 12:26:28] INFO: ::1 - - [15/Jun/2026:09:26:28 +0000] "GET /api/v1/provider/services/categories HTTP/1.1" 304 - "http://localhost:5173/" "Mozilla/5.0 (Windows NT 10.0; Win64; x64) AppleWebKit/537.36 (KHTML, like Gecko) Code/1.124.2 Chrome/148.0.7778.97 Electron/42.2.0 Safari/537.36"
[2026-06-15 12:26:28] INFO: ::1 - - [15/Jun/2026:09:26:28 +0000] "GET /api/v1/provider/dashboard HTTP/1.1" 304 - "http://localhost:5173/" "Mozilla/5.0 (Windows NT 10.0; Win64; x64) AppleWebKit/537.36 (KHTML, like Gecko) Code/1.124.2 Chrome/148.0.7778.97 Electron/42.2.0 Safari/537.36"
[2026-06-15 12:26:28] INFO: ::1 - - [15/Jun/2026:09:26:28 +0000] "GET /api/v1/provider/settings HTTP/1.1" 304 - "http://localhost:5173/" "Mozilla/5.0 (Windows NT 10.0; Win64; x64) AppleWebKit/537.36 (KHTML, like Gecko) Code/1.124.2 Chrome/148.0.7778.97 Electron/42.2.0 Safari/537.36"
[2026-06-15 12:26:28] INFO: ::1 - - [15/Jun/2026:09:26:28 +0000] "GET /api/v1/provider/reviews HTTP/1.1" 304 - "http://localhost:5173/" "Mozilla/5.0 (Windows NT 10.0; Win64; x64) AppleWebKit/537.36 (KHTML, like Gecko) Code/1.124.2 Chrome/148.0.7778.97 Electron/42.2.0 Safari/537.36"
[2026-06-15 12:26:28] INFO: ::1 - - [15/Jun/2026:09:26:28 +0000] "GET /api/v1/provider/profile HTTP/1.1" 304 - "http://localhost:5173/" "Mozilla/5.0 (Windows NT 10.0; Win64; x64) AppleWebKit/537.36 (KHTML, like Gecko) Code/1.124.2 Chrome/148.0.7778.97 Electron/42.2.0 Safari/537.36"
[2026-06-15 12:26:28] INFO: ::1 - - [15/Jun/2026:09:26:28 +0000] "GET /api/v1/provider/services HTTP/1.1" 304 - "http://localhost:5173/" "Mozilla/5.0 (Windows NT 10.0; Win64; x64) AppleWebKit/537.36 (KHTML, like Gecko) Code/1.124.2 Chrome/148.0.7778.97 Electron/42.2.0 Safari/537.36"
[2026-06-15 12:26:29] INFO: ::1 - - [15/Jun/2026:09:26:29 +0000] "GET /api/v1/provider/orders HTTP/1.1" 304 - "http://localhost:5173/" "Mozilla/5.0 (Windows NT 10.0; Win64; x64) AppleWebKit/537.36 (KHTML, like Gecko) Code/1.124.2 Chrome/148.0.7778.97 Electron/42.2.0 Safari/537.36"
[2026-06-15 12:26:29] INFO: ::1 - - [15/Jun/2026:09:26:29 +0000] "GET /api/v1/provider/discounts/tiers HTTP/1.1" 304 - "http://localhost:5173/" "Mozilla/5.0 (Windows NT 10.0; Win64; x64) AppleWebKit/537.36 (KHTML, like Gecko) Code/1.124.2 Chrome/148.0.7778.97 Electron/42.2.0 Safari/537.36"
[2026-06-15 12:26:29] INFO: ::1 - - [15/Jun/2026:09:26:29 +0000] "GET /api/v1/provider/discounts/special-entities HTTP/1.1" 304 - "http://localhost:5173/" "Mozilla/5.0 (Windows NT 10.0; Win64; x64) AppleWebKit/537.36 (KHTML, like Gecko) Code/1.124.2 Chrome/148.0.7778.97 Electron/42.2.0 Safari/537.36"
[2026-06-15 12:26:29] INFO: ::1 - - [15/Jun/2026:09:26:29 +0000] "GET /api/v1/provider/reviews HTTP/1.1" 304 - "http://localhost:5173/" "Mozilla/5.0 (Windows NT 10.0; Win64; x64) AppleWebKit/537.36 (KHTML, like Gecko) Code/1.124.2 Chrome/148.0.7778.97 Electron/42.2.0 Safari/537.36"
[2026-06-15 12:26:30] INFO: ::1 - - [15/Jun/2026:09:26:30 +0000] "GET /api/v1/provider/services/categories HTTP/1.1" 304 - "http://localhost:5173/" "Mozilla/5.0 (Windows NT 10.0; Win64; x64) AppleWebKit/537.36 (KHTML, like Gecko) Code/1.124.2 Chrome/148.0.7778.97 Electron/42.2.0 Safari/537.36"
[2026-06-15 12:26:30] INFO: ::1 - - [15/Jun/2026:09:26:30 +0000] "GET /api/v1/provider/profile HTTP/1.1" 304 - "http://localhost:5173/" "Mozilla/5.0 (Windows NT 10.0; Win64; x64) AppleWebKit/537.36 (KHTML, like Gecko) Code/1.124.2 Chrome/148.0.7778.97 Electron/42.2.0 Safari/537.36"
[2026-06-15 12:26:30] INFO: ::1 - - [15/Jun/2026:09:26:30 +0000] "GET /api/v1/provider/dashboard HTTP/1.1" 304 - "http://localhost:5173/" "Mozilla/5.0 (Windows NT 10.0; Win64; x64) AppleWebKit/537.36 (KHTML, like Gecko) Code/1.124.2 Chrome/148.0.7778.97 Electron/42.2.0 Safari/537.36"
[2026-06-15 12:26:30] INFO: ::1 - - [15/Jun/2026:09:26:30 +0000] "GET /api/v1/provider/services HTTP/1.1" 304 - "http://localhost:5173/" "Mozilla/5.0 (Windows NT 10.0; Win64; x64) AppleWebKit/537.36 (KHTML, like Gecko) Code/1.124.2 Chrome/148.0.7778.97 Electron/42.2.0 Safari/537.36"
[2026-06-15 12:29:44] INFO: ::1 - - [15/Jun/2026:09:29:44 +0000] "GET /api/v1/provider/discounts/tiers HTTP/1.1" 304 - "http://localhost:5173/" "Mozilla/5.0 (Windows NT 10.0; Win64; x64) AppleWebKit/537.36 (KHTML, like Gecko) Chrome/149.0.0.0 Safari/537.36 Edg/149.0.0.0"
[2026-06-15 12:29:44] INFO: ::1 - - [15/Jun/2026:09:29:44 +0000] "GET /api/v1/provider/discounts/special-entities HTTP/1.1" 304 - "http://localhost:5173/" "Mozilla/5.0 (Windows NT 10.0; Win64; x64) AppleWebKit/537.36 (KHTML, like Gecko) Chrome/149.0.0.0 Safari/537.36 Edg/149.0.0.0"
[2026-06-15 12:29:44] INFO: ::1 - - [15/Jun/2026:09:29:44 +0000] "GET /api/v1/provider/orders HTTP/1.1" 304 - "http://localhost:5173/" "Mozilla/5.0 (Windows NT 10.0; Win64; x64) AppleWebKit/537.36 (KHTML, like Gecko) Chrome/149.0.0.0 Safari/537.36 Edg/149.0.0.0"
[2026-06-15 12:29:44] INFO: ::1 - - [15/Jun/2026:09:29:44 +0000] "GET /api/v1/provider/dashboard/live HTTP/1.1" 401 90 "http://localhost:5173/" "Mozilla/5.0 (Windows NT 10.0; Win64; x64) AppleWebKit/537.36 (KHTML, like Gecko) Chrome/149.0.0.0 Safari/537.36 Edg/149.0.0.0"
[2026-06-15 12:29:44] INFO: ::1 - - [15/Jun/2026:09:29:44 +0000] "GET /api/v1/provider/dashboard HTTP/1.1" 200 431 "http://localhost:5173/" "Mozilla/5.0 (Windows NT 10.0; Win64; x64) AppleWebKit/537.36 (KHTML, like Gecko) Chrome/149.0.0.0 Safari/537.36 Edg/149.0.0.0"
[2026-06-15 12:29:44] INFO: ::1 - - [15/Jun/2026:09:29:44 +0000] "GET /api/v1/provider/settings HTTP/1.1" 200 342 "http://localhost:5173/" "Mozilla/5.0 (Windows NT 10.0; Win64; x64) AppleWebKit/537.36 (KHTML, like Gecko) Chrome/149.0.0.0 Safari/537.36 Edg/149.0.0.0"
[2026-06-15 12:29:44] INFO: ::1 - - [15/Jun/2026:09:29:44 +0000] "GET /api/v1/provider/services HTTP/1.1" 200 13479 "http://localhost:5173/" "Mozilla/5.0 (Windows NT 10.0; Win64; x64) AppleWebKit/537.36 (KHTML, like Gecko) Chrome/149.0.0.0 Safari/537.36 Edg/149.0.0.0"
[2026-06-15 12:29:44] INFO: ::1 - - [15/Jun/2026:09:29:44 +0000] "GET /api/v1/provider/services/categories HTTP/1.1" 200 1001 "http://localhost:5173/" "Mozilla/5.0 (Windows NT 10.0; Win64; x64) AppleWebKit/537.36 (KHTML, like Gecko) Chrome/149.0.0.0 Safari/537.36 Edg/149.0.0.0"
[2026-06-15 12:29:45] INFO: ::1 - - [15/Jun/2026:09:29:45 +0000] "GET /api/v1/provider/discounts/tiers HTTP/1.1" 304 - "http://localhost:5173/" "Mozilla/5.0 (Windows NT 10.0; Win64; x64) AppleWebKit/537.36 (KHTML, like Gecko) Chrome/149.0.0.0 Safari/537.36 Edg/149.0.0.0"
[2026-06-15 12:29:45] INFO: ::1 - - [15/Jun/2026:09:29:45 +0000] "GET /api/v1/provider/profile HTTP/1.1" 200 309 "http://localhost:5173/" "Mozilla/5.0 (Windows NT 10.0; Win64; x64) AppleWebKit/537.36 (KHTML, like Gecko) Chrome/149.0.0.0 Safari/537.36 Edg/149.0.0.0"
[2026-06-15 12:29:45] INFO: ::1 - - [15/Jun/2026:09:29:45 +0000] "GET /api/v1/provider/reviews HTTP/1.1" 200 105 "http://localhost:5173/" "Mozilla/5.0 (Windows NT 10.0; Win64; x64) AppleWebKit/537.36 (KHTML, like Gecko) Chrome/149.0.0.0 Safari/537.36 Edg/149.0.0.0"
[2026-06-15 12:29:45] INFO: ::1 - - [15/Jun/2026:09:29:45 +0000] "GET /api/v1/provider/discounts/special-entities HTTP/1.1" 304 - "http://localhost:5173/" "Mozilla/5.0 (Windows NT 10.0; Win64; x64) AppleWebKit/537.36 (KHTML, like Gecko) Chrome/149.0.0.0 Safari/537.36 Edg/149.0.0.0"
[2026-06-15 12:29:45] INFO: ::1 - - [15/Jun/2026:09:29:45 +0000] "GET /api/v1/provider/settings HTTP/1.1" 304 - "http://localhost:5173/" "Mozilla/5.0 (Windows NT 10.0; Win64; x64) AppleWebKit/537.36 (KHTML, like Gecko) Chrome/149.0.0.0 Safari/537.36 Edg/149.0.0.0"
[2026-06-15 12:29:45] INFO: ::1 - - [15/Jun/2026:09:29:45 +0000] "GET /api/v1/provider/orders HTTP/1.1" 304 - "http://localhost:5173/" "Mozilla/5.0 (Windows NT 10.0; Win64; x64) AppleWebKit/537.36 (KHTML, like Gecko) Chrome/149.0.0.0 Safari/537.36 Edg/149.0.0.0"
[2026-06-15 12:29:46] INFO: ::1 - - [15/Jun/2026:09:29:46 +0000] "GET /api/v1/provider/dashboard HTTP/1.1" 304 - "http://localhost:5173/" "Mozilla/5.0 (Windows NT 10.0; Win64; x64) AppleWebKit/537.36 (KHTML, like Gecko) Chrome/149.0.0.0 Safari/537.36 Edg/149.0.0.0"
[2026-06-15 12:29:46] INFO: ::1 - - [15/Jun/2026:09:29:46 +0000] "GET /api/v1/provider/reviews HTTP/1.1" 304 - "http://localhost:5173/" "Mozilla/5.0 (Windows NT 10.0; Win64; x64) AppleWebKit/537.36 (KHTML, like Gecko) Chrome/149.0.0.0 Safari/537.36 Edg/149.0.0.0"
[2026-06-15 12:29:46] INFO: ::1 - - [15/Jun/2026:09:29:46 +0000] "GET /api/v1/provider/profile HTTP/1.1" 304 - "http://localhost:5173/" "Mozilla/5.0 (Windows NT 10.0; Win64; x64) AppleWebKit/537.36 (KHTML, like Gecko) Chrome/149.0.0.0 Safari/537.36 Edg/149.0.0.0"
[2026-06-15 12:29:46] INFO: ::1 - - [15/Jun/2026:09:29:46 +0000] "GET /api/v1/provider/services HTTP/1.1" 304 - "http://localhost:5173/" "Mozilla/5.0 (Windows NT 10.0; Win64; x64) AppleWebKit/537.36 (KHTML, like Gecko) Chrome/149.0.0.0 Safari/537.36 Edg/149.0.0.0"
[2026-06-15 12:29:47] INFO: ::1 - - [15/Jun/2026:09:29:47 +0000] "GET /api/v1/provider/services/categories HTTP/1.1" 304 - "http://localhost:5173/" "Mozilla/5.0 (Windows NT 10.0; Win64; x64) AppleWebKit/537.36 (KHTML, like Gecko) Chrome/149.0.0.0 Safari/537.36 Edg/149.0.0.0"
[2026-06-15 12:30:47] INFO: 
         claenovy API SERVER
   Status  : Running
   Port    : 3000
   Env     : development
   Version : v1
      
[2026-06-15 12:31:03] INFO: 
         claenovy API SERVER
   Status  : Running
   Port    : 3000
   Env     : development
   Version : v1
      
[2026-06-15 12:31:23] INFO: 
         claenovy API SERVER
   Status  : Running
   Port    : 3000
   Env     : development
   Version : v1
      
[2026-06-15 12:32:58] INFO: ::1 - - [15/Jun/2026:09:32:58 +0000] "GET /api/v1/provider/dashboard/live HTTP/1.1" 401 90 "http://localhost:5173/" "Mozilla/5.0 (Windows NT 10.0; Win64; x64) AppleWebKit/537.36 (KHTML, like Gecko) Code/1.124.2 Chrome/148.0.7778.97 Electron/42.2.0 Safari/537.36"
[2026-06-15 12:33:03] INFO: ::1 - - [15/Jun/2026:09:33:03 +0000] "GET /api/v1/provider/dashboard HTTP/1.1" - - "http://localhost:5173/" "Mozilla/5.0 (Windows NT 10.0; Win64; x64) AppleWebKit/537.36 (KHTML, like Gecko) Code/1.124.2 Chrome/148.0.7778.97 Electron/42.2.0 Safari/537.36"
[2026-06-15 12:33:03] INFO: ::1 - - [15/Jun/2026:09:33:03 +0000] "GET /api/v1/provider/discounts/special-entities HTTP/1.1" - - "http://localhost:5173/" "Mozilla/5.0 (Windows NT 10.0; Win64; x64) AppleWebKit/537.36 (KHTML, like Gecko) Code/1.124.2 Chrome/148.0.7778.97 Electron/42.2.0 Safari/537.36"
[2026-06-15 12:33:03] INFO: ::1 - - [15/Jun/2026:09:33:03 +0000] "GET /api/v1/provider/discounts/tiers HTTP/1.1" - - "http://localhost:5173/" "Mozilla/5.0 (Windows NT 10.0; Win64; x64) AppleWebKit/537.36 (KHTML, like Gecko) Code/1.124.2 Chrome/148.0.7778.97 Electron/42.2.0 Safari/537.36"
[2026-06-15 12:33:03] INFO: ::1 - - [15/Jun/2026:09:33:03 +0000] "GET /api/v1/provider/orders HTTP/1.1" - - "http://localhost:5173/" "Mozilla/5.0 (Windows NT 10.0; Win64; x64) AppleWebKit/537.36 (KHTML, like Gecko) Code/1.124.2 Chrome/148.0.7778.97 Electron/42.2.0 Safari/537.36"
[2026-06-15 12:33:03] INFO: ::1 - - [15/Jun/2026:09:33:03 +0000] "GET /api/v1/provider/services/categories HTTP/1.1" - - "http://localhost:5173/" "Mozilla/5.0 (Windows NT 10.0; Win64; x64) AppleWebKit/537.36 (KHTML, like Gecko) Code/1.124.2 Chrome/148.0.7778.97 Electron/42.2.0 Safari/537.36"
[2026-06-15 12:33:03] INFO: ::1 - - [15/Jun/2026:09:33:03 +0000] "GET /api/v1/provider/profile HTTP/1.1" - - "http://localhost:5173/" "Mozilla/5.0 (Windows NT 10.0; Win64; x64) AppleWebKit/537.36 (KHTML, like Gecko) Code/1.124.2 Chrome/148.0.7778.97 Electron/42.2.0 Safari/537.36"
[2026-06-15 12:33:03] INFO: ::1 - - [15/Jun/2026:09:33:03 +0000] "GET /api/v1/provider/dashboard/live HTTP/1.1" 401 90 "http://localhost:5173/" "Mozilla/5.0 (Windows NT 10.0; Win64; x64) AppleWebKit/537.36 (KHTML, like Gecko) Code/1.124.2 Chrome/148.0.7778.97 Electron/42.2.0 Safari/537.36"
[2026-06-15 12:33:06] INFO: ::1 - - [15/Jun/2026:09:33:06 +0000] "GET /api/v1/provider/discounts/tiers HTTP/1.1" 200 286 "http://localhost:5173/" "Mozilla/5.0 (Windows NT 10.0; Win64; x64) AppleWebKit/537.36 (KHTML, like Gecko) Code/1.124.2 Chrome/148.0.7778.97 Electron/42.2.0 Safari/537.36"
[2026-06-15 12:33:07] INFO: ::1 - - [15/Jun/2026:09:33:07 +0000] "GET /api/v1/provider/discounts/special-entities HTTP/1.1" 200 36 "http://localhost:5173/" "Mozilla/5.0 (Windows NT 10.0; Win64; x64) AppleWebKit/537.36 (KHTML, like Gecko) Code/1.124.2 Chrome/148.0.7778.97 Electron/42.2.0 Safari/537.36"
[2026-06-15 12:33:07] INFO: ::1 - - [15/Jun/2026:09:33:07 +0000] "GET /api/v1/provider/orders HTTP/1.1" 200 40 "http://localhost:5173/" "Mozilla/5.0 (Windows NT 10.0; Win64; x64) AppleWebKit/537.36 (KHTML, like Gecko) Code/1.124.2 Chrome/148.0.7778.97 Electron/42.2.0 Safari/537.36"
[2026-06-15 12:33:08] INFO: ::1 - - [15/Jun/2026:09:33:08 +0000] "GET /api/v1/provider/services HTTP/1.1" 200 13479 "http://localhost:5173/" "Mozilla/5.0 (Windows NT 10.0; Win64; x64) AppleWebKit/537.36 (KHTML, like Gecko) Code/1.124.2 Chrome/148.0.7778.97 Electron/42.2.0 Safari/537.36"
[2026-06-15 12:33:08] INFO: ::1 - - [15/Jun/2026:09:33:08 +0000] "GET /api/v1/provider/settings HTTP/1.1" 200 342 "http://localhost:5173/" "Mozilla/5.0 (Windows NT 10.0; Win64; x64) AppleWebKit/537.36 (KHTML, like Gecko) Code/1.124.2 Chrome/148.0.7778.97 Electron/42.2.0 Safari/537.36"
[2026-06-15 12:33:08] INFO: ::1 - - [15/Jun/2026:09:33:08 +0000] "GET /api/v1/provider/services/categories HTTP/1.1" 200 2251 "http://localhost:5173/" "Mozilla/5.0 (Windows NT 10.0; Win64; x64) AppleWebKit/537.36 (KHTML, like Gecko) Code/1.124.2 Chrome/148.0.7778.97 Electron/42.2.0 Safari/537.36"
[2026-06-15 12:33:08] INFO: ::1 - - [15/Jun/2026:09:33:08 +0000] "GET /api/v1/provider/reviews HTTP/1.1" 200 105 "http://localhost:5173/" "Mozilla/5.0 (Windows NT 10.0; Win64; x64) AppleWebKit/537.36 (KHTML, like Gecko) Code/1.124.2 Chrome/148.0.7778.97 Electron/42.2.0 Safari/537.36"
[2026-06-15 12:33:08] INFO: ::1 - - [15/Jun/2026:09:33:08 +0000] "GET /api/v1/provider/profile HTTP/1.1" 200 309 "http://localhost:5173/" "Mozilla/5.0 (Windows NT 10.0; Win64; x64) AppleWebKit/537.36 (KHTML, like Gecko) Code/1.124.2 Chrome/148.0.7778.97 Electron/42.2.0 Safari/537.36"
[2026-06-15 12:33:08] INFO: ::1 - - [15/Jun/2026:09:33:08 +0000] "GET /api/v1/provider/discounts/tiers HTTP/1.1" 304 - "http://localhost:5173/" "Mozilla/5.0 (Windows NT 10.0; Win64; x64) AppleWebKit/537.36 (KHTML, like Gecko) Code/1.124.2 Chrome/148.0.7778.97 Electron/42.2.0 Safari/537.36"
[2026-06-15 12:33:09] INFO: ::1 - - [15/Jun/2026:09:33:09 +0000] "GET /api/v1/provider/discounts/special-entities HTTP/1.1" 304 - "http://localhost:5173/" "Mozilla/5.0 (Windows NT 10.0; Win64; x64) AppleWebKit/537.36 (KHTML, like Gecko) Code/1.124.2 Chrome/148.0.7778.97 Electron/42.2.0 Safari/537.36"
[2026-06-15 12:33:09] INFO: ::1 - - [15/Jun/2026:09:33:09 +0000] "GET /api/v1/provider/settings HTTP/1.1" 304 - "http://localhost:5173/" "Mozilla/5.0 (Windows NT 10.0; Win64; x64) AppleWebKit/537.36 (KHTML, like Gecko) Code/1.124.2 Chrome/148.0.7778.97 Electron/42.2.0 Safari/537.36"
[2026-06-15 12:33:09] INFO: ::1 - - [15/Jun/2026:09:33:09 +0000] "GET /api/v1/provider/orders HTTP/1.1" 304 - "http://localhost:5173/" "Mozilla/5.0 (Windows NT 10.0; Win64; x64) AppleWebKit/537.36 (KHTML, like Gecko) Code/1.124.2 Chrome/148.0.7778.97 Electron/42.2.0 Safari/537.36"
[2026-06-15 12:33:09] INFO: ::1 - - [15/Jun/2026:09:33:09 +0000] "GET /api/v1/provider/reviews HTTP/1.1" 304 - "http://localhost:5173/" "Mozilla/5.0 (Windows NT 10.0; Win64; x64) AppleWebKit/537.36 (KHTML, like Gecko) Code/1.124.2 Chrome/148.0.7778.97 Electron/42.2.0 Safari/537.36"
[2026-06-15 12:33:09] INFO: ::1 - - [15/Jun/2026:09:33:09 +0000] "GET /api/v1/provider/services HTTP/1.1" 304 - "http://localhost:5173/" "Mozilla/5.0 (Windows NT 10.0; Win64; x64) AppleWebKit/537.36 (KHTML, like Gecko) Code/1.124.2 Chrome/148.0.7778.97 Electron/42.2.0 Safari/537.36"
[2026-06-15 12:33:10] INFO: ::1 - - [15/Jun/2026:09:33:10 +0000] "GET /api/v1/provider/dashboard HTTP/1.1" 200 431 "http://localhost:5173/" "Mozilla/5.0 (Windows NT 10.0; Win64; x64) AppleWebKit/537.36 (KHTML, like Gecko) Code/1.124.2 Chrome/148.0.7778.97 Electron/42.2.0 Safari/537.36"
[2026-06-15 12:33:10] INFO: ::1 - - [15/Jun/2026:09:33:10 +0000] "GET /api/v1/provider/profile HTTP/1.1" 304 - "http://localhost:5173/" "Mozilla/5.0 (Windows NT 10.0; Win64; x64) AppleWebKit/537.36 (KHTML, like Gecko) Code/1.124.2 Chrome/148.0.7778.97 Electron/42.2.0 Safari/537.36"
[2026-06-15 12:33:10] INFO: ::1 - - [15/Jun/2026:09:33:10 +0000] "GET /api/v1/provider/services/categories HTTP/1.1" 304 - "http://localhost:5173/" "Mozilla/5.0 (Windows NT 10.0; Win64; x64) AppleWebKit/537.36 (KHTML, like Gecko) Code/1.124.2 Chrome/148.0.7778.97 Electron/42.2.0 Safari/537.36"
[2026-06-15 12:33:11] INFO: ::1 - - [15/Jun/2026:09:33:11 +0000] "GET /api/v1/provider/dashboard HTTP/1.1" 304 - "http://localhost:5173/" "Mozilla/5.0 (Windows NT 10.0; Win64; x64) AppleWebKit/537.36 (KHTML, like Gecko) Code/1.124.2 Chrome/148.0.7778.97 Electron/42.2.0 Safari/537.36"
[2026-06-15 12:33:19] INFO: ::1 - - [15/Jun/2026:09:33:19 +0000] "DELETE /api/v1/provider/services/categories/6a2d84271f50dc96b1bba6de HTTP/1.1" 403 72 "http://localhost:5173/" "Mozilla/5.0 (Windows NT 10.0; Win64; x64) AppleWebKit/537.36 (KHTML, like Gecko) Code/1.124.2 Chrome/148.0.7778.97 Electron/42.2.0 Safari/537.36"
[2026-06-15 12:33:37] ERROR: Uncaught Exception: listen EADDRINUSE: address already in use :::3000
[2026-06-15 12:33:54] INFO: 
SIGINT received. Shutting down gracefully...
[2026-06-15 12:34:05] INFO: 
         claenovy API SERVER
   Status  : Running
   Port    : 3000
   Env     : development
   Version : v1
      
[2026-06-15 12:34:13] INFO: ::1 - - [15/Jun/2026:09:34:13 +0000] "GET /api/v1/provider/dashboard/live HTTP/1.1" 401 90 "http://localhost:5173/" "Mozilla/5.0 (Windows NT 10.0; Win64; x64) AppleWebKit/537.36 (KHTML, like Gecko) Code/1.124.2 Chrome/148.0.7778.97 Electron/42.2.0 Safari/537.36"
[2026-06-15 12:34:14] INFO: ::1 - - [15/Jun/2026:09:34:14 +0000] "GET /api/v1/provider/discounts/special-entities HTTP/1.1" 304 - "http://localhost:5173/" "Mozilla/5.0 (Windows NT 10.0; Win64; x64) AppleWebKit/537.36 (KHTML, like Gecko) Code/1.124.2 Chrome/148.0.7778.97 Electron/42.2.0 Safari/537.36"
[2026-06-15 12:34:14] INFO: ::1 - - [15/Jun/2026:09:34:14 +0000] "GET /api/v1/provider/orders HTTP/1.1" 304 - "http://localhost:5173/" "Mozilla/5.0 (Windows NT 10.0; Win64; x64) AppleWebKit/537.36 (KHTML, like Gecko) Code/1.124.2 Chrome/148.0.7778.97 Electron/42.2.0 Safari/537.36"
[2026-06-15 12:34:14] INFO: ::1 - - [15/Jun/2026:09:34:14 +0000] "GET /api/v1/provider/discounts/tiers HTTP/1.1" 304 - "http://localhost:5173/" "Mozilla/5.0 (Windows NT 10.0; Win64; x64) AppleWebKit/537.36 (KHTML, like Gecko) Code/1.124.2 Chrome/148.0.7778.97 Electron/42.2.0 Safari/537.36"
[2026-06-15 12:34:14] INFO: ::1 - - [15/Jun/2026:09:34:14 +0000] "GET /api/v1/provider/profile HTTP/1.1" 304 - "http://localhost:5173/" "Mozilla/5.0 (Windows NT 10.0; Win64; x64) AppleWebKit/537.36 (KHTML, like Gecko) Code/1.124.2 Chrome/148.0.7778.97 Electron/42.2.0 Safari/537.36"
[2026-06-15 12:34:15] INFO: ::1 - - [15/Jun/2026:09:34:15 +0000] "GET /api/v1/provider/dashboard HTTP/1.1" 304 - "http://localhost:5173/" "Mozilla/5.0 (Windows NT 10.0; Win64; x64) AppleWebKit/537.36 (KHTML, like Gecko) Code/1.124.2 Chrome/148.0.7778.97 Electron/42.2.0 Safari/537.36"
[2026-06-15 12:34:15] INFO: ::1 - - [15/Jun/2026:09:34:15 +0000] "GET /api/v1/provider/settings HTTP/1.1" 304 - "http://localhost:5173/" "Mozilla/5.0 (Windows NT 10.0; Win64; x64) AppleWebKit/537.36 (KHTML, like Gecko) Code/1.124.2 Chrome/148.0.7778.97 Electron/42.2.0 Safari/537.36"
[2026-06-15 12:34:15] INFO: ::1 - - [15/Jun/2026:09:34:15 +0000] "GET /api/v1/provider/reviews HTTP/1.1" 304 - "http://localhost:5173/" "Mozilla/5.0 (Windows NT 10.0; Win64; x64) AppleWebKit/537.36 (KHTML, like Gecko) Code/1.124.2 Chrome/148.0.7778.97 Electron/42.2.0 Safari/537.36"
[2026-06-15 12:34:15] INFO: ::1 - - [15/Jun/2026:09:34:15 +0000] "GET /api/v1/provider/discounts/special-entities HTTP/1.1" 304 - "http://localhost:5173/" "Mozilla/5.0 (Windows NT 10.0; Win64; x64) AppleWebKit/537.36 (KHTML, like Gecko) Code/1.124.2 Chrome/148.0.7778.97 Electron/42.2.0 Safari/537.36"
[2026-06-15 12:34:16] INFO: ::1 - - [15/Jun/2026:09:34:16 +0000] "GET /api/v1/provider/orders HTTP/1.1" 304 - "http://localhost:5173/" "Mozilla/5.0 (Windows NT 10.0; Win64; x64) AppleWebKit/537.36 (KHTML, like Gecko) Code/1.124.2 Chrome/148.0.7778.97 Electron/42.2.0 Safari/537.36"
[2026-06-15 12:34:16] INFO: ::1 - - [15/Jun/2026:09:34:16 +0000] "GET /api/v1/provider/services HTTP/1.1" 304 - "http://localhost:5173/" "Mozilla/5.0 (Windows NT 10.0; Win64; x64) AppleWebKit/537.36 (KHTML, like Gecko) Code/1.124.2 Chrome/148.0.7778.97 Electron/42.2.0 Safari/537.36"
[2026-06-15 12:34:16] INFO: ::1 - - [15/Jun/2026:09:34:16 +0000] "GET /api/v1/provider/discounts/tiers HTTP/1.1" 304 - "http://localhost:5173/" "Mozilla/5.0 (Windows NT 10.0; Win64; x64) AppleWebKit/537.36 (KHTML, like Gecko) Code/1.124.2 Chrome/148.0.7778.97 Electron/42.2.0 Safari/537.36"
[2026-06-15 12:34:16] INFO: ::1 - - [15/Jun/2026:09:34:16 +0000] "GET /api/v1/provider/settings HTTP/1.1" 304 - "http://localhost:5173/" "Mozilla/5.0 (Windows NT 10.0; Win64; x64) AppleWebKit/537.36 (KHTML, like Gecko) Code/1.124.2 Chrome/148.0.7778.97 Electron/42.2.0 Safari/537.36"
[2026-06-15 12:34:16] INFO: ::1 - - [15/Jun/2026:09:34:16 +0000] "GET /api/v1/provider/profile HTTP/1.1" 304 - "http://localhost:5173/" "Mozilla/5.0 (Windows NT 10.0; Win64; x64) AppleWebKit/537.36 (KHTML, like Gecko) Code/1.124.2 Chrome/148.0.7778.97 Electron/42.2.0 Safari/537.36"
[2026-06-15 12:34:17] INFO: ::1 - - [15/Jun/2026:09:34:17 +0000] "GET /api/v1/provider/reviews HTTP/1.1" 304 - "http://localhost:5173/" "Mozilla/5.0 (Windows NT 10.0; Win64; x64) AppleWebKit/537.36 (KHTML, like Gecko) Code/1.124.2 Chrome/148.0.7778.97 Electron/42.2.0 Safari/537.36"
[2026-06-15 12:34:17] INFO: ::1 - - [15/Jun/2026:09:34:17 +0000] "GET /api/v1/provider/dashboard HTTP/1.1" 304 - "http://localhost:5173/" "Mozilla/5.0 (Windows NT 10.0; Win64; x64) AppleWebKit/537.36 (KHTML, like Gecko) Code/1.124.2 Chrome/148.0.7778.97 Electron/42.2.0 Safari/537.36"
[2026-06-15 12:34:17] INFO: ::1 - - [15/Jun/2026:09:34:17 +0000] "GET /api/v1/provider/services/categories HTTP/1.1" 304 - "http://localhost:5173/" "Mozilla/5.0 (Windows NT 10.0; Win64; x64) AppleWebKit/537.36 (KHTML, like Gecko) Code/1.124.2 Chrome/148.0.7778.97 Electron/42.2.0 Safari/537.36"
[2026-06-15 12:34:17] INFO: ::1 - - [15/Jun/2026:09:34:17 +0000] "GET /api/v1/provider/services HTTP/1.1" 304 - "http://localhost:5173/" "Mozilla/5.0 (Windows NT 10.0; Win64; x64) AppleWebKit/537.36 (KHTML, like Gecko) Code/1.124.2 Chrome/148.0.7778.97 Electron/42.2.0 Safari/537.36"
[2026-06-15 12:34:19] INFO: ::1 - - [15/Jun/2026:09:34:19 +0000] "GET /api/v1/provider/services/categories HTTP/1.1" 304 - "http://localhost:5173/" "Mozilla/5.0 (Windows NT 10.0; Win64; x64) AppleWebKit/537.36 (KHTML, like Gecko) Code/1.124.2 Chrome/148.0.7778.97 Electron/42.2.0 Safari/537.36"
[2026-06-15 12:34:21] INFO: ::1 - - [15/Jun/2026:09:34:21 +0000] "DELETE /api/v1/provider/services/categories/6a2d84271f50dc96b1bba6e0 HTTP/1.1" 403 72 "http://localhost:5173/" "Mozilla/5.0 (Windows NT 10.0; Win64; x64) AppleWebKit/537.36 (KHTML, like Gecko) Code/1.124.2 Chrome/148.0.7778.97 Electron/42.2.0 Safari/537.36"
[2026-06-15 12:34:23] INFO: ::1 - - [15/Jun/2026:09:34:23 +0000] "DELETE /api/v1/provider/services/categories/6a2d84271f50dc96b1bba6df HTTP/1.1" 403 72 "http://localhost:5173/" "Mozilla/5.0 (Windows NT 10.0; Win64; x64) AppleWebKit/537.36 (KHTML, like Gecko) Code/1.124.2 Chrome/148.0.7778.97 Electron/42.2.0 Safari/537.36"
[2026-06-15 12:35:31] INFO: ::1 - - [15/Jun/2026:09:35:31 +0000] "GET /api/v1/provider/dashboard/live HTTP/1.1" 401 90 "http://localhost:5173/" "Mozilla/5.0 (Windows NT 10.0; Win64; x64) AppleWebKit/537.36 (KHTML, like Gecko) Code/1.124.2 Chrome/148.0.7778.97 Electron/42.2.0 Safari/537.36"
[2026-06-15 12:35:32] INFO: ::1 - - [15/Jun/2026:09:35:32 +0000] "GET /api/v1/provider/orders HTTP/1.1" 304 - "http://localhost:5173/" "Mozilla/5.0 (Windows NT 10.0; Win64; x64) AppleWebKit/537.36 (KHTML, like Gecko) Code/1.124.2 Chrome/148.0.7778.97 Electron/42.2.0 Safari/537.36"
[2026-06-15 12:35:32] INFO: ::1 - - [15/Jun/2026:09:35:32 +0000] "GET /api/v1/provider/discounts/tiers HTTP/1.1" 304 - "http://localhost:5173/" "Mozilla/5.0 (Windows NT 10.0; Win64; x64) AppleWebKit/537.36 (KHTML, like Gecko) Code/1.124.2 Chrome/148.0.7778.97 Electron/42.2.0 Safari/537.36"
[2026-06-15 12:35:32] INFO: ::1 - - [15/Jun/2026:09:35:32 +0000] "GET /api/v1/provider/discounts/special-entities HTTP/1.1" 304 - "http://localhost:5173/" "Mozilla/5.0 (Windows NT 10.0; Win64; x64) AppleWebKit/537.36 (KHTML, like Gecko) Code/1.124.2 Chrome/148.0.7778.97 Electron/42.2.0 Safari/537.36"
[2026-06-15 12:35:32] INFO: ::1 - - [15/Jun/2026:09:35:32 +0000] "GET /api/v1/provider/settings HTTP/1.1" 304 - "http://localhost:5173/" "Mozilla/5.0 (Windows NT 10.0; Win64; x64) AppleWebKit/537.36 (KHTML, like Gecko) Code/1.124.2 Chrome/148.0.7778.97 Electron/42.2.0 Safari/537.36"
[2026-06-15 12:35:32] INFO: ::1 - - [15/Jun/2026:09:35:32 +0000] "GET /api/v1/provider/dashboard HTTP/1.1" 304 - "http://localhost:5173/" "Mozilla/5.0 (Windows NT 10.0; Win64; x64) AppleWebKit/537.36 (KHTML, like Gecko) Code/1.124.2 Chrome/148.0.7778.97 Electron/42.2.0 Safari/537.36"
[2026-06-15 12:35:32] INFO: ::1 - - [15/Jun/2026:09:35:32 +0000] "GET /api/v1/provider/services HTTP/1.1" 304 - "http://localhost:5173/" "Mozilla/5.0 (Windows NT 10.0; Win64; x64) AppleWebKit/537.36 (KHTML, like Gecko) Code/1.124.2 Chrome/148.0.7778.97 Electron/42.2.0 Safari/537.36"
[2026-06-15 12:35:33] INFO: ::1 - - [15/Jun/2026:09:35:33 +0000] "GET /api/v1/provider/services/categories HTTP/1.1" 304 - "http://localhost:5173/" "Mozilla/5.0 (Windows NT 10.0; Win64; x64) AppleWebKit/537.36 (KHTML, like Gecko) Code/1.124.2 Chrome/148.0.7778.97 Electron/42.2.0 Safari/537.36"
[2026-06-15 12:35:33] INFO: ::1 - - [15/Jun/2026:09:35:33 +0000] "GET /api/v1/provider/reviews HTTP/1.1" 304 - "http://localhost:5173/" "Mozilla/5.0 (Windows NT 10.0; Win64; x64) AppleWebKit/537.36 (KHTML, like Gecko) Code/1.124.2 Chrome/148.0.7778.97 Electron/42.2.0 Safari/537.36"
[2026-06-15 12:35:33] INFO: ::1 - - [15/Jun/2026:09:35:33 +0000] "GET /api/v1/provider/profile HTTP/1.1" 304 - "http://localhost:5173/" "Mozilla/5.0 (Windows NT 10.0; Win64; x64) AppleWebKit/537.36 (KHTML, like Gecko) Code/1.124.2 Chrome/148.0.7778.97 Electron/42.2.0 Safari/537.36"
[2026-06-15 12:35:33] INFO: ::1 - - [15/Jun/2026:09:35:33 +0000] "GET /api/v1/provider/settings HTTP/1.1" 304 - "http://localhost:5173/" "Mozilla/5.0 (Windows NT 10.0; Win64; x64) AppleWebKit/537.36 (KHTML, like Gecko) Code/1.124.2 Chrome/148.0.7778.97 Electron/42.2.0 Safari/537.36"
[2026-06-15 12:35:33] INFO: ::1 - - [15/Jun/2026:09:35:33 +0000] "GET /api/v1/provider/orders HTTP/1.1" 304 - "http://localhost:5173/" "Mozilla/5.0 (Windows NT 10.0; Win64; x64) AppleWebKit/537.36 (KHTML, like Gecko) Code/1.124.2 Chrome/148.0.7778.97 Electron/42.2.0 Safari/537.36"
[2026-06-15 12:35:33] INFO: ::1 - - [15/Jun/2026:09:35:33 +0000] "GET /api/v1/provider/discounts/tiers HTTP/1.1" 304 - "http://localhost:5173/" "Mozilla/5.0 (Windows NT 10.0; Win64; x64) AppleWebKit/537.36 (KHTML, like Gecko) Code/1.124.2 Chrome/148.0.7778.97 Electron/42.2.0 Safari/537.36"
[2026-06-15 12:35:33] INFO: ::1 - - [15/Jun/2026:09:35:33 +0000] "GET /api/v1/provider/discounts/special-entities HTTP/1.1" 304 - "http://localhost:5173/" "Mozilla/5.0 (Windows NT 10.0; Win64; x64) AppleWebKit/537.36 (KHTML, like Gecko) Code/1.124.2 Chrome/148.0.7778.97 Electron/42.2.0 Safari/537.36"
[2026-06-15 12:35:34] INFO: ::1 - - [15/Jun/2026:09:35:34 +0000] "GET /api/v1/provider/reviews HTTP/1.1" 304 - "http://localhost:5173/" "Mozilla/5.0 (Windows NT 10.0; Win64; x64) AppleWebKit/537.36 (KHTML, like Gecko) Code/1.124.2 Chrome/148.0.7778.97 Electron/42.2.0 Safari/537.36"
[2026-06-15 12:35:34] INFO: ::1 - - [15/Jun/2026:09:35:34 +0000] "GET /api/v1/provider/dashboard HTTP/1.1" 304 - "http://localhost:5173/" "Mozilla/5.0 (Windows NT 10.0; Win64; x64) AppleWebKit/537.36 (KHTML, like Gecko) Code/1.124.2 Chrome/148.0.7778.97 Electron/42.2.0 Safari/537.36"
[2026-06-15 12:35:34] INFO: ::1 - - [15/Jun/2026:09:35:34 +0000] "GET /api/v1/provider/services HTTP/1.1" 304 - "http://localhost:5173/" "Mozilla/5.0 (Windows NT 10.0; Win64; x64) AppleWebKit/537.36 (KHTML, like Gecko) Code/1.124.2 Chrome/148.0.7778.97 Electron/42.2.0 Safari/537.36"
[2026-06-15 12:35:34] INFO: ::1 - - [15/Jun/2026:09:35:34 +0000] "GET /api/v1/provider/profile HTTP/1.1" 304 - "http://localhost:5173/" "Mozilla/5.0 (Windows NT 10.0; Win64; x64) AppleWebKit/537.36 (KHTML, like Gecko) Code/1.124.2 Chrome/148.0.7778.97 Electron/42.2.0 Safari/537.36"
[2026-06-15 12:35:35] INFO: ::1 - - [15/Jun/2026:09:35:35 +0000] "GET /api/v1/provider/services/categories HTTP/1.1" 304 - "http://localhost:5173/" "Mozilla/5.0 (Windows NT 10.0; Win64; x64) AppleWebKit/537.36 (KHTML, like Gecko) Code/1.124.2 Chrome/148.0.7778.97 Electron/42.2.0 Safari/537.36"
[2026-06-15 12:36:59] INFO: ::1 - - [15/Jun/2026:09:36:59 +0000] "GET /api/v1/provider/dashboard/live HTTP/1.1" 401 90 "http://localhost:5173/" "Mozilla/5.0 (Windows NT 10.0; Win64; x64) AppleWebKit/537.36 (KHTML, like Gecko) Code/1.124.2 Chrome/148.0.7778.97 Electron/42.2.0 Safari/537.36"
[2026-06-15 12:37:00] INFO: ::1 - - [15/Jun/2026:09:37:00 +0000] "GET /api/v1/provider/orders HTTP/1.1" 304 - "http://localhost:5173/" "Mozilla/5.0 (Windows NT 10.0; Win64; x64) AppleWebKit/537.36 (KHTML, like Gecko) Code/1.124.2 Chrome/148.0.7778.97 Electron/42.2.0 Safari/537.36"
[2026-06-15 12:37:00] INFO: ::1 - - [15/Jun/2026:09:37:00 +0000] "GET /api/v1/provider/discounts/tiers HTTP/1.1" 304 - "http://localhost:5173/" "Mozilla/5.0 (Windows NT 10.0; Win64; x64) AppleWebKit/537.36 (KHTML, like Gecko) Code/1.124.2 Chrome/148.0.7778.97 Electron/42.2.0 Safari/537.36"
[2026-06-15 12:37:00] INFO: ::1 - - [15/Jun/2026:09:37:00 +0000] "GET /api/v1/provider/discounts/special-entities HTTP/1.1" 304 - "http://localhost:5173/" "Mozilla/5.0 (Windows NT 10.0; Win64; x64) AppleWebKit/537.36 (KHTML, like Gecko) Code/1.124.2 Chrome/148.0.7778.97 Electron/42.2.0 Safari/537.36"
[2026-06-15 12:37:01] INFO: ::1 - - [15/Jun/2026:09:37:01 +0000] "GET /api/v1/provider/services HTTP/1.1" 304 - "http://localhost:5173/" "Mozilla/5.0 (Windows NT 10.0; Win64; x64) AppleWebKit/537.36 (KHTML, like Gecko) Code/1.124.2 Chrome/148.0.7778.97 Electron/42.2.0 Safari/537.36"
[2026-06-15 12:37:01] INFO: ::1 - - [15/Jun/2026:09:37:01 +0000] "GET /api/v1/provider/settings HTTP/1.1" 304 - "http://localhost:5173/" "Mozilla/5.0 (Windows NT 10.0; Win64; x64) AppleWebKit/537.36 (KHTML, like Gecko) Code/1.124.2 Chrome/148.0.7778.97 Electron/42.2.0 Safari/537.36"
[2026-06-15 12:37:01] INFO: ::1 - - [15/Jun/2026:09:37:01 +0000] "GET /api/v1/provider/dashboard HTTP/1.1" 304 - "http://localhost:5173/" "Mozilla/5.0 (Windows NT 10.0; Win64; x64) AppleWebKit/537.36 (KHTML, like Gecko) Code/1.124.2 Chrome/148.0.7778.97 Electron/42.2.0 Safari/537.36"
[2026-06-15 12:37:01] INFO: ::1 - - [15/Jun/2026:09:37:01 +0000] "GET /api/v1/provider/services/categories HTTP/1.1" 304 - "http://localhost:5173/" "Mozilla/5.0 (Windows NT 10.0; Win64; x64) AppleWebKit/537.36 (KHTML, like Gecko) Code/1.124.2 Chrome/148.0.7778.97 Electron/42.2.0 Safari/537.36"
[2026-06-15 12:37:01] INFO: ::1 - - [15/Jun/2026:09:37:01 +0000] "GET /api/v1/provider/reviews HTTP/1.1" 304 - "http://localhost:5173/" "Mozilla/5.0 (Windows NT 10.0; Win64; x64) AppleWebKit/537.36 (KHTML, like Gecko) Code/1.124.2 Chrome/148.0.7778.97 Electron/42.2.0 Safari/537.36"
[2026-06-15 12:37:01] INFO: ::1 - - [15/Jun/2026:09:37:01 +0000] "GET /api/v1/provider/profile HTTP/1.1" 304 - "http://localhost:5173/" "Mozilla/5.0 (Windows NT 10.0; Win64; x64) AppleWebKit/537.36 (KHTML, like Gecko) Code/1.124.2 Chrome/148.0.7778.97 Electron/42.2.0 Safari/537.36"
[2026-06-15 12:37:02] INFO: ::1 - - [15/Jun/2026:09:37:02 +0000] "GET /api/v1/provider/discounts/tiers HTTP/1.1" 304 - "http://localhost:5173/" "Mozilla/5.0 (Windows NT 10.0; Win64; x64) AppleWebKit/537.36 (KHTML, like Gecko) Code/1.124.2 Chrome/148.0.7778.97 Electron/42.2.0 Safari/537.36"
[2026-06-15 12:37:02] INFO: ::1 - - [15/Jun/2026:09:37:02 +0000] "GET /api/v1/provider/discounts/special-entities HTTP/1.1" 304 - "http://localhost:5173/" "Mozilla/5.0 (Windows NT 10.0; Win64; x64) AppleWebKit/537.36 (KHTML, like Gecko) Code/1.124.2 Chrome/148.0.7778.97 Electron/42.2.0 Safari/537.36"
[2026-06-15 12:37:02] INFO: ::1 - - [15/Jun/2026:09:37:02 +0000] "GET /api/v1/provider/orders HTTP/1.1" 304 - "http://localhost:5173/" "Mozilla/5.0 (Windows NT 10.0; Win64; x64) AppleWebKit/537.36 (KHTML, like Gecko) Code/1.124.2 Chrome/148.0.7778.97 Electron/42.2.0 Safari/537.36"
[2026-06-15 12:37:02] INFO: ::1 - - [15/Jun/2026:09:37:02 +0000] "GET /api/v1/provider/settings HTTP/1.1" 304 - "http://localhost:5173/" "Mozilla/5.0 (Windows NT 10.0; Win64; x64) AppleWebKit/537.36 (KHTML, like Gecko) Code/1.124.2 Chrome/148.0.7778.97 Electron/42.2.0 Safari/537.36"
[2026-06-15 12:37:02] INFO: ::1 - - [15/Jun/2026:09:37:02 +0000] "GET /api/v1/provider/services HTTP/1.1" 304 - "http://localhost:5173/" "Mozilla/5.0 (Windows NT 10.0; Win64; x64) AppleWebKit/537.36 (KHTML, like Gecko) Code/1.124.2 Chrome/148.0.7778.97 Electron/42.2.0 Safari/537.36"
[2026-06-15 12:37:02] INFO: ::1 - - [15/Jun/2026:09:37:02 +0000] "GET /api/v1/provider/reviews HTTP/1.1" 304 - "http://localhost:5173/" "Mozilla/5.0 (Windows NT 10.0; Win64; x64) AppleWebKit/537.36 (KHTML, like Gecko) Code/1.124.2 Chrome/148.0.7778.97 Electron/42.2.0 Safari/537.36"
[2026-06-15 12:37:03] INFO: ::1 - - [15/Jun/2026:09:37:03 +0000] "GET /api/v1/provider/dashboard HTTP/1.1" 304 - "http://localhost:5173/" "Mozilla/5.0 (Windows NT 10.0; Win64; x64) AppleWebKit/537.36 (KHTML, like Gecko) Code/1.124.2 Chrome/148.0.7778.97 Electron/42.2.0 Safari/537.36"
[2026-06-15 12:37:03] INFO: ::1 - - [15/Jun/2026:09:37:03 +0000] "GET /api/v1/provider/profile HTTP/1.1" 304 - "http://localhost:5173/" "Mozilla/5.0 (Windows NT 10.0; Win64; x64) AppleWebKit/537.36 (KHTML, like Gecko) Code/1.124.2 Chrome/148.0.7778.97 Electron/42.2.0 Safari/537.36"
[2026-06-15 12:37:03] INFO: ::1 - - [15/Jun/2026:09:37:03 +0000] "GET /api/v1/provider/services/categories HTTP/1.1" 304 - "http://localhost:5173/" "Mozilla/5.0 (Windows NT 10.0; Win64; x64) AppleWebKit/537.36 (KHTML, like Gecko) Code/1.124.2 Chrome/148.0.7778.97 Electron/42.2.0 Safari/537.36"
[2026-06-15 12:37:17] INFO: ::1 - - [15/Jun/2026:09:37:17 +0000] "PATCH /api/v1/provider/profile HTTP/1.1" 200 79 "http://localhost:5173/" "Mozilla/5.0 (Windows NT 10.0; Win64; x64) AppleWebKit/537.36 (KHTML, like Gecko) Code/1.124.2 Chrome/148.0.7778.97 Electron/42.2.0 Safari/537.36"
[2026-06-15 12:49:20] INFO: 
         claenovy API SERVER
   Status  : Running
   Port    : 3000
   Env     : development
   Version : v1
      
[2026-06-15 12:53:08] INFO: ::1 - - [15/Jun/2026:09:53:08 +0000] "DELETE /api/v1/provider/services/categories/6a2d84271f50dc96b1bba6df HTTP/1.1" 403 72 "http://localhost:5173/" "Mozilla/5.0 (Windows NT 10.0; Win64; x64) AppleWebKit/537.36 (KHTML, like Gecko) Code/1.124.2 Chrome/148.0.7778.97 Electron/42.2.0 Safari/537.36"
[2026-06-15 12:53:55] INFO: ::1 - - [15/Jun/2026:09:53:55 +0000] "GET /api/v1/provider/dashboard/live HTTP/1.1" 401 90 "http://localhost:5173/" "Mozilla/5.0 (Windows NT 10.0; Win64; x64) AppleWebKit/537.36 (KHTML, like Gecko) Code/1.124.2 Chrome/148.0.7778.97 Electron/42.2.0 Safari/537.36"
[2026-06-15 12:53:56] INFO: ::1 - - [15/Jun/2026:09:53:56 +0000] "GET /api/v1/provider/discounts/special-entities HTTP/1.1" 304 - "http://localhost:5173/" "Mozilla/5.0 (Windows NT 10.0; Win64; x64) AppleWebKit/537.36 (KHTML, like Gecko) Code/1.124.2 Chrome/148.0.7778.97 Electron/42.2.0 Safari/537.36"
[2026-06-15 12:53:56] INFO: ::1 - - [15/Jun/2026:09:53:56 +0000] "GET /api/v1/provider/orders HTTP/1.1" 304 - "http://localhost:5173/" "Mozilla/5.0 (Windows NT 10.0; Win64; x64) AppleWebKit/537.36 (KHTML, like Gecko) Code/1.124.2 Chrome/148.0.7778.97 Electron/42.2.0 Safari/537.36"
[2026-06-15 12:53:56] INFO: ::1 - - [15/Jun/2026:09:53:56 +0000] "GET /api/v1/provider/profile HTTP/1.1" 200 304 "http://localhost:5173/" "Mozilla/5.0 (Windows NT 10.0; Win64; x64) AppleWebKit/537.36 (KHTML, like Gecko) Code/1.124.2 Chrome/148.0.7778.97 Electron/42.2.0 Safari/537.36"
[2026-06-15 12:53:57] INFO: ::1 - - [15/Jun/2026:09:53:57 +0000] "GET /api/v1/provider/dashboard HTTP/1.1" 304 - "http://localhost:5173/" "Mozilla/5.0 (Windows NT 10.0; Win64; x64) AppleWebKit/537.36 (KHTML, like Gecko) Code/1.124.2 Chrome/148.0.7778.97 Electron/42.2.0 Safari/537.36"
[2026-06-15 12:53:57] INFO: ::1 - - [15/Jun/2026:09:53:57 +0000] "GET /api/v1/provider/settings HTTP/1.1" 304 - "http://localhost:5173/" "Mozilla/5.0 (Windows NT 10.0; Win64; x64) AppleWebKit/537.36 (KHTML, like Gecko) Code/1.124.2 Chrome/148.0.7778.97 Electron/42.2.0 Safari/537.36"
[2026-06-15 12:53:57] INFO: ::1 - - [15/Jun/2026:09:53:57 +0000] "GET /api/v1/provider/services/categories HTTP/1.1" 304 - "http://localhost:5173/" "Mozilla/5.0 (Windows NT 10.0; Win64; x64) AppleWebKit/537.36 (KHTML, like Gecko) Code/1.124.2 Chrome/148.0.7778.97 Electron/42.2.0 Safari/537.36"
[2026-06-15 12:53:57] INFO: ::1 - - [15/Jun/2026:09:53:57 +0000] "GET /api/v1/provider/reviews HTTP/1.1" 304 - "http://localhost:5173/" "Mozilla/5.0 (Windows NT 10.0; Win64; x64) AppleWebKit/537.36 (KHTML, like Gecko) Code/1.124.2 Chrome/148.0.7778.97 Electron/42.2.0 Safari/537.36"
[2026-06-15 12:53:58] INFO: ::1 - - [15/Jun/2026:09:53:58 +0000] "GET /api/v1/provider/discounts/special-entities HTTP/1.1" 304 - "http://localhost:5173/" "Mozilla/5.0 (Windows NT 10.0; Win64; x64) AppleWebKit/537.36 (KHTML, like Gecko) Code/1.124.2 Chrome/148.0.7778.97 Electron/42.2.0 Safari/537.36"
[2026-06-15 12:53:58] INFO: ::1 - - [15/Jun/2026:09:53:58 +0000] "GET /api/v1/provider/services HTTP/1.1" 304 - "http://localhost:5173/" "Mozilla/5.0 (Windows NT 10.0; Win64; x64) AppleWebKit/537.36 (KHTML, like Gecko) Code/1.124.2 Chrome/148.0.7778.97 Electron/42.2.0 Safari/537.36"
[2026-06-15 12:53:58] INFO: ::1 - - [15/Jun/2026:09:53:58 +0000] "GET /api/v1/provider/orders HTTP/1.1" 304 - "http://localhost:5173/" "Mozilla/5.0 (Windows NT 10.0; Win64; x64) AppleWebKit/537.36 (KHTML, like Gecko) Code/1.124.2 Chrome/148.0.7778.97 Electron/42.2.0 Safari/537.36"
[2026-06-15 12:53:58] INFO: ::1 - - [15/Jun/2026:09:53:58 +0000] "GET /api/v1/provider/settings HTTP/1.1" 304 - "http://localhost:5173/" "Mozilla/5.0 (Windows NT 10.0; Win64; x64) AppleWebKit/537.36 (KHTML, like Gecko) Code/1.124.2 Chrome/148.0.7778.97 Electron/42.2.0 Safari/537.36"
[2026-06-15 12:53:58] INFO: ::1 - - [15/Jun/2026:09:53:58 +0000] "GET /api/v1/provider/profile HTTP/1.1" 304 - "http://localhost:5173/" "Mozilla/5.0 (Windows NT 10.0; Win64; x64) AppleWebKit/537.36 (KHTML, like Gecko) Code/1.124.2 Chrome/148.0.7778.97 Electron/42.2.0 Safari/537.36"
[2026-06-15 12:53:58] INFO: ::1 - - [15/Jun/2026:09:53:58 +0000] "GET /api/v1/provider/discounts/tiers HTTP/1.1" 304 - "http://localhost:5173/" "Mozilla/5.0 (Windows NT 10.0; Win64; x64) AppleWebKit/537.36 (KHTML, like Gecko) Code/1.124.2 Chrome/148.0.7778.97 Electron/42.2.0 Safari/537.36"
[2026-06-15 12:53:59] INFO: ::1 - - [15/Jun/2026:09:53:59 +0000] "GET /api/v1/provider/reviews HTTP/1.1" 304 - "http://localhost:5173/" "Mozilla/5.0 (Windows NT 10.0; Win64; x64) AppleWebKit/537.36 (KHTML, like Gecko) Code/1.124.2 Chrome/148.0.7778.97 Electron/42.2.0 Safari/537.36"
[2026-06-15 12:53:59] INFO: ::1 - - [15/Jun/2026:09:53:59 +0000] "GET /api/v1/provider/dashboard HTTP/1.1" 304 - "http://localhost:5173/" "Mozilla/5.0 (Windows NT 10.0; Win64; x64) AppleWebKit/537.36 (KHTML, like Gecko) Code/1.124.2 Chrome/148.0.7778.97 Electron/42.2.0 Safari/537.36"
[2026-06-15 12:53:59] INFO: ::1 - - [15/Jun/2026:09:53:59 +0000] "GET /api/v1/provider/discounts/tiers HTTP/1.1" 304 - "http://localhost:5173/" "Mozilla/5.0 (Windows NT 10.0; Win64; x64) AppleWebKit/537.36 (KHTML, like Gecko) Code/1.124.2 Chrome/148.0.7778.97 Electron/42.2.0 Safari/537.36"
[2026-06-15 12:53:59] INFO: ::1 - - [15/Jun/2026:09:53:59 +0000] "GET /api/v1/provider/services/categories HTTP/1.1" 304 - "http://localhost:5173/" "Mozilla/5.0 (Windows NT 10.0; Win64; x64) AppleWebKit/537.36 (KHTML, like Gecko) Code/1.124.2 Chrome/148.0.7778.97 Electron/42.2.0 Safari/537.36"
[2026-06-15 12:54:00] INFO: ::1 - - [15/Jun/2026:09:54:00 +0000] "GET /api/v1/provider/services HTTP/1.1" 304 - "http://localhost:5173/" "Mozilla/5.0 (Windows NT 10.0; Win64; x64) AppleWebKit/537.36 (KHTML, like Gecko) Code/1.124.2 Chrome/148.0.7778.97 Electron/42.2.0 Safari/537.36"
[2026-06-15 12:54:18] INFO: 
         claenovy API SERVER
   Status  : Running
   Port    : 3000
   Env     : development
   Version : v1
      
[2026-06-15 12:55:40] INFO: 
         claenovy API SERVER
   Status  : Running
   Port    : 3000
   Env     : development
   Version : v1
      
[2026-06-15 12:55:51] ERROR: Uncaught Exception: listen EADDRINUSE: address already in use :::3000
[2026-06-15 12:55:58] INFO: 
SIGINT received. Shutting down gracefully...
[2026-06-15 12:56:15] INFO: 
         claenovy API SERVER
   Status  : Running
   Port    : 3000
   Env     : development
   Version : v1
      
[2026-06-15 12:56:20] INFO: ::1 - - [15/Jun/2026:09:56:20 +0000] "GET /api/v1/provider/dashboard/live HTTP/1.1" 401 90 "http://localhost:5173/" "Mozilla/5.0 (Windows NT 10.0; Win64; x64) AppleWebKit/537.36 (KHTML, like Gecko) Code/1.124.2 Chrome/148.0.7778.97 Electron/42.2.0 Safari/537.36"
[2026-06-15 12:56:20] INFO: ::1 - - [15/Jun/2026:09:56:20 +0000] "GET /api/v1/provider/orders HTTP/1.1" 304 - "http://localhost:5173/" "Mozilla/5.0 (Windows NT 10.0; Win64; x64) AppleWebKit/537.36 (KHTML, like Gecko) Code/1.124.2 Chrome/148.0.7778.97 Electron/42.2.0 Safari/537.36"
[2026-06-15 12:56:21] INFO: ::1 - - [15/Jun/2026:09:56:21 +0000] "GET /api/v1/provider/profile HTTP/1.1" 304 - "http://localhost:5173/" "Mozilla/5.0 (Windows NT 10.0; Win64; x64) AppleWebKit/537.36 (KHTML, like Gecko) Code/1.124.2 Chrome/148.0.7778.97 Electron/42.2.0 Safari/537.36"
[2026-06-15 12:56:21] INFO: ::1 - - [15/Jun/2026:09:56:21 +0000] "GET /api/v1/provider/dashboard HTTP/1.1" 304 - "http://localhost:5173/" "Mozilla/5.0 (Windows NT 10.0; Win64; x64) AppleWebKit/537.36 (KHTML, like Gecko) Code/1.124.2 Chrome/148.0.7778.97 Electron/42.2.0 Safari/537.36"
[2026-06-15 12:56:21] INFO: ::1 - - [15/Jun/2026:09:56:21 +0000] "GET /api/v1/provider/settings HTTP/1.1" 304 - "http://localhost:5173/" "Mozilla/5.0 (Windows NT 10.0; Win64; x64) AppleWebKit/537.36 (KHTML, like Gecko) Code/1.124.2 Chrome/148.0.7778.97 Electron/42.2.0 Safari/537.36"
[2026-06-15 12:56:21] INFO: ::1 - - [15/Jun/2026:09:56:21 +0000] "GET /api/v1/provider/services/categories HTTP/1.1" 304 - "http://localhost:5173/" "Mozilla/5.0 (Windows NT 10.0; Win64; x64) AppleWebKit/537.36 (KHTML, like Gecko) Code/1.124.2 Chrome/148.0.7778.97 Electron/42.2.0 Safari/537.36"
[2026-06-15 12:56:22] INFO: ::1 - - [15/Jun/2026:09:56:22 +0000] "GET /api/v1/provider/services HTTP/1.1" 304 - "http://localhost:5173/" "Mozilla/5.0 (Windows NT 10.0; Win64; x64) AppleWebKit/537.36 (KHTML, like Gecko) Code/1.124.2 Chrome/148.0.7778.97 Electron/42.2.0 Safari/537.36"
[2026-06-15 12:56:22] INFO: ::1 - - [15/Jun/2026:09:56:22 +0000] "GET /api/v1/provider/reviews HTTP/1.1" 304 - "http://localhost:5173/" "Mozilla/5.0 (Windows NT 10.0; Win64; x64) AppleWebKit/537.36 (KHTML, like Gecko) Code/1.124.2 Chrome/148.0.7778.97 Electron/42.2.0 Safari/537.36"
[2026-06-15 12:56:22] INFO: ::1 - - [15/Jun/2026:09:56:22 +0000] "GET /api/v1/provider/orders HTTP/1.1" 304 - "http://localhost:5173/" "Mozilla/5.0 (Windows NT 10.0; Win64; x64) AppleWebKit/537.36 (KHTML, like Gecko) Code/1.124.2 Chrome/148.0.7778.97 Electron/42.2.0 Safari/537.36"
[2026-06-15 12:56:23] INFO: ::1 - - [15/Jun/2026:09:56:23 +0000] "GET /api/v1/provider/profile HTTP/1.1" 304 - "http://localhost:5173/" "Mozilla/5.0 (Windows NT 10.0; Win64; x64) AppleWebKit/537.36 (KHTML, like Gecko) Code/1.124.2 Chrome/148.0.7778.97 Electron/42.2.0 Safari/537.36"
[2026-06-15 12:56:23] INFO: ::1 - - [15/Jun/2026:09:56:23 +0000] "GET /api/v1/provider/settings HTTP/1.1" 304 - "http://localhost:5173/" "Mozilla/5.0 (Windows NT 10.0; Win64; x64) AppleWebKit/537.36 (KHTML, like Gecko) Code/1.124.2 Chrome/148.0.7778.97 Electron/42.2.0 Safari/537.36"
[2026-06-15 12:56:23] INFO: ::1 - - [15/Jun/2026:09:56:23 +0000] "GET /api/v1/provider/discounts/special-entities HTTP/1.1" 304 - "http://localhost:5173/" "Mozilla/5.0 (Windows NT 10.0; Win64; x64) AppleWebKit/537.36 (KHTML, like Gecko) Code/1.124.2 Chrome/148.0.7778.97 Electron/42.2.0 Safari/537.36"
[2026-06-15 12:56:23] INFO: ::1 - - [15/Jun/2026:09:56:23 +0000] "GET /api/v1/provider/discounts/tiers HTTP/1.1" 304 - "http://localhost:5173/" "Mozilla/5.0 (Windows NT 10.0; Win64; x64) AppleWebKit/537.36 (KHTML, like Gecko) Code/1.124.2 Chrome/148.0.7778.97 Electron/42.2.0 Safari/537.36"
[2026-06-15 12:56:23] INFO: ::1 - - [15/Jun/2026:09:56:23 +0000] "GET /api/v1/provider/reviews HTTP/1.1" - - "http://localhost:5173/" "Mozilla/5.0 (Windows NT 10.0; Win64; x64) AppleWebKit/537.36 (KHTML, like Gecko) Code/1.124.2 Chrome/148.0.7778.97 Electron/42.2.0 Safari/537.36"
[2026-06-15 12:56:23] INFO: ::1 - - [15/Jun/2026:09:56:23 +0000] "GET /api/v1/provider/discounts/special-entities HTTP/1.1" - - "http://localhost:5173/" "Mozilla/5.0 (Windows NT 10.0; Win64; x64) AppleWebKit/537.36 (KHTML, like Gecko) Code/1.124.2 Chrome/148.0.7778.97 Electron/42.2.0 Safari/537.36"
[2026-06-15 12:56:23] INFO: ::1 - - [15/Jun/2026:09:56:23 +0000] "GET /api/v1/provider/dashboard HTTP/1.1" - - "http://localhost:5173/" "Mozilla/5.0 (Windows NT 10.0; Win64; x64) AppleWebKit/537.36 (KHTML, like Gecko) Code/1.124.2 Chrome/148.0.7778.97 Electron/42.2.0 Safari/537.36"
[2026-06-15 12:56:23] INFO: ::1 - - [15/Jun/2026:09:56:23 +0000] "GET /api/v1/provider/services/categories HTTP/1.1" - - "http://localhost:5173/" "Mozilla/5.0 (Windows NT 10.0; Win64; x64) AppleWebKit/537.36 (KHTML, like Gecko) Code/1.124.2 Chrome/148.0.7778.97 Electron/42.2.0 Safari/537.36"
[2026-06-15 12:56:23] INFO: ::1 - - [15/Jun/2026:09:56:23 +0000] "GET /api/v1/provider/discounts/tiers HTTP/1.1" - - "http://localhost:5173/" "Mozilla/5.0 (Windows NT 10.0; Win64; x64) AppleWebKit/537.36 (KHTML, like Gecko) Code/1.124.2 Chrome/148.0.7778.97 Electron/42.2.0 Safari/537.36"
[2026-06-15 12:56:23] INFO: ::1 - - [15/Jun/2026:09:56:23 +0000] "GET /api/v1/provider/services HTTP/1.1" - - "http://localhost:5173/" "Mozilla/5.0 (Windows NT 10.0; Win64; x64) AppleWebKit/537.36 (KHTML, like Gecko) Code/1.124.2 Chrome/148.0.7778.97 Electron/42.2.0 Safari/537.36"
[2026-06-15 12:56:24] INFO: ::1 - - [15/Jun/2026:09:56:24 +0000] "GET /api/v1/provider/discounts/special-entities HTTP/1.1" 200 36 "http://localhost:5173/" "Mozilla/5.0 (Windows NT 10.0; Win64; x64) AppleWebKit/537.36 (KHTML, like Gecko) Code/1.124.2 Chrome/148.0.7778.97 Electron/42.2.0 Safari/537.36"
[2026-06-15 12:56:25] INFO: ::1 - - [15/Jun/2026:09:56:25 +0000] "GET /api/v1/provider/dashboard HTTP/1.1" 200 431 "http://localhost:5173/" "Mozilla/5.0 (Windows NT 10.0; Win64; x64) AppleWebKit/537.36 (KHTML, like Gecko) Code/1.124.2 Chrome/148.0.7778.97 Electron/42.2.0 Safari/537.36"
[2026-06-15 12:56:25] INFO: ::1 - - [15/Jun/2026:09:56:25 +0000] "GET /api/v1/provider/services HTTP/1.1" 200 13479 "http://localhost:5173/" "Mozilla/5.0 (Windows NT 10.0; Win64; x64) AppleWebKit/537.36 (KHTML, like Gecko) Code/1.124.2 Chrome/148.0.7778.97 Electron/42.2.0 Safari/537.36"
[2026-06-15 12:56:25] INFO: ::1 - - [15/Jun/2026:09:56:25 +0000] "GET /api/v1/provider/services/categories HTTP/1.1" 200 2251 "http://localhost:5173/" "Mozilla/5.0 (Windows NT 10.0; Win64; x64) AppleWebKit/537.36 (KHTML, like Gecko) Code/1.124.2 Chrome/148.0.7778.97 Electron/42.2.0 Safari/537.36"
[2026-06-15 12:56:25] INFO: ::1 - - [15/Jun/2026:09:56:25 +0000] "GET /api/v1/provider/dashboard/live HTTP/1.1" 401 90 "http://localhost:5173/" "Mozilla/5.0 (Windows NT 10.0; Win64; x64) AppleWebKit/537.36 (KHTML, like Gecko) Code/1.124.2 Chrome/148.0.7778.97 Electron/42.2.0 Safari/537.36"
[2026-06-15 12:56:25] INFO: ::1 - - [15/Jun/2026:09:56:25 +0000] "GET /api/v1/provider/reviews HTTP/1.1" 200 105 "http://localhost:5173/" "Mozilla/5.0 (Windows NT 10.0; Win64; x64) AppleWebKit/537.36 (KHTML, like Gecko) Code/1.124.2 Chrome/148.0.7778.97 Electron/42.2.0 Safari/537.36"
[2026-06-15 12:56:25] INFO: ::1 - - [15/Jun/2026:09:56:25 +0000] "GET /api/v1/provider/settings HTTP/1.1" 304 - "http://localhost:5173/" "Mozilla/5.0 (Windows NT 10.0; Win64; x64) AppleWebKit/537.36 (KHTML, like Gecko) Code/1.124.2 Chrome/148.0.7778.97 Electron/42.2.0 Safari/537.36"
[2026-06-15 12:56:26] INFO: ::1 - - [15/Jun/2026:09:56:26 +0000] "GET /api/v1/provider/profile HTTP/1.1" 304 - "http://localhost:5173/" "Mozilla/5.0 (Windows NT 10.0; Win64; x64) AppleWebKit/537.36 (KHTML, like Gecko) Code/1.124.2 Chrome/148.0.7778.97 Electron/42.2.0 Safari/537.36"
[2026-06-15 12:56:26] INFO: ::1 - - [15/Jun/2026:09:56:26 +0000] "GET /api/v1/provider/discounts/special-entities HTTP/1.1" 304 - "http://localhost:5173/" "Mozilla/5.0 (Windows NT 10.0; Win64; x64) AppleWebKit/537.36 (KHTML, like Gecko) Code/1.124.2 Chrome/148.0.7778.97 Electron/42.2.0 Safari/537.36"
[2026-06-15 12:56:26] INFO: ::1 - - [15/Jun/2026:09:56:26 +0000] "GET /api/v1/provider/discounts/tiers HTTP/1.1" 200 286 "http://localhost:5173/" "Mozilla/5.0 (Windows NT 10.0; Win64; x64) AppleWebKit/537.36 (KHTML, like Gecko) Code/1.124.2 Chrome/148.0.7778.97 Electron/42.2.0 Safari/537.36"
[2026-06-15 12:56:26] INFO: ::1 - - [15/Jun/2026:09:56:26 +0000] "GET /api/v1/provider/orders HTTP/1.1" 304 - "http://localhost:5173/" "Mozilla/5.0 (Windows NT 10.0; Win64; x64) AppleWebKit/537.36 (KHTML, like Gecko) Code/1.124.2 Chrome/148.0.7778.97 Electron/42.2.0 Safari/537.36"
[2026-06-15 12:56:26] INFO: ::1 - - [15/Jun/2026:09:56:26 +0000] "GET /api/v1/provider/settings HTTP/1.1" 304 - "http://localhost:5173/" "Mozilla/5.0 (Windows NT 10.0; Win64; x64) AppleWebKit/537.36 (KHTML, like Gecko) Code/1.124.2 Chrome/148.0.7778.97 Electron/42.2.0 Safari/537.36"
[2026-06-15 12:56:26] INFO: ::1 - - [15/Jun/2026:09:56:26 +0000] "GET /api/v1/provider/dashboard HTTP/1.1" 304 - "http://localhost:5173/" "Mozilla/5.0 (Windows NT 10.0; Win64; x64) AppleWebKit/537.36 (KHTML, like Gecko) Code/1.124.2 Chrome/148.0.7778.97 Electron/42.2.0 Safari/537.36"
[2026-06-15 12:56:27] INFO: ::1 - - [15/Jun/2026:09:56:27 +0000] "GET /api/v1/provider/reviews HTTP/1.1" 304 - "http://localhost:5173/" "Mozilla/5.0 (Windows NT 10.0; Win64; x64) AppleWebKit/537.36 (KHTML, like Gecko) Code/1.124.2 Chrome/148.0.7778.97 Electron/42.2.0 Safari/537.36"
[2026-06-15 12:56:27] INFO: ::1 - - [15/Jun/2026:09:56:27 +0000] "GET /api/v1/provider/services HTTP/1.1" 304 - "http://localhost:5173/" "Mozilla/5.0 (Windows NT 10.0; Win64; x64) AppleWebKit/537.36 (KHTML, like Gecko) Code/1.124.2 Chrome/148.0.7778.97 Electron/42.2.0 Safari/537.36"
[2026-06-15 12:56:27] INFO: ::1 - - [15/Jun/2026:09:56:27 +0000] "GET /api/v1/provider/profile HTTP/1.1" 304 - "http://localhost:5173/" "Mozilla/5.0 (Windows NT 10.0; Win64; x64) AppleWebKit/537.36 (KHTML, like Gecko) Code/1.124.2 Chrome/148.0.7778.97 Electron/42.2.0 Safari/537.36"
[2026-06-15 12:56:27] INFO: ::1 - - [15/Jun/2026:09:56:27 +0000] "GET /api/v1/provider/discounts/tiers HTTP/1.1" 304 - "http://localhost:5173/" "Mozilla/5.0 (Windows NT 10.0; Win64; x64) AppleWebKit/537.36 (KHTML, like Gecko) Code/1.124.2 Chrome/148.0.7778.97 Electron/42.2.0 Safari/537.36"
[2026-06-15 12:56:27] INFO: ::1 - - [15/Jun/2026:09:56:27 +0000] "GET /api/v1/provider/orders HTTP/1.1" 304 - "http://localhost:5173/" "Mozilla/5.0 (Windows NT 10.0; Win64; x64) AppleWebKit/537.36 (KHTML, like Gecko) Code/1.124.2 Chrome/148.0.7778.97 Electron/42.2.0 Safari/537.36"
[2026-06-15 12:56:27] INFO: ::1 - - [15/Jun/2026:09:56:27 +0000] "GET /api/v1/provider/services/categories HTTP/1.1" 304 - "http://localhost:5173/" "Mozilla/5.0 (Windows NT 10.0; Win64; x64) AppleWebKit/537.36 (KHTML, like Gecko) Code/1.124.2 Chrome/148.0.7778.97 Electron/42.2.0 Safari/537.36"
[2026-06-15 12:58:25] INFO: 
         claenovy API SERVER
   Status  : Running
   Port    : 3000
   Env     : development
   Version : v1
      
[2026-06-15 12:58:33] INFO: 
         claenovy API SERVER
   Status  : Running
   Port    : 3000
   Env     : development
   Version : v1
      
[2026-06-15 12:58:37] INFO: ::1 - - [15/Jun/2026:09:58:37 +0000] "GET /api/v1/provider/dashboard/live HTTP/1.1" 401 90 "http://localhost:5173/" "Mozilla/5.0 (Windows NT 10.0; Win64; x64) AppleWebKit/537.36 (KHTML, like Gecko) Code/1.124.2 Chrome/148.0.7778.97 Electron/42.2.0 Safari/537.36"
[2026-06-15 12:58:38] INFO: ::1 - - [15/Jun/2026:09:58:38 +0000] "GET /api/v1/provider/discounts/special-entities HTTP/1.1" 304 - "http://localhost:5173/" "Mozilla/5.0 (Windows NT 10.0; Win64; x64) AppleWebKit/537.36 (KHTML, like Gecko) Code/1.124.2 Chrome/148.0.7778.97 Electron/42.2.0 Safari/537.36"
[2026-06-15 12:58:38] INFO: ::1 - - [15/Jun/2026:09:58:38 +0000] "GET /api/v1/provider/orders HTTP/1.1" 200 2842 "http://localhost:5173/" "Mozilla/5.0 (Windows NT 10.0; Win64; x64) AppleWebKit/537.36 (KHTML, like Gecko) Code/1.124.2 Chrome/148.0.7778.97 Electron/42.2.0 Safari/537.36"
[2026-06-15 12:58:38] INFO: ::1 - - [15/Jun/2026:09:58:38 +0000] "GET /api/v1/provider/profile HTTP/1.1" 304 - "http://localhost:5173/" "Mozilla/5.0 (Windows NT 10.0; Win64; x64) AppleWebKit/537.36 (KHTML, like Gecko) Code/1.124.2 Chrome/148.0.7778.97 Electron/42.2.0 Safari/537.36"
[2026-06-15 12:58:39] INFO: ::1 - - [15/Jun/2026:09:58:39 +0000] "GET /api/v1/provider/services/categories HTTP/1.1" 304 - "http://localhost:5173/" "Mozilla/5.0 (Windows NT 10.0; Win64; x64) AppleWebKit/537.36 (KHTML, like Gecko) Code/1.124.2 Chrome/148.0.7778.97 Electron/42.2.0 Safari/537.36"
[2026-06-15 12:58:39] INFO: ::1 - - [15/Jun/2026:09:58:39 +0000] "GET /api/v1/provider/settings HTTP/1.1" 304 - "http://localhost:5173/" "Mozilla/5.0 (Windows NT 10.0; Win64; x64) AppleWebKit/537.36 (KHTML, like Gecko) Code/1.124.2 Chrome/148.0.7778.97 Electron/42.2.0 Safari/537.36"
[2026-06-15 12:58:39] INFO: ::1 - - [15/Jun/2026:09:58:39 +0000] "GET /api/v1/provider/reviews HTTP/1.1" 304 - "http://localhost:5173/" "Mozilla/5.0 (Windows NT 10.0; Win64; x64) AppleWebKit/537.36 (KHTML, like Gecko) Code/1.124.2 Chrome/148.0.7778.97 Electron/42.2.0 Safari/537.36"
[2026-06-15 12:58:40] INFO: ::1 - - [15/Jun/2026:09:58:40 +0000] "GET /api/v1/provider/services HTTP/1.1" 304 - "http://localhost:5173/" "Mozilla/5.0 (Windows NT 10.0; Win64; x64) AppleWebKit/537.36 (KHTML, like Gecko) Code/1.124.2 Chrome/148.0.7778.97 Electron/42.2.0 Safari/537.36"
[2026-06-15 12:58:40] INFO: ::1 - - [15/Jun/2026:09:58:40 +0000] "GET /api/v1/provider/discounts/special-entities HTTP/1.1" 304 - "http://localhost:5173/" "Mozilla/5.0 (Windows NT 10.0; Win64; x64) AppleWebKit/537.36 (KHTML, like Gecko) Code/1.124.2 Chrome/148.0.7778.97 Electron/42.2.0 Safari/537.36"
[2026-06-15 12:58:40] INFO: ::1 - - [15/Jun/2026:09:58:40 +0000] "GET /api/v1/provider/orders HTTP/1.1" 304 - "http://localhost:5173/" "Mozilla/5.0 (Windows NT 10.0; Win64; x64) AppleWebKit/537.36 (KHTML, like Gecko) Code/1.124.2 Chrome/148.0.7778.97 Electron/42.2.0 Safari/537.36"
[2026-06-15 12:58:40] INFO: ::1 - - [15/Jun/2026:09:58:40 +0000] "GET /api/v1/provider/discounts/tiers HTTP/1.1" 304 - "http://localhost:5173/" "Mozilla/5.0 (Windows NT 10.0; Win64; x64) AppleWebKit/537.36 (KHTML, like Gecko) Code/1.124.2 Chrome/148.0.7778.97 Electron/42.2.0 Safari/537.36"
[2026-06-15 12:58:40] INFO: ::1 - - [15/Jun/2026:09:58:40 +0000] "GET /api/v1/provider/settings HTTP/1.1" 304 - "http://localhost:5173/" "Mozilla/5.0 (Windows NT 10.0; Win64; x64) AppleWebKit/537.36 (KHTML, like Gecko) Code/1.124.2 Chrome/148.0.7778.97 Electron/42.2.0 Safari/537.36"
[2026-06-15 12:58:41] INFO: ::1 - - [15/Jun/2026:09:58:41 +0000] "GET /api/v1/provider/profile HTTP/1.1" 304 - "http://localhost:5173/" "Mozilla/5.0 (Windows NT 10.0; Win64; x64) AppleWebKit/537.36 (KHTML, like Gecko) Code/1.124.2 Chrome/148.0.7778.97 Electron/42.2.0 Safari/537.36"
[2026-06-15 12:58:41] INFO: ::1 - - [15/Jun/2026:09:58:41 +0000] "GET /api/v1/provider/dashboard HTTP/1.1" 304 - "http://localhost:5173/" "Mozilla/5.0 (Windows NT 10.0; Win64; x64) AppleWebKit/537.36 (KHTML, like Gecko) Code/1.124.2 Chrome/148.0.7778.97 Electron/42.2.0 Safari/537.36"
[2026-06-15 12:58:41] INFO: ::1 - - [15/Jun/2026:09:58:41 +0000] "GET /api/v1/provider/reviews HTTP/1.1" 304 - "http://localhost:5173/" "Mozilla/5.0 (Windows NT 10.0; Win64; x64) AppleWebKit/537.36 (KHTML, like Gecko) Code/1.124.2 Chrome/148.0.7778.97 Electron/42.2.0 Safari/537.36"
[2026-06-15 12:58:41] INFO: ::1 - - [15/Jun/2026:09:58:41 +0000] "GET /api/v1/provider/orders/6a2fc4997f275be6370cb9c7 HTTP/1.1" 404 56 "http://localhost:5173/" "Mozilla/5.0 (Windows NT 10.0; Win64; x64) AppleWebKit/537.36 (KHTML, like Gecko) Code/1.124.2 Chrome/148.0.7778.97 Electron/42.2.0 Safari/537.36"
[2026-06-15 12:58:41] INFO: ::1 - - [15/Jun/2026:09:58:41 +0000] "GET /api/v1/provider/services/categories HTTP/1.1" 304 - "http://localhost:5173/" "Mozilla/5.0 (Windows NT 10.0; Win64; x64) AppleWebKit/537.36 (KHTML, like Gecko) Code/1.124.2 Chrome/148.0.7778.97 Electron/42.2.0 Safari/537.36"
[2026-06-15 12:58:41] INFO: ::1 - - [15/Jun/2026:09:58:41 +0000] "GET /api/v1/provider/discounts/tiers HTTP/1.1" 304 - "http://localhost:5173/" "Mozilla/5.0 (Windows NT 10.0; Win64; x64) AppleWebKit/537.36 (KHTML, like Gecko) Code/1.124.2 Chrome/148.0.7778.97 Electron/42.2.0 Safari/537.36"
[2026-06-15 12:58:42] INFO: ::1 - - [15/Jun/2026:09:58:42 +0000] "GET /api/v1/provider/services HTTP/1.1" 304 - "http://localhost:5173/" "Mozilla/5.0 (Windows NT 10.0; Win64; x64) AppleWebKit/537.36 (KHTML, like Gecko) Code/1.124.2 Chrome/148.0.7778.97 Electron/42.2.0 Safari/537.36"
[2026-06-15 12:58:42] INFO: ::1 - - [15/Jun/2026:09:58:42 +0000] "GET /api/v1/provider/dashboard HTTP/1.1" 304 - "http://localhost:5173/" "Mozilla/5.0 (Windows NT 10.0; Win64; x64) AppleWebKit/537.36 (KHTML, like Gecko) Code/1.124.2 Chrome/148.0.7778.97 Electron/42.2.0 Safari/537.36"
[2026-06-15 12:58:43] INFO: ::1 - - [15/Jun/2026:09:58:43 +0000] "GET /api/v1/provider/dashboard/live HTTP/1.1" 401 90 "http://localhost:5173/" "Mozilla/5.0 (Windows NT 10.0; Win64; x64) AppleWebKit/537.36 (KHTML, like Gecko) Code/1.124.2 Chrome/148.0.7778.97 Electron/42.2.0 Safari/537.36"
[2026-06-15 12:58:44] INFO: ::1 - - [15/Jun/2026:09:58:44 +0000] "GET /api/v1/provider/discounts/special-entities HTTP/1.1" 304 - "http://localhost:5173/" "Mozilla/5.0 (Windows NT 10.0; Win64; x64) AppleWebKit/537.36 (KHTML, like Gecko) Code/1.124.2 Chrome/148.0.7778.97 Electron/42.2.0 Safari/537.36"
[2026-06-15 12:58:44] INFO: ::1 - - [15/Jun/2026:09:58:44 +0000] "GET /api/v1/provider/discounts/tiers HTTP/1.1" 304 - "http://localhost:5173/" "Mozilla/5.0 (Windows NT 10.0; Win64; x64) AppleWebKit/537.36 (KHTML, like Gecko) Code/1.124.2 Chrome/148.0.7778.97 Electron/42.2.0 Safari/537.36"
[2026-06-15 12:58:45] INFO: ::1 - - [15/Jun/2026:09:58:45 +0000] "GET /api/v1/provider/orders HTTP/1.1" 304 - "http://localhost:5173/" "Mozilla/5.0 (Windows NT 10.0; Win64; x64) AppleWebKit/537.36 (KHTML, like Gecko) Code/1.124.2 Chrome/148.0.7778.97 Electron/42.2.0 Safari/537.36"
[2026-06-15 12:58:45] INFO: ::1 - - [15/Jun/2026:09:58:45 +0000] "GET /api/v1/provider/dashboard HTTP/1.1" 304 - "http://localhost:5173/" "Mozilla/5.0 (Windows NT 10.0; Win64; x64) AppleWebKit/537.36 (KHTML, like Gecko) Code/1.124.2 Chrome/148.0.7778.97 Electron/42.2.0 Safari/537.36"
[2026-06-15 12:58:45] INFO: ::1 - - [15/Jun/2026:09:58:45 +0000] "GET /api/v1/provider/services HTTP/1.1" 304 - "http://localhost:5173/" "Mozilla/5.0 (Windows NT 10.0; Win64; x64) AppleWebKit/537.36 (KHTML, like Gecko) Code/1.124.2 Chrome/148.0.7778.97 Electron/42.2.0 Safari/537.36"
[2026-06-15 12:58:45] INFO: ::1 - - [15/Jun/2026:09:58:45 +0000] "GET /api/v1/provider/settings HTTP/1.1" 304 - "http://localhost:5173/" "Mozilla/5.0 (Windows NT 10.0; Win64; x64) AppleWebKit/537.36 (KHTML, like Gecko) Code/1.124.2 Chrome/148.0.7778.97 Electron/42.2.0 Safari/537.36"
[2026-06-15 12:58:45] INFO: ::1 - - [15/Jun/2026:09:58:45 +0000] "GET /api/v1/provider/services/categories HTTP/1.1" 304 - "http://localhost:5173/" "Mozilla/5.0 (Windows NT 10.0; Win64; x64) AppleWebKit/537.36 (KHTML, like Gecko) Code/1.124.2 Chrome/148.0.7778.97 Electron/42.2.0 Safari/537.36"
[2026-06-15 12:58:45] INFO: ::1 - - [15/Jun/2026:09:58:45 +0000] "GET /api/v1/provider/reviews HTTP/1.1" 304 - "http://localhost:5173/" "Mozilla/5.0 (Windows NT 10.0; Win64; x64) AppleWebKit/537.36 (KHTML, like Gecko) Code/1.124.2 Chrome/148.0.7778.97 Electron/42.2.0 Safari/537.36"
[2026-06-15 12:58:45] INFO: ::1 - - [15/Jun/2026:09:58:45 +0000] "GET /api/v1/provider/profile HTTP/1.1" 304 - "http://localhost:5173/" "Mozilla/5.0 (Windows NT 10.0; Win64; x64) AppleWebKit/537.36 (KHTML, like Gecko) Code/1.124.2 Chrome/148.0.7778.97 Electron/42.2.0 Safari/537.36"
[2026-06-15 12:58:46] INFO: ::1 - - [15/Jun/2026:09:58:46 +0000] "GET /api/v1/provider/discounts/special-entities HTTP/1.1" 304 - "http://localhost:5173/" "Mozilla/5.0 (Windows NT 10.0; Win64; x64) AppleWebKit/537.36 (KHTML, like Gecko) Code/1.124.2 Chrome/148.0.7778.97 Electron/42.2.0 Safari/537.36"
[2026-06-15 12:58:46] INFO: ::1 - - [15/Jun/2026:09:58:46 +0000] "GET /api/v1/provider/discounts/tiers HTTP/1.1" 304 - "http://localhost:5173/" "Mozilla/5.0 (Windows NT 10.0; Win64; x64) AppleWebKit/537.36 (KHTML, like Gecko) Code/1.124.2 Chrome/148.0.7778.97 Electron/42.2.0 Safari/537.36"
[2026-06-15 12:58:46] INFO: ::1 - - [15/Jun/2026:09:58:46 +0000] "GET /api/v1/provider/settings HTTP/1.1" 304 - "http://localhost:5173/" "Mozilla/5.0 (Windows NT 10.0; Win64; x64) AppleWebKit/537.36 (KHTML, like Gecko) Code/1.124.2 Chrome/148.0.7778.97 Electron/42.2.0 Safari/537.36"
[2026-06-15 12:58:46] INFO: ::1 - - [15/Jun/2026:09:58:46 +0000] "GET /api/v1/provider/orders HTTP/1.1" 304 - "http://localhost:5173/" "Mozilla/5.0 (Windows NT 10.0; Win64; x64) AppleWebKit/537.36 (KHTML, like Gecko) Code/1.124.2 Chrome/148.0.7778.97 Electron/42.2.0 Safari/537.36"
[2026-06-15 12:58:47] INFO: ::1 - - [15/Jun/2026:09:58:47 +0000] "GET /api/v1/provider/dashboard HTTP/1.1" 304 - "http://localhost:5173/" "Mozilla/5.0 (Windows NT 10.0; Win64; x64) AppleWebKit/537.36 (KHTML, like Gecko) Code/1.124.2 Chrome/148.0.7778.97 Electron/42.2.0 Safari/537.36"
[2026-06-15 12:58:47] INFO: ::1 - - [15/Jun/2026:09:58:47 +0000] "GET /api/v1/provider/reviews HTTP/1.1" 304 - "http://localhost:5173/" "Mozilla/5.0 (Windows NT 10.0; Win64; x64) AppleWebKit/537.36 (KHTML, like Gecko) Code/1.124.2 Chrome/148.0.7778.97 Electron/42.2.0 Safari/537.36"
[2026-06-15 12:58:47] INFO: ::1 - - [15/Jun/2026:09:58:47 +0000] "GET /api/v1/provider/services HTTP/1.1" 304 - "http://localhost:5173/" "Mozilla/5.0 (Windows NT 10.0; Win64; x64) AppleWebKit/537.36 (KHTML, like Gecko) Code/1.124.2 Chrome/148.0.7778.97 Electron/42.2.0 Safari/537.36"
[2026-06-15 12:58:47] INFO: ::1 - - [15/Jun/2026:09:58:47 +0000] "GET /api/v1/provider/profile HTTP/1.1" 304 - "http://localhost:5173/" "Mozilla/5.0 (Windows NT 10.0; Win64; x64) AppleWebKit/537.36 (KHTML, like Gecko) Code/1.124.2 Chrome/148.0.7778.97 Electron/42.2.0 Safari/537.36"
[2026-06-15 12:58:47] INFO: ::1 - - [15/Jun/2026:09:58:47 +0000] "GET /api/v1/provider/services/categories HTTP/1.1" 304 - "http://localhost:5173/" "Mozilla/5.0 (Windows NT 10.0; Win64; x64) AppleWebKit/537.36 (KHTML, like Gecko) Code/1.124.2 Chrome/148.0.7778.97 Electron/42.2.0 Safari/537.36"
[2026-06-15 12:58:48] INFO: ::1 - - [15/Jun/2026:09:58:48 +0000] "GET /api/v1/provider/orders/6a2fc4997f275be6370cb9c7 HTTP/1.1" 404 56 "http://localhost:5173/" "Mozilla/5.0 (Windows NT 10.0; Win64; x64) AppleWebKit/537.36 (KHTML, like Gecko) Code/1.124.2 Chrome/148.0.7778.97 Electron/42.2.0 Safari/537.36"
[2026-06-15 12:58:49] INFO: ::1 - - [15/Jun/2026:09:58:49 +0000] "GET /api/v1/provider/orders/6a2fc4997f275be6370cb9c7 HTTP/1.1" 404 56 "http://localhost:5173/" "Mozilla/5.0 (Windows NT 10.0; Win64; x64) AppleWebKit/537.36 (KHTML, like Gecko) Code/1.124.2 Chrome/148.0.7778.97 Electron/42.2.0 Safari/537.36"
[2026-06-15 12:58:53] INFO: ::1 - - [15/Jun/2026:09:58:53 +0000] "GET /api/v1/provider/orders/6a27c97ff7a830d27ba20396 HTTP/1.1" 404 56 "http://localhost:5173/" "Mozilla/5.0 (Windows NT 10.0; Win64; x64) AppleWebKit/537.36 (KHTML, like Gecko) Code/1.124.2 Chrome/148.0.7778.97 Electron/42.2.0 Safari/537.36"
[2026-06-15 12:59:08] INFO: ::1 - - [15/Jun/2026:09:59:08 +0000] "GET /api/v1/provider/dashboard/live HTTP/1.1" 401 90 "http://localhost:5173/" "Mozilla/5.0 (Windows NT 10.0; Win64; x64) AppleWebKit/537.36 (KHTML, like Gecko) Code/1.124.2 Chrome/148.0.7778.97 Electron/42.2.0 Safari/537.36"
[2026-06-15 12:59:09] INFO: ::1 - - [15/Jun/2026:09:59:09 +0000] "GET /api/v1/provider/discounts/special-entities HTTP/1.1" 304 - "http://localhost:5173/" "Mozilla/5.0 (Windows NT 10.0; Win64; x64) AppleWebKit/537.36 (KHTML, like Gecko) Code/1.124.2 Chrome/148.0.7778.97 Electron/42.2.0 Safari/537.36"
[2026-06-15 12:59:09] INFO: ::1 - - [15/Jun/2026:09:59:09 +0000] "GET /api/v1/provider/discounts/tiers HTTP/1.1" 304 - "http://localhost:5173/" "Mozilla/5.0 (Windows NT 10.0; Win64; x64) AppleWebKit/537.36 (KHTML, like Gecko) Code/1.124.2 Chrome/148.0.7778.97 Electron/42.2.0 Safari/537.36"
[2026-06-15 12:59:10] INFO: ::1 - - [15/Jun/2026:09:59:10 +0000] "GET /api/v1/provider/orders HTTP/1.1" 304 - "http://localhost:5173/" "Mozilla/5.0 (Windows NT 10.0; Win64; x64) AppleWebKit/537.36 (KHTML, like Gecko) Code/1.124.2 Chrome/148.0.7778.97 Electron/42.2.0 Safari/537.36"
[2026-06-15 12:59:10] INFO: ::1 - - [15/Jun/2026:09:59:10 +0000] "GET /api/v1/provider/profile HTTP/1.1" 304 - "http://localhost:5173/" "Mozilla/5.0 (Windows NT 10.0; Win64; x64) AppleWebKit/537.36 (KHTML, like Gecko) Code/1.124.2 Chrome/148.0.7778.97 Electron/42.2.0 Safari/537.36"
[2026-06-15 12:59:10] INFO: ::1 - - [15/Jun/2026:09:59:10 +0000] "GET /api/v1/provider/dashboard HTTP/1.1" 304 - "http://localhost:5173/" "Mozilla/5.0 (Windows NT 10.0; Win64; x64) AppleWebKit/537.36 (KHTML, like Gecko) Code/1.124.2 Chrome/148.0.7778.97 Electron/42.2.0 Safari/537.36"
[2026-06-15 12:59:10] INFO: ::1 - - [15/Jun/2026:09:59:10 +0000] "GET /api/v1/provider/settings HTTP/1.1" 304 - "http://localhost:5173/" "Mozilla/5.0 (Windows NT 10.0; Win64; x64) AppleWebKit/537.36 (KHTML, like Gecko) Code/1.124.2 Chrome/148.0.7778.97 Electron/42.2.0 Safari/537.36"
[2026-06-15 12:59:10] INFO: ::1 - - [15/Jun/2026:09:59:10 +0000] "GET /api/v1/provider/services/categories HTTP/1.1" 304 - "http://localhost:5173/" "Mozilla/5.0 (Windows NT 10.0; Win64; x64) AppleWebKit/537.36 (KHTML, like Gecko) Code/1.124.2 Chrome/148.0.7778.97 Electron/42.2.0 Safari/537.36"
[2026-06-15 12:59:10] INFO: ::1 - - [15/Jun/2026:09:59:10 +0000] "GET /api/v1/provider/reviews HTTP/1.1" 304 - "http://localhost:5173/" "Mozilla/5.0 (Windows NT 10.0; Win64; x64) AppleWebKit/537.36 (KHTML, like Gecko) Code/1.124.2 Chrome/148.0.7778.97 Electron/42.2.0 Safari/537.36"
[2026-06-15 12:59:11] INFO: ::1 - - [15/Jun/2026:09:59:11 +0000] "GET /api/v1/provider/discounts/special-entities HTTP/1.1" 304 - "http://localhost:5173/" "Mozilla/5.0 (Windows NT 10.0; Win64; x64) AppleWebKit/537.36 (KHTML, like Gecko) Code/1.124.2 Chrome/148.0.7778.97 Electron/42.2.0 Safari/537.36"
[2026-06-15 12:59:11] INFO: ::1 - - [15/Jun/2026:09:59:11 +0000] "GET /api/v1/provider/services HTTP/1.1" 304 - "http://localhost:5173/" "Mozilla/5.0 (Windows NT 10.0; Win64; x64) AppleWebKit/537.36 (KHTML, like Gecko) Code/1.124.2 Chrome/148.0.7778.97 Electron/42.2.0 Safari/537.36"
[2026-06-15 12:59:11] INFO: ::1 - - [15/Jun/2026:09:59:11 +0000] "GET /api/v1/provider/discounts/tiers HTTP/1.1" 304 - "http://localhost:5173/" "Mozilla/5.0 (Windows NT 10.0; Win64; x64) AppleWebKit/537.36 (KHTML, like Gecko) Code/1.124.2 Chrome/148.0.7778.97 Electron/42.2.0 Safari/537.36"
[2026-06-15 12:59:11] INFO: ::1 - - [15/Jun/2026:09:59:11 +0000] "GET /api/v1/provider/orders HTTP/1.1" 304 - "http://localhost:5173/" "Mozilla/5.0 (Windows NT 10.0; Win64; x64) AppleWebKit/537.36 (KHTML, like Gecko) Code/1.124.2 Chrome/148.0.7778.97 Electron/42.2.0 Safari/537.36"
[2026-06-15 12:59:11] INFO: ::1 - - [15/Jun/2026:09:59:11 +0000] "GET /api/v1/provider/settings HTTP/1.1" 304 - "http://localhost:5173/" "Mozilla/5.0 (Windows NT 10.0; Win64; x64) AppleWebKit/537.36 (KHTML, like Gecko) Code/1.124.2 Chrome/148.0.7778.97 Electron/42.2.0 Safari/537.36"
[2026-06-15 12:59:11] INFO: ::1 - - [15/Jun/2026:09:59:11 +0000] "GET /api/v1/provider/profile HTTP/1.1" 304 - "http://localhost:5173/" "Mozilla/5.0 (Windows NT 10.0; Win64; x64) AppleWebKit/537.36 (KHTML, like Gecko) Code/1.124.2 Chrome/148.0.7778.97 Electron/42.2.0 Safari/537.36"
[2026-06-15 12:59:12] INFO: ::1 - - [15/Jun/2026:09:59:12 +0000] "GET /api/v1/provider/orders/6a2fc4997f275be6370cb9c7 HTTP/1.1" 404 56 "http://localhost:5173/" "Mozilla/5.0 (Windows NT 10.0; Win64; x64) AppleWebKit/537.36 (KHTML, like Gecko) Code/1.124.2 Chrome/148.0.7778.97 Electron/42.2.0 Safari/537.36"
[2026-06-15 12:59:12] INFO: ::1 - - [15/Jun/2026:09:59:12 +0000] "GET /api/v1/provider/dashboard HTTP/1.1" 304 - "http://localhost:5173/" "Mozilla/5.0 (Windows NT 10.0; Win64; x64) AppleWebKit/537.36 (KHTML, like Gecko) Code/1.124.2 Chrome/148.0.7778.97 Electron/42.2.0 Safari/537.36"
[2026-06-15 12:59:12] INFO: ::1 - - [15/Jun/2026:09:59:12 +0000] "GET /api/v1/provider/reviews HTTP/1.1" 304 - "http://localhost:5173/" "Mozilla/5.0 (Windows NT 10.0; Win64; x64) AppleWebKit/537.36 (KHTML, like Gecko) Code/1.124.2 Chrome/148.0.7778.97 Electron/42.2.0 Safari/537.36"
[2026-06-15 12:59:12] INFO: ::1 - - [15/Jun/2026:09:59:12 +0000] "GET /api/v1/provider/services/categories HTTP/1.1" 304 - "http://localhost:5173/" "Mozilla/5.0 (Windows NT 10.0; Win64; x64) AppleWebKit/537.36 (KHTML, like Gecko) Code/1.124.2 Chrome/148.0.7778.97 Electron/42.2.0 Safari/537.36"
[2026-06-15 12:59:13] INFO: ::1 - - [15/Jun/2026:09:59:13 +0000] "GET /api/v1/provider/services HTTP/1.1" 304 - "http://localhost:5173/" "Mozilla/5.0 (Windows NT 10.0; Win64; x64) AppleWebKit/537.36 (KHTML, like Gecko) Code/1.124.2 Chrome/148.0.7778.97 Electron/42.2.0 Safari/537.36"
[2026-06-15 12:59:14] INFO: ::1 - - [15/Jun/2026:09:59:14 +0000] "GET /api/v1/provider/discounts/special-entities HTTP/1.1" 304 - "http://localhost:5173/" "Mozilla/5.0 (Windows NT 10.0; Win64; x64) AppleWebKit/537.36 (KHTML, like Gecko) Code/1.124.2 Chrome/148.0.7778.97 Electron/42.2.0 Safari/537.36"
[2026-06-15 12:59:14] INFO: ::1 - - [15/Jun/2026:09:59:14 +0000] "GET /api/v1/provider/discounts/tiers HTTP/1.1" 304 - "http://localhost:5173/" "Mozilla/5.0 (Windows NT 10.0; Win64; x64) AppleWebKit/537.36 (KHTML, like Gecko) Code/1.124.2 Chrome/148.0.7778.97 Electron/42.2.0 Safari/537.36"
[2026-06-15 12:59:14] INFO: ::1 - - [15/Jun/2026:09:59:14 +0000] "GET /api/v1/provider/orders HTTP/1.1" 304 - "http://localhost:5173/" "Mozilla/5.0 (Windows NT 10.0; Win64; x64) AppleWebKit/537.36 (KHTML, like Gecko) Code/1.124.2 Chrome/148.0.7778.97 Electron/42.2.0 Safari/537.36"
[2026-06-15 12:59:14] INFO: ::1 - - [15/Jun/2026:09:59:14 +0000] "GET /api/v1/provider/services HTTP/1.1" 304 - "http://localhost:5173/" "Mozilla/5.0 (Windows NT 10.0; Win64; x64) AppleWebKit/537.36 (KHTML, like Gecko) Code/1.124.2 Chrome/148.0.7778.97 Electron/42.2.0 Safari/537.36"
[2026-06-15 12:59:14] INFO: ::1 - - [15/Jun/2026:09:59:14 +0000] "GET /api/v1/provider/dashboard/live HTTP/1.1" 401 90 "http://localhost:5173/" "Mozilla/5.0 (Windows NT 10.0; Win64; x64) AppleWebKit/537.36 (KHTML, like Gecko) Code/1.124.2 Chrome/148.0.7778.97 Electron/42.2.0 Safari/537.36"
[2026-06-15 12:59:14] INFO: ::1 - - [15/Jun/2026:09:59:14 +0000] "GET /api/v1/provider/dashboard HTTP/1.1" 304 - "http://localhost:5173/" "Mozilla/5.0 (Windows NT 10.0; Win64; x64) AppleWebKit/537.36 (KHTML, like Gecko) Code/1.124.2 Chrome/148.0.7778.97 Electron/42.2.0 Safari/537.36"
[2026-06-15 12:59:14] INFO: ::1 - - [15/Jun/2026:09:59:14 +0000] "GET /api/v1/provider/settings HTTP/1.1" 304 - "http://localhost:5173/" "Mozilla/5.0 (Windows NT 10.0; Win64; x64) AppleWebKit/537.36 (KHTML, like Gecko) Code/1.124.2 Chrome/148.0.7778.97 Electron/42.2.0 Safari/537.36"
[2026-06-15 12:59:15] INFO: ::1 - - [15/Jun/2026:09:59:15 +0000] "GET /api/v1/provider/services/categories HTTP/1.1" 304 - "http://localhost:5173/" "Mozilla/5.0 (Windows NT 10.0; Win64; x64) AppleWebKit/537.36 (KHTML, like Gecko) Code/1.124.2 Chrome/148.0.7778.97 Electron/42.2.0 Safari/537.36"
[2026-06-15 12:59:15] INFO: ::1 - - [15/Jun/2026:09:59:15 +0000] "GET /api/v1/provider/profile HTTP/1.1" 304 - "http://localhost:5173/" "Mozilla/5.0 (Windows NT 10.0; Win64; x64) AppleWebKit/537.36 (KHTML, like Gecko) Code/1.124.2 Chrome/148.0.7778.97 Electron/42.2.0 Safari/537.36"
[2026-06-15 12:59:15] INFO: ::1 - - [15/Jun/2026:09:59:15 +0000] "GET /api/v1/provider/reviews HTTP/1.1" 304 - "http://localhost:5173/" "Mozilla/5.0 (Windows NT 10.0; Win64; x64) AppleWebKit/537.36 (KHTML, like Gecko) Code/1.124.2 Chrome/148.0.7778.97 Electron/42.2.0 Safari/537.36"
[2026-06-15 12:59:15] INFO: ::1 - - [15/Jun/2026:09:59:15 +0000] "GET /api/v1/provider/discounts/special-entities HTTP/1.1" 304 - "http://localhost:5173/" "Mozilla/5.0 (Windows NT 10.0; Win64; x64) AppleWebKit/537.36 (KHTML, like Gecko) Code/1.124.2 Chrome/148.0.7778.97 Electron/42.2.0 Safari/537.36"
[2026-06-15 12:59:15] INFO: ::1 - - [15/Jun/2026:09:59:15 +0000] "GET /api/v1/provider/discounts/tiers HTTP/1.1" 304 - "http://localhost:5173/" "Mozilla/5.0 (Windows NT 10.0; Win64; x64) AppleWebKit/537.36 (KHTML, like Gecko) Code/1.124.2 Chrome/148.0.7778.97 Electron/42.2.0 Safari/537.36"
[2026-06-15 12:59:16] INFO: ::1 - - [15/Jun/2026:09:59:16 +0000] "GET /api/v1/provider/orders HTTP/1.1" 304 - "http://localhost:5173/" "Mozilla/5.0 (Windows NT 10.0; Win64; x64) AppleWebKit/537.36 (KHTML, like Gecko) Code/1.124.2 Chrome/148.0.7778.97 Electron/42.2.0 Safari/537.36"
[2026-06-15 12:59:16] INFO: ::1 - - [15/Jun/2026:09:59:16 +0000] "GET /api/v1/provider/settings HTTP/1.1" 304 - "http://localhost:5173/" "Mozilla/5.0 (Windows NT 10.0; Win64; x64) AppleWebKit/537.36 (KHTML, like Gecko) Code/1.124.2 Chrome/148.0.7778.97 Electron/42.2.0 Safari/537.36"
[2026-06-15 12:59:16] INFO: ::1 - - [15/Jun/2026:09:59:16 +0000] "GET /api/v1/provider/services HTTP/1.1" 304 - "http://localhost:5173/" "Mozilla/5.0 (Windows NT 10.0; Win64; x64) AppleWebKit/537.36 (KHTML, like Gecko) Code/1.124.2 Chrome/148.0.7778.97 Electron/42.2.0 Safari/537.36"
[2026-06-15 12:59:16] INFO: ::1 - - [15/Jun/2026:09:59:16 +0000] "GET /api/v1/provider/dashboard HTTP/1.1" 304 - "http://localhost:5173/" "Mozilla/5.0 (Windows NT 10.0; Win64; x64) AppleWebKit/537.36 (KHTML, like Gecko) Code/1.124.2 Chrome/148.0.7778.97 Electron/42.2.0 Safari/537.36"
[2026-06-15 12:59:16] INFO: ::1 - - [15/Jun/2026:09:59:16 +0000] "GET /api/v1/provider/profile HTTP/1.1" 304 - "http://localhost:5173/" "Mozilla/5.0 (Windows NT 10.0; Win64; x64) AppleWebKit/537.36 (KHTML, like Gecko) Code/1.124.2 Chrome/148.0.7778.97 Electron/42.2.0 Safari/537.36"
[2026-06-15 12:59:16] INFO: ::1 - - [15/Jun/2026:09:59:16 +0000] "GET /api/v1/provider/reviews HTTP/1.1" 304 - "http://localhost:5173/" "Mozilla/5.0 (Windows NT 10.0; Win64; x64) AppleWebKit/537.36 (KHTML, like Gecko) Code/1.124.2 Chrome/148.0.7778.97 Electron/42.2.0 Safari/537.36"
[2026-06-15 12:59:17] INFO: ::1 - - [15/Jun/2026:09:59:17 +0000] "GET /api/v1/provider/services/categories HTTP/1.1" 304 - "http://localhost:5173/" "Mozilla/5.0 (Windows NT 10.0; Win64; x64) AppleWebKit/537.36 (KHTML, like Gecko) Code/1.124.2 Chrome/148.0.7778.97 Electron/42.2.0 Safari/537.36"
[2026-06-15 13:00:45] INFO: ::1 - - [15/Jun/2026:10:00:45 +0000] "GET /api/v1/provider/discounts/special-entities HTTP/1.1" 304 - "http://localhost:5173/" "Mozilla/5.0 (Windows NT 10.0; Win64; x64) AppleWebKit/537.36 (KHTML, like Gecko) Chrome/149.0.0.0 Safari/537.36 Edg/149.0.0.0"
[2026-06-15 13:00:45] INFO: ::1 - - [15/Jun/2026:10:00:45 +0000] "GET /api/v1/provider/discounts/tiers HTTP/1.1" 304 - "http://localhost:5173/" "Mozilla/5.0 (Windows NT 10.0; Win64; x64) AppleWebKit/537.36 (KHTML, like Gecko) Chrome/149.0.0.0 Safari/537.36 Edg/149.0.0.0"
[2026-06-15 13:00:45] INFO: ::1 - - [15/Jun/2026:10:00:45 +0000] "GET /api/v1/provider/dashboard/live HTTP/1.1" 401 90 "http://localhost:5173/" "Mozilla/5.0 (Windows NT 10.0; Win64; x64) AppleWebKit/537.36 (KHTML, like Gecko) Chrome/149.0.0.0 Safari/537.36 Edg/149.0.0.0"
[2026-06-15 13:00:45] INFO: ::1 - - [15/Jun/2026:10:00:45 +0000] "GET /api/v1/provider/orders HTTP/1.1" 200 2842 "http://localhost:5173/" "Mozilla/5.0 (Windows NT 10.0; Win64; x64) AppleWebKit/537.36 (KHTML, like Gecko) Chrome/149.0.0.0 Safari/537.36 Edg/149.0.0.0"
[2026-06-15 13:00:45] INFO: ::1 - - [15/Jun/2026:10:00:45 +0000] "GET /api/v1/provider/services HTTP/1.1" 304 - "http://localhost:5173/" "Mozilla/5.0 (Windows NT 10.0; Win64; x64) AppleWebKit/537.36 (KHTML, like Gecko) Chrome/149.0.0.0 Safari/537.36 Edg/149.0.0.0"
[2026-06-15 13:00:45] INFO: ::1 - - [15/Jun/2026:10:00:45 +0000] "GET /api/v1/provider/settings HTTP/1.1" 304 - "http://localhost:5173/" "Mozilla/5.0 (Windows NT 10.0; Win64; x64) AppleWebKit/537.36 (KHTML, like Gecko) Chrome/149.0.0.0 Safari/537.36 Edg/149.0.0.0"
[2026-06-15 13:00:45] INFO: ::1 - - [15/Jun/2026:10:00:45 +0000] "GET /api/v1/provider/dashboard HTTP/1.1" 304 - "http://localhost:5173/" "Mozilla/5.0 (Windows NT 10.0; Win64; x64) AppleWebKit/537.36 (KHTML, like Gecko) Chrome/149.0.0.0 Safari/537.36 Edg/149.0.0.0"
[2026-06-15 13:00:46] INFO: ::1 - - [15/Jun/2026:10:00:46 +0000] "GET /api/v1/provider/services/categories HTTP/1.1" 200 2251 "http://localhost:5173/" "Mozilla/5.0 (Windows NT 10.0; Win64; x64) AppleWebKit/537.36 (KHTML, like Gecko) Chrome/149.0.0.0 Safari/537.36 Edg/149.0.0.0"
[2026-06-15 13:00:46] INFO: ::1 - - [15/Jun/2026:10:00:46 +0000] "GET /api/v1/provider/profile HTTP/1.1" 200 304 "http://localhost:5173/" "Mozilla/5.0 (Windows NT 10.0; Win64; x64) AppleWebKit/537.36 (KHTML, like Gecko) Chrome/149.0.0.0 Safari/537.36 Edg/149.0.0.0"
[2026-06-15 13:00:46] INFO: ::1 - - [15/Jun/2026:10:00:46 +0000] "GET /api/v1/provider/reviews HTTP/1.1" 304 - "http://localhost:5173/" "Mozilla/5.0 (Windows NT 10.0; Win64; x64) AppleWebKit/537.36 (KHTML, like Gecko) Chrome/149.0.0.0 Safari/537.36 Edg/149.0.0.0"
[2026-06-15 13:00:46] INFO: ::1 - - [15/Jun/2026:10:00:46 +0000] "GET /api/v1/provider/discounts/tiers HTTP/1.1" 304 - "http://localhost:5173/" "Mozilla/5.0 (Windows NT 10.0; Win64; x64) AppleWebKit/537.36 (KHTML, like Gecko) Chrome/149.0.0.0 Safari/537.36 Edg/149.0.0.0"
[2026-06-15 13:00:46] INFO: ::1 - - [15/Jun/2026:10:00:46 +0000] "GET /api/v1/provider/discounts/special-entities HTTP/1.1" 304 - "http://localhost:5173/" "Mozilla/5.0 (Windows NT 10.0; Win64; x64) AppleWebKit/537.36 (KHTML, like Gecko) Chrome/149.0.0.0 Safari/537.36 Edg/149.0.0.0"
[2026-06-15 13:00:46] INFO: ::1 - - [15/Jun/2026:10:00:46 +0000] "GET /api/v1/provider/settings HTTP/1.1" 304 - "http://localhost:5173/" "Mozilla/5.0 (Windows NT 10.0; Win64; x64) AppleWebKit/537.36 (KHTML, like Gecko) Chrome/149.0.0.0 Safari/537.36 Edg/149.0.0.0"
[2026-06-15 13:00:46] INFO: ::1 - - [15/Jun/2026:10:00:46 +0000] "GET /api/v1/provider/orders HTTP/1.1" 304 - "http://localhost:5173/" "Mozilla/5.0 (Windows NT 10.0; Win64; x64) AppleWebKit/537.36 (KHTML, like Gecko) Chrome/149.0.0.0 Safari/537.36 Edg/149.0.0.0"
[2026-06-15 13:00:47] INFO: ::1 - - [15/Jun/2026:10:00:47 +0000] "GET /api/v1/provider/services HTTP/1.1" 304 - "http://localhost:5173/" "Mozilla/5.0 (Windows NT 10.0; Win64; x64) AppleWebKit/537.36 (KHTML, like Gecko) Chrome/149.0.0.0 Safari/537.36 Edg/149.0.0.0"
[2026-06-15 13:00:47] INFO: ::1 - - [15/Jun/2026:10:00:47 +0000] "GET /api/v1/provider/reviews HTTP/1.1" 304 - "http://localhost:5173/" "Mozilla/5.0 (Windows NT 10.0; Win64; x64) AppleWebKit/537.36 (KHTML, like Gecko) Chrome/149.0.0.0 Safari/537.36 Edg/149.0.0.0"
[2026-06-15 13:00:47] INFO: ::1 - - [15/Jun/2026:10:00:47 +0000] "GET /api/v1/provider/dashboard HTTP/1.1" 304 - "http://localhost:5173/" "Mozilla/5.0 (Windows NT 10.0; Win64; x64) AppleWebKit/537.36 (KHTML, like Gecko) Chrome/149.0.0.0 Safari/537.36 Edg/149.0.0.0"
[2026-06-15 13:00:47] INFO: ::1 - - [15/Jun/2026:10:00:47 +0000] "GET /api/v1/provider/profile HTTP/1.1" 304 - "http://localhost:5173/" "Mozilla/5.0 (Windows NT 10.0; Win64; x64) AppleWebKit/537.36 (KHTML, like Gecko) Chrome/149.0.0.0 Safari/537.36 Edg/149.0.0.0"
[2026-06-15 13:00:48] INFO: ::1 - - [15/Jun/2026:10:00:48 +0000] "GET /api/v1/provider/services/categories HTTP/1.1" 304 - "http://localhost:5173/" "Mozilla/5.0 (Windows NT 10.0; Win64; x64) AppleWebKit/537.36 (KHTML, like Gecko) Chrome/149.0.0.0 Safari/537.36 Edg/149.0.0.0"
[2026-06-15 13:01:02] INFO: ::1 - - [15/Jun/2026:10:01:02 +0000] "GET /api/v1/provider/orders/6a2fc4997f275be6370cb9c7 HTTP/1.1" 429 108 "http://localhost:5173/" "Mozilla/5.0 (Windows NT 10.0; Win64; x64) AppleWebKit/537.36 (KHTML, like Gecko) Chrome/149.0.0.0 Safari/537.36 Edg/149.0.0.0"
[2026-06-15 13:01:02] INFO: ::1 - - [15/Jun/2026:10:01:02 +0000] "GET /api/v1/provider/orders/6a2fc4997f275be6370cb9c7 HTTP/1.1" 429 108 "http://localhost:5173/" "Mozilla/5.0 (Windows NT 10.0; Win64; x64) AppleWebKit/537.36 (KHTML, like Gecko) Chrome/149.0.0.0 Safari/537.36 Edg/149.0.0.0"
[2026-06-15 13:01:04] INFO: ::1 - - [15/Jun/2026:10:01:04 +0000] "GET /api/v1/provider/orders/6a27c97ff7a830d27ba20396 HTTP/1.1" 429 108 "http://localhost:5173/" "Mozilla/5.0 (Windows NT 10.0; Win64; x64) AppleWebKit/537.36 (KHTML, like Gecko) Chrome/149.0.0.0 Safari/537.36 Edg/149.0.0.0"
[2026-06-15 13:01:07] INFO: ::1 - - [15/Jun/2026:10:01:07 +0000] "GET /api/v1/provider/orders/6a27c97ff7a830d27ba20396 HTTP/1.1" 429 108 "http://localhost:5173/" "Mozilla/5.0 (Windows NT 10.0; Win64; x64) AppleWebKit/537.36 (KHTML, like Gecko) Chrome/149.0.0.0 Safari/537.36 Edg/149.0.0.0"
[2026-06-15 13:01:08] INFO: ::1 - - [15/Jun/2026:10:01:08 +0000] "GET /api/v1/provider/orders/6a27c97ff7a830d27ba20396 HTTP/1.1" 429 108 "http://localhost:5173/" "Mozilla/5.0 (Windows NT 10.0; Win64; x64) AppleWebKit/537.36 (KHTML, like Gecko) Chrome/149.0.0.0 Safari/537.36 Edg/149.0.0.0"
[2026-06-15 13:01:08] INFO: ::1 - - [15/Jun/2026:10:01:08 +0000] "GET /api/v1/provider/orders/6a27c97ff7a830d27ba20396 HTTP/1.1" 429 108 "http://localhost:5173/" "Mozilla/5.0 (Windows NT 10.0; Win64; x64) AppleWebKit/537.36 (KHTML, like Gecko) Chrome/149.0.0.0 Safari/537.36 Edg/149.0.0.0"
[2026-06-15 13:01:09] INFO: ::1 - - [15/Jun/2026:10:01:09 +0000] "GET /api/v1/provider/orders/6a27c97ff7a830d27ba20396 HTTP/1.1" 429 108 "http://localhost:5173/" "Mozilla/5.0 (Windows NT 10.0; Win64; x64) AppleWebKit/537.36 (KHTML, like Gecko) Chrome/149.0.0.0 Safari/537.36 Edg/149.0.0.0"
[2026-06-15 13:01:09] INFO: ::1 - - [15/Jun/2026:10:01:09 +0000] "GET /api/v1/provider/orders/6a27c97ff7a830d27ba20396 HTTP/1.1" 429 108 "http://localhost:5173/" "Mozilla/5.0 (Windows NT 10.0; Win64; x64) AppleWebKit/537.36 (KHTML, like Gecko) Chrome/149.0.0.0 Safari/537.36 Edg/149.0.0.0"
[2026-06-15 13:01:10] INFO: ::1 - - [15/Jun/2026:10:01:10 +0000] "GET /api/v1/provider/orders/6a27c670f7a830d27ba20391 HTTP/1.1" 429 108 "http://localhost:5173/" "Mozilla/5.0 (Windows NT 10.0; Win64; x64) AppleWebKit/537.36 (KHTML, like Gecko) Chrome/149.0.0.0 Safari/537.36 Edg/149.0.0.0"
[2026-06-15 13:01:11] INFO: ::1 - - [15/Jun/2026:10:01:11 +0000] "GET /api/v1/provider/orders/6a2694d950653555e6062a4a HTTP/1.1" 429 108 "http://localhost:5173/" "Mozilla/5.0 (Windows NT 10.0; Win64; x64) AppleWebKit/537.36 (KHTML, like Gecko) Chrome/149.0.0.0 Safari/537.36 Edg/149.0.0.0"
[2026-06-15 13:01:13] INFO: ::1 - - [15/Jun/2026:10:01:13 +0000] "GET /api/v1/provider/orders/6a2fc4997f275be6370cb9c7 HTTP/1.1" 429 108 "http://localhost:5173/" "Mozilla/5.0 (Windows NT 10.0; Win64; x64) AppleWebKit/537.36 (KHTML, like Gecko) Chrome/149.0.0.0 Safari/537.36 Edg/149.0.0.0"
[2026-06-15 13:01:15] INFO: ::1 - - [15/Jun/2026:10:01:15 +0000] "GET /api/v1/provider/orders/6a27c97ff7a830d27ba20396 HTTP/1.1" 429 108 "http://localhost:5173/" "Mozilla/5.0 (Windows NT 10.0; Win64; x64) AppleWebKit/537.36 (KHTML, like Gecko) Chrome/149.0.0.0 Safari/537.36 Edg/149.0.0.0"
[2026-06-15 13:01:16] INFO: ::1 - - [15/Jun/2026:10:01:16 +0000] "GET /api/v1/provider/orders/6a27c670f7a830d27ba20391 HTTP/1.1" 429 108 "http://localhost:5173/" "Mozilla/5.0 (Windows NT 10.0; Win64; x64) AppleWebKit/537.36 (KHTML, like Gecko) Chrome/149.0.0.0 Safari/537.36 Edg/149.0.0.0"
[2026-06-15 13:01:17] INFO: ::1 - - [15/Jun/2026:10:01:17 +0000] "GET /api/v1/provider/orders/6a2694d950653555e6062a4a HTTP/1.1" 429 108 "http://localhost:5173/" "Mozilla/5.0 (Windows NT 10.0; Win64; x64) AppleWebKit/537.36 (KHTML, like Gecko) Chrome/149.0.0.0 Safari/537.36 Edg/149.0.0.0"
[2026-06-15 13:01:18] INFO: ::1 - - [15/Jun/2026:10:01:18 +0000] "GET /api/v1/provider/orders/6a259bb48cbe7ff7f756417d HTTP/1.1" 429 108 "http://localhost:5173/" "Mozilla/5.0 (Windows NT 10.0; Win64; x64) AppleWebKit/537.36 (KHTML, like Gecko) Chrome/149.0.0.0 Safari/537.36 Edg/149.0.0.0"
[2026-06-15 13:01:55] INFO: 
         claenovy API SERVER
   Status  : Running
   Port    : 3000
   Env     : development
   Version : v1
      
[2026-06-15 13:02:02] INFO: 
         claenovy API SERVER
   Status  : Running
   Port    : 3000
   Env     : development
   Version : v1
      
[2026-06-15 13:02:17] INFO: 
         claenovy API SERVER
   Status  : Running
   Port    : 3000
   Env     : development
   Version : v1
      
[2026-06-15 13:02:24] INFO: 
         claenovy API SERVER
   Status  : Running
   Port    : 3000
   Env     : development
   Version : v1
      
[2026-06-15 13:02:27] INFO: ::1 - - [15/Jun/2026:10:02:27 +0000] "GET /api/v1/provider/dashboard/live HTTP/1.1" 401 90 "http://localhost:5173/" "Mozilla/5.0 (Windows NT 10.0; Win64; x64) AppleWebKit/537.36 (KHTML, like Gecko) Code/1.124.2 Chrome/148.0.7778.97 Electron/42.2.0 Safari/537.36"
[2026-06-15 13:02:28] INFO: ::1 - - [15/Jun/2026:10:02:28 +0000] "GET /api/v1/provider/discounts/tiers HTTP/1.1" - - "http://localhost:5173/" "Mozilla/5.0 (Windows NT 10.0; Win64; x64) AppleWebKit/537.36 (KHTML, like Gecko) Code/1.124.2 Chrome/148.0.7778.97 Electron/42.2.0 Safari/537.36"
[2026-06-15 13:02:28] INFO: ::1 - - [15/Jun/2026:10:02:28 +0000] "GET /api/v1/provider/profile HTTP/1.1" - - "http://localhost:5173/" "Mozilla/5.0 (Windows NT 10.0; Win64; x64) AppleWebKit/537.36 (KHTML, like Gecko) Code/1.124.2 Chrome/148.0.7778.97 Electron/42.2.0 Safari/537.36"
[2026-06-15 13:02:28] INFO: ::1 - - [15/Jun/2026:10:02:28 +0000] "GET /api/v1/provider/discounts/special-entities HTTP/1.1" - - "http://localhost:5173/" "Mozilla/5.0 (Windows NT 10.0; Win64; x64) AppleWebKit/537.36 (KHTML, like Gecko) Code/1.124.2 Chrome/148.0.7778.97 Electron/42.2.0 Safari/537.36"
[2026-06-15 13:02:28] INFO: ::1 - - [15/Jun/2026:10:02:28 +0000] "GET /api/v1/provider/services/categories HTTP/1.1" - - "http://localhost:5173/" "Mozilla/5.0 (Windows NT 10.0; Win64; x64) AppleWebKit/537.36 (KHTML, like Gecko) Code/1.124.2 Chrome/148.0.7778.97 Electron/42.2.0 Safari/537.36"
[2026-06-15 13:02:28] INFO: ::1 - - [15/Jun/2026:10:02:28 +0000] "GET /api/v1/provider/dashboard HTTP/1.1" - - "http://localhost:5173/" "Mozilla/5.0 (Windows NT 10.0; Win64; x64) AppleWebKit/537.36 (KHTML, like Gecko) Code/1.124.2 Chrome/148.0.7778.97 Electron/42.2.0 Safari/537.36"
[2026-06-15 13:02:28] INFO: ::1 - - [15/Jun/2026:10:02:28 +0000] "GET /api/v1/provider/orders HTTP/1.1" - - "http://localhost:5173/" "Mozilla/5.0 (Windows NT 10.0; Win64; x64) AppleWebKit/537.36 (KHTML, like Gecko) Code/1.124.2 Chrome/148.0.7778.97 Electron/42.2.0 Safari/537.36"
[2026-06-15 13:02:30] INFO: ::1 - - [15/Jun/2026:10:02:30 +0000] "GET /api/v1/provider/discounts/special-entities HTTP/1.1" - - "http://localhost:5173/" "Mozilla/5.0 (Windows NT 10.0; Win64; x64) AppleWebKit/537.36 (KHTML, like Gecko) Code/1.124.2 Chrome/148.0.7778.97 Electron/42.2.0 Safari/537.36"
[2026-06-15 13:02:30] INFO: ::1 - - [15/Jun/2026:10:02:30 +0000] "GET /api/v1/provider/services HTTP/1.1" - - "http://localhost:5173/" "Mozilla/5.0 (Windows NT 10.0; Win64; x64) AppleWebKit/537.36 (KHTML, like Gecko) Code/1.124.2 Chrome/148.0.7778.97 Electron/42.2.0 Safari/537.36"
[2026-06-15 13:02:30] INFO: ::1 - - [15/Jun/2026:10:02:30 +0000] "GET /api/v1/provider/orders HTTP/1.1" - - "http://localhost:5173/" "Mozilla/5.0 (Windows NT 10.0; Win64; x64) AppleWebKit/537.36 (KHTML, like Gecko) Code/1.124.2 Chrome/148.0.7778.97 Electron/42.2.0 Safari/537.36"
[2026-06-15 13:02:30] INFO: ::1 - - [15/Jun/2026:10:02:30 +0000] "GET /api/v1/provider/services/categories HTTP/1.1" - - "http://localhost:5173/" "Mozilla/5.0 (Windows NT 10.0; Win64; x64) AppleWebKit/537.36 (KHTML, like Gecko) Code/1.124.2 Chrome/148.0.7778.97 Electron/42.2.0 Safari/537.36"
[2026-06-15 13:02:30] INFO: ::1 - - [15/Jun/2026:10:02:30 +0000] "GET /api/v1/provider/discounts/tiers HTTP/1.1" - - "http://localhost:5173/" "Mozilla/5.0 (Windows NT 10.0; Win64; x64) AppleWebKit/537.36 (KHTML, like Gecko) Code/1.124.2 Chrome/148.0.7778.97 Electron/42.2.0 Safari/537.36"
[2026-06-15 13:02:30] INFO: ::1 - - [15/Jun/2026:10:02:30 +0000] "GET /api/v1/provider/dashboard HTTP/1.1" - - "http://localhost:5173/" "Mozilla/5.0 (Windows NT 10.0; Win64; x64) AppleWebKit/537.36 (KHTML, like Gecko) Code/1.124.2 Chrome/148.0.7778.97 Electron/42.2.0 Safari/537.36"
[2026-06-15 13:02:31] INFO: ::1 - - [15/Jun/2026:10:02:31 +0000] "GET /api/v1/provider/discounts/tiers HTTP/1.1" 200 36 "http://localhost:5173/" "Mozilla/5.0 (Windows NT 10.0; Win64; x64) AppleWebKit/537.36 (KHTML, like Gecko) Code/1.124.2 Chrome/148.0.7778.97 Electron/42.2.0 Safari/537.36"
[2026-06-15 13:02:32] INFO: ::1 - - [15/Jun/2026:10:02:32 +0000] "GET /api/v1/provider/discounts/special-entities HTTP/1.1" 200 36 "http://localhost:5173/" "Mozilla/5.0 (Windows NT 10.0; Win64; x64) AppleWebKit/537.36 (KHTML, like Gecko) Code/1.124.2 Chrome/148.0.7778.97 Electron/42.2.0 Safari/537.36"
[2026-06-15 13:02:32] INFO: ::1 - - [15/Jun/2026:10:02:32 +0000] "GET /api/v1/provider/orders HTTP/1.1" 200 2842 "http://localhost:5173/" "Mozilla/5.0 (Windows NT 10.0; Win64; x64) AppleWebKit/537.36 (KHTML, like Gecko) Code/1.124.2 Chrome/148.0.7778.97 Electron/42.2.0 Safari/537.36"
[2026-06-15 13:02:32] INFO: ::1 - - [15/Jun/2026:10:02:32 +0000] "GET /api/v1/provider/dashboard/live HTTP/1.1" 401 90 "http://localhost:5173/" "Mozilla/5.0 (Windows NT 10.0; Win64; x64) AppleWebKit/537.36 (KHTML, like Gecko) Code/1.124.2 Chrome/148.0.7778.97 Electron/42.2.0 Safari/537.36"
[2026-06-15 13:02:32] INFO: ::1 - - [15/Jun/2026:10:02:32 +0000] "GET /api/v1/provider/services HTTP/1.1" 200 13479 "http://localhost:5173/" "Mozilla/5.0 (Windows NT 10.0; Win64; x64) AppleWebKit/537.36 (KHTML, like Gecko) Code/1.124.2 Chrome/148.0.7778.97 Electron/42.2.0 Safari/537.36"
[2026-06-15 13:02:33] INFO: ::1 - - [15/Jun/2026:10:02:33 +0000] "GET /api/v1/provider/settings HTTP/1.1" 200 342 "http://localhost:5173/" "Mozilla/5.0 (Windows NT 10.0; Win64; x64) AppleWebKit/537.36 (KHTML, like Gecko) Code/1.124.2 Chrome/148.0.7778.97 Electron/42.2.0 Safari/537.36"
[2026-06-15 13:02:33] INFO: ::1 - - [15/Jun/2026:10:02:33 +0000] "GET /api/v1/provider/services/categories HTTP/1.1" 200 2251 "http://localhost:5173/" "Mozilla/5.0 (Windows NT 10.0; Win64; x64) AppleWebKit/537.36 (KHTML, like Gecko) Code/1.124.2 Chrome/148.0.7778.97 Electron/42.2.0 Safari/537.36"
[2026-06-15 13:02:33] INFO: ::1 - - [15/Jun/2026:10:02:33 +0000] "GET /api/v1/provider/profile HTTP/1.1" 200 304 "http://localhost:5173/" "Mozilla/5.0 (Windows NT 10.0; Win64; x64) AppleWebKit/537.36 (KHTML, like Gecko) Code/1.124.2 Chrome/148.0.7778.97 Electron/42.2.0 Safari/537.36"
[2026-06-15 13:02:33] INFO: ::1 - - [15/Jun/2026:10:02:33 +0000] "GET /api/v1/provider/discounts/tiers HTTP/1.1" 304 - "http://localhost:5173/" "Mozilla/5.0 (Windows NT 10.0; Win64; x64) AppleWebKit/537.36 (KHTML, like Gecko) Code/1.124.2 Chrome/148.0.7778.97 Electron/42.2.0 Safari/537.36"
[2026-06-15 13:02:33] INFO: ::1 - - [15/Jun/2026:10:02:33 +0000] "GET /api/v1/provider/discounts/special-entities HTTP/1.1" 304 - "http://localhost:5173/" "Mozilla/5.0 (Windows NT 10.0; Win64; x64) AppleWebKit/537.36 (KHTML, like Gecko) Code/1.124.2 Chrome/148.0.7778.97 Electron/42.2.0 Safari/537.36"
[2026-06-15 13:02:34] INFO: ::1 - - [15/Jun/2026:10:02:34 +0000] "GET /api/v1/provider/orders HTTP/1.1" 304 - "http://localhost:5173/" "Mozilla/5.0 (Windows NT 10.0; Win64; x64) AppleWebKit/537.36 (KHTML, like Gecko) Code/1.124.2 Chrome/148.0.7778.97 Electron/42.2.0 Safari/537.36"
[2026-06-15 13:02:34] INFO: ::1 - - [15/Jun/2026:10:02:34 +0000] "GET /api/v1/provider/settings HTTP/1.1" 304 - "http://localhost:5173/" "Mozilla/5.0 (Windows NT 10.0; Win64; x64) AppleWebKit/537.36 (KHTML, like Gecko) Code/1.124.2 Chrome/148.0.7778.97 Electron/42.2.0 Safari/537.36"
[2026-06-15 13:02:34] INFO: ::1 - - [15/Jun/2026:10:02:34 +0000] "GET /api/v1/provider/services HTTP/1.1" 304 - "http://localhost:5173/" "Mozilla/5.0 (Windows NT 10.0; Win64; x64) AppleWebKit/537.36 (KHTML, like Gecko) Code/1.124.2 Chrome/148.0.7778.97 Electron/42.2.0 Safari/537.36"
[2026-06-15 13:02:34] INFO: ::1 - - [15/Jun/2026:10:02:34 +0000] "GET /api/v1/provider/dashboard HTTP/1.1" 200 1160 "http://localhost:5173/" "Mozilla/5.0 (Windows NT 10.0; Win64; x64) AppleWebKit/537.36 (KHTML, like Gecko) Code/1.124.2 Chrome/148.0.7778.97 Electron/42.2.0 Safari/537.36"
[2026-06-15 13:02:35] INFO: ::1 - - [15/Jun/2026:10:02:35 +0000] "GET /api/v1/provider/reviews HTTP/1.1" 200 105 "http://localhost:5173/" "Mozilla/5.0 (Windows NT 10.0; Win64; x64) AppleWebKit/537.36 (KHTML, like Gecko) Code/1.124.2 Chrome/148.0.7778.97 Electron/42.2.0 Safari/537.36"
[2026-06-15 13:02:35] INFO: ::1 - - [15/Jun/2026:10:02:35 +0000] "GET /api/v1/provider/profile HTTP/1.1" 304 - "http://localhost:5173/" "Mozilla/5.0 (Windows NT 10.0; Win64; x64) AppleWebKit/537.36 (KHTML, like Gecko) Code/1.124.2 Chrome/148.0.7778.97 Electron/42.2.0 Safari/537.36"
[2026-06-15 13:02:35] INFO: ::1 - - [15/Jun/2026:10:02:35 +0000] "GET /api/v1/provider/services/categories HTTP/1.1" 304 - "http://localhost:5173/" "Mozilla/5.0 (Windows NT 10.0; Win64; x64) AppleWebKit/537.36 (KHTML, like Gecko) Code/1.124.2 Chrome/148.0.7778.97 Electron/42.2.0 Safari/537.36"
[2026-06-15 13:02:36] INFO: ::1 - - [15/Jun/2026:10:02:36 +0000] "GET /api/v1/provider/reviews HTTP/1.1" 304 - "http://localhost:5173/" "Mozilla/5.0 (Windows NT 10.0; Win64; x64) AppleWebKit/537.36 (KHTML, like Gecko) Code/1.124.2 Chrome/148.0.7778.97 Electron/42.2.0 Safari/537.36"
[2026-06-15 13:02:37] INFO: ::1 - - [15/Jun/2026:10:02:37 +0000] "GET /api/v1/provider/dashboard HTTP/1.1" 304 - "http://localhost:5173/" "Mozilla/5.0 (Windows NT 10.0; Win64; x64) AppleWebKit/537.36 (KHTML, like Gecko) Code/1.124.2 Chrome/148.0.7778.97 Electron/42.2.0 Safari/537.36"
[2026-06-15 13:02:41] INFO: ::1 - - [15/Jun/2026:10:02:41 +0000] "GET /api/v1/provider/orders/6a2fc4997f275be6370cb9c7 HTTP/1.1" 404 56 "http://localhost:5173/" "Mozilla/5.0 (Windows NT 10.0; Win64; x64) AppleWebKit/537.36 (KHTML, like Gecko) Code/1.124.2 Chrome/148.0.7778.97 Electron/42.2.0 Safari/537.36"
[2026-06-15 13:02:42] INFO: ::1 - - [15/Jun/2026:10:02:42 +0000] "GET /api/v1/provider/orders/6a2fc4997f275be6370cb9c7 HTTP/1.1" 404 56 "http://localhost:5173/" "Mozilla/5.0 (Windows NT 10.0; Win64; x64) AppleWebKit/537.36 (KHTML, like Gecko) Code/1.124.2 Chrome/148.0.7778.97 Electron/42.2.0 Safari/537.36"
[2026-06-15 13:03:00] INFO: ::1 - - [15/Jun/2026:10:03:00 +0000] "GET /api/v1/provider/orders/6a2fc4997f275be6370cb9c7 HTTP/1.1" 404 56 "http://localhost:5173/" "Mozilla/5.0 (Windows NT 10.0; Win64; x64) AppleWebKit/537.36 (KHTML, like Gecko) Code/1.124.2 Chrome/148.0.7778.97 Electron/42.2.0 Safari/537.36"
[2026-06-15 13:03:01] INFO: ::1 - - [15/Jun/2026:10:03:01 +0000] "GET /api/v1/provider/orders/6a2fc4997f275be6370cb9c7 HTTP/1.1" 404 56 "http://localhost:5173/" "Mozilla/5.0 (Windows NT 10.0; Win64; x64) AppleWebKit/537.36 (KHTML, like Gecko) Code/1.124.2 Chrome/148.0.7778.97 Electron/42.2.0 Safari/537.36"
[2026-06-15 13:04:27] INFO: ::1 - - [15/Jun/2026:10:04:27 +0000] "GET /api/v1/provider/dashboard/live HTTP/1.1" 401 90 "http://localhost:5173/" "Mozilla/5.0 (Windows NT 10.0; Win64; x64) AppleWebKit/537.36 (KHTML, like Gecko) Code/1.124.2 Chrome/148.0.7778.97 Electron/42.2.0 Safari/537.36"
[2026-06-15 13:04:27] INFO: ::1 - - [15/Jun/2026:10:04:27 +0000] "GET /api/v1/provider/settings HTTP/1.1" 304 - "http://localhost:5173/" "Mozilla/5.0 (Windows NT 10.0; Win64; x64) AppleWebKit/537.36 (KHTML, like Gecko) Code/1.124.2 Chrome/148.0.7778.97 Electron/42.2.0 Safari/537.36"
[2026-06-15 13:04:28] INFO: ::1 - - [15/Jun/2026:10:04:28 +0000] "GET /api/v1/provider/discounts/special-entities HTTP/1.1" 304 - "http://localhost:5173/" "Mozilla/5.0 (Windows NT 10.0; Win64; x64) AppleWebKit/537.36 (KHTML, like Gecko) Code/1.124.2 Chrome/148.0.7778.97 Electron/42.2.0 Safari/537.36"
[2026-06-15 13:04:28] INFO: ::1 - - [15/Jun/2026:10:04:28 +0000] "GET /api/v1/provider/discounts/tiers HTTP/1.1" 304 - "http://localhost:5173/" "Mozilla/5.0 (Windows NT 10.0; Win64; x64) AppleWebKit/537.36 (KHTML, like Gecko) Code/1.124.2 Chrome/148.0.7778.97 Electron/42.2.0 Safari/537.36"
[2026-06-15 13:04:28] INFO: ::1 - - [15/Jun/2026:10:04:28 +0000] "GET /api/v1/provider/orders HTTP/1.1" 200 2841 "http://localhost:5173/" "Mozilla/5.0 (Windows NT 10.0; Win64; x64) AppleWebKit/537.36 (KHTML, like Gecko) Code/1.124.2 Chrome/148.0.7778.97 Electron/42.2.0 Safari/537.36"
[2026-06-15 13:04:29] INFO: ::1 - - [15/Jun/2026:10:04:29 +0000] "GET /api/v1/provider/services/categories HTTP/1.1" 304 - "http://localhost:5173/" "Mozilla/5.0 (Windows NT 10.0; Win64; x64) AppleWebKit/537.36 (KHTML, like Gecko) Code/1.124.2 Chrome/148.0.7778.97 Electron/42.2.0 Safari/537.36"
[2026-06-15 13:04:29] INFO: ::1 - - [15/Jun/2026:10:04:29 +0000] "GET /api/v1/provider/reviews HTTP/1.1" 304 - "http://localhost:5173/" "Mozilla/5.0 (Windows NT 10.0; Win64; x64) AppleWebKit/537.36 (KHTML, like Gecko) Code/1.124.2 Chrome/148.0.7778.97 Electron/42.2.0 Safari/537.36"
[2026-06-15 13:04:29] INFO: ::1 - - [15/Jun/2026:10:04:29 +0000] "GET /api/v1/provider/settings HTTP/1.1" 304 - "http://localhost:5173/" "Mozilla/5.0 (Windows NT 10.0; Win64; x64) AppleWebKit/537.36 (KHTML, like Gecko) Code/1.124.2 Chrome/148.0.7778.97 Electron/42.2.0 Safari/537.36"
[2026-06-15 13:04:29] INFO: ::1 - - [15/Jun/2026:10:04:29 +0000] "GET /api/v1/provider/services HTTP/1.1" 304 - "http://localhost:5173/" "Mozilla/5.0 (Windows NT 10.0; Win64; x64) AppleWebKit/537.36 (KHTML, like Gecko) Code/1.124.2 Chrome/148.0.7778.97 Electron/42.2.0 Safari/537.36"
[2026-06-15 13:04:29] INFO: ::1 - - [15/Jun/2026:10:04:29 +0000] "GET /api/v1/provider/profile HTTP/1.1" 304 - "http://localhost:5173/" "Mozilla/5.0 (Windows NT 10.0; Win64; x64) AppleWebKit/537.36 (KHTML, like Gecko) Code/1.124.2 Chrome/148.0.7778.97 Electron/42.2.0 Safari/537.36"
[2026-06-15 13:04:29] INFO: ::1 - - [15/Jun/2026:10:04:29 +0000] "GET /api/v1/provider/dashboard HTTP/1.1" 200 1328 "http://localhost:5173/" "Mozilla/5.0 (Windows NT 10.0; Win64; x64) AppleWebKit/537.36 (KHTML, like Gecko) Code/1.124.2 Chrome/148.0.7778.97 Electron/42.2.0 Safari/537.36"
[2026-06-15 13:04:29] INFO: ::1 - - [15/Jun/2026:10:04:29 +0000] "GET /api/v1/provider/discounts/special-entities HTTP/1.1" 304 - "http://localhost:5173/" "Mozilla/5.0 (Windows NT 10.0; Win64; x64) AppleWebKit/537.36 (KHTML, like Gecko) Code/1.124.2 Chrome/148.0.7778.97 Electron/42.2.0 Safari/537.36"
[2026-06-15 13:04:29] INFO: ::1 - - [15/Jun/2026:10:04:29 +0000] "GET /api/v1/provider/discounts/tiers HTTP/1.1" 304 - "http://localhost:5173/" "Mozilla/5.0 (Windows NT 10.0; Win64; x64) AppleWebKit/537.36 (KHTML, like Gecko) Code/1.124.2 Chrome/148.0.7778.97 Electron/42.2.0 Safari/537.36"
[2026-06-15 13:04:30] INFO: ::1 - - [15/Jun/2026:10:04:30 +0000] "GET /api/v1/provider/reviews HTTP/1.1" 304 - "http://localhost:5173/" "Mozilla/5.0 (Windows NT 10.0; Win64; x64) AppleWebKit/537.36 (KHTML, like Gecko) Code/1.124.2 Chrome/148.0.7778.97 Electron/42.2.0 Safari/537.36"
[2026-06-15 13:04:30] INFO: ::1 - - [15/Jun/2026:10:04:30 +0000] "GET /api/v1/provider/orders HTTP/1.1" 304 - "http://localhost:5173/" "Mozilla/5.0 (Windows NT 10.0; Win64; x64) AppleWebKit/537.36 (KHTML, like Gecko) Code/1.124.2 Chrome/148.0.7778.97 Electron/42.2.0 Safari/537.36"
[2026-06-15 13:04:30] INFO: ::1 - - [15/Jun/2026:10:04:30 +0000] "GET /api/v1/provider/orders/6a259bb48cbe7ff7f756417d HTTP/1.1" 404 56 "http://localhost:5173/" "Mozilla/5.0 (Windows NT 10.0; Win64; x64) AppleWebKit/537.36 (KHTML, like Gecko) Code/1.124.2 Chrome/148.0.7778.97 Electron/42.2.0 Safari/537.36"
[2026-06-15 13:04:31] INFO: ::1 - - [15/Jun/2026:10:04:31 +0000] "GET /api/v1/provider/services HTTP/1.1" 304 - "http://localhost:5173/" "Mozilla/5.0 (Windows NT 10.0; Win64; x64) AppleWebKit/537.36 (KHTML, like Gecko) Code/1.124.2 Chrome/148.0.7778.97 Electron/42.2.0 Safari/537.36"
[2026-06-15 13:04:31] INFO: ::1 - - [15/Jun/2026:10:04:31 +0000] "GET /api/v1/provider/services/categories HTTP/1.1" 304 - "http://localhost:5173/" "Mozilla/5.0 (Windows NT 10.0; Win64; x64) AppleWebKit/537.36 (KHTML, like Gecko) Code/1.124.2 Chrome/148.0.7778.97 Electron/42.2.0 Safari/537.36"
[2026-06-15 13:04:31] INFO: ::1 - - [15/Jun/2026:10:04:31 +0000] "GET /api/v1/provider/profile HTTP/1.1" 304 - "http://localhost:5173/" "Mozilla/5.0 (Windows NT 10.0; Win64; x64) AppleWebKit/537.36 (KHTML, like Gecko) Code/1.124.2 Chrome/148.0.7778.97 Electron/42.2.0 Safari/537.36"
[2026-06-15 13:04:32] INFO: ::1 - - [15/Jun/2026:10:04:32 +0000] "GET /api/v1/provider/dashboard HTTP/1.1" 304 - "http://localhost:5173/" "Mozilla/5.0 (Windows NT 10.0; Win64; x64) AppleWebKit/537.36 (KHTML, like Gecko) Code/1.124.2 Chrome/148.0.7778.97 Electron/42.2.0 Safari/537.36"
[2026-06-15 13:04:33] INFO: ::1 - - [15/Jun/2026:10:04:33 +0000] "GET /api/v1/provider/orders/6a259bb48cbe7ff7f756417d HTTP/1.1" 404 56 "http://localhost:5173/" "Mozilla/5.0 (Windows NT 10.0; Win64; x64) AppleWebKit/537.36 (KHTML, like Gecko) Code/1.124.2 Chrome/148.0.7778.97 Electron/42.2.0 Safari/537.36"
[2026-06-15 13:05:43] INFO: ::1 - - [15/Jun/2026:10:05:43 +0000] "POST /api/v1/provider/orders/6a2fc4997f275be6370cb9c7/accept HTTP/1.1" 404 75 "http://localhost:5173/" "Mozilla/5.0 (Windows NT 10.0; Win64; x64) AppleWebKit/537.36 (KHTML, like Gecko) Chrome/149.0.0.0 Safari/537.36 Edg/149.0.0.0"
[2026-06-15 13:05:44] INFO: ::1 - - [15/Jun/2026:10:05:44 +0000] "GET /api/v1/provider/orders HTTP/1.1" 200 2841 "http://localhost:5173/" "Mozilla/5.0 (Windows NT 10.0; Win64; x64) AppleWebKit/537.36 (KHTML, like Gecko) Chrome/149.0.0.0 Safari/537.36 Edg/149.0.0.0"
[2026-06-15 13:05:50] INFO: ::1 - - [15/Jun/2026:10:05:50 +0000] "GET /api/v1/provider/discounts/tiers HTTP/1.1" 200 36 "http://localhost:5173/" "Mozilla/5.0 (Windows NT 10.0; Win64; x64) AppleWebKit/537.36 (KHTML, like Gecko) Chrome/149.0.0.0 Safari/537.36 Edg/149.0.0.0"
[2026-06-15 13:05:50] INFO: ::1 - - [15/Jun/2026:10:05:50 +0000] "GET /api/v1/provider/discounts/special-entities HTTP/1.1" 304 - "http://localhost:5173/" "Mozilla/5.0 (Windows NT 10.0; Win64; x64) AppleWebKit/537.36 (KHTML, like Gecko) Chrome/149.0.0.0 Safari/537.36 Edg/149.0.0.0"
[2026-06-15 13:05:50] INFO: ::1 - - [15/Jun/2026:10:05:50 +0000] "GET /api/v1/provider/dashboard/live HTTP/1.1" 401 90 "http://localhost:5173/" "Mozilla/5.0 (Windows NT 10.0; Win64; x64) AppleWebKit/537.36 (KHTML, like Gecko) Chrome/149.0.0.0 Safari/537.36 Edg/149.0.0.0"
[2026-06-15 13:05:51] INFO: ::1 - - [15/Jun/2026:10:05:51 +0000] "GET /api/v1/provider/orders HTTP/1.1" 304 - "http://localhost:5173/" "Mozilla/5.0 (Windows NT 10.0; Win64; x64) AppleWebKit/537.36 (KHTML, like Gecko) Chrome/149.0.0.0 Safari/537.36 Edg/149.0.0.0"
[2026-06-15 13:05:51] INFO: ::1 - - [15/Jun/2026:10:05:51 +0000] "GET /api/v1/provider/settings HTTP/1.1" 304 - "http://localhost:5173/" "Mozilla/5.0 (Windows NT 10.0; Win64; x64) AppleWebKit/537.36 (KHTML, like Gecko) Chrome/149.0.0.0 Safari/537.36 Edg/149.0.0.0"
[2026-06-15 13:05:51] INFO: ::1 - - [15/Jun/2026:10:05:51 +0000] "GET /api/v1/provider/services HTTP/1.1" 304 - "http://localhost:5173/" "Mozilla/5.0 (Windows NT 10.0; Win64; x64) AppleWebKit/537.36 (KHTML, like Gecko) Chrome/149.0.0.0 Safari/537.36 Edg/149.0.0.0"
[2026-06-15 13:05:51] INFO: ::1 - - [15/Jun/2026:10:05:51 +0000] "GET /api/v1/provider/services/categories HTTP/1.1" 304 - "http://localhost:5173/" "Mozilla/5.0 (Windows NT 10.0; Win64; x64) AppleWebKit/537.36 (KHTML, like Gecko) Chrome/149.0.0.0 Safari/537.36 Edg/149.0.0.0"
[2026-06-15 13:05:52] INFO: ::1 - - [15/Jun/2026:10:05:52 +0000] "GET /api/v1/provider/profile HTTP/1.1" 304 - "http://localhost:5173/" "Mozilla/5.0 (Windows NT 10.0; Win64; x64) AppleWebKit/537.36 (KHTML, like Gecko) Chrome/149.0.0.0 Safari/537.36 Edg/149.0.0.0"
[2026-06-15 13:05:52] INFO: ::1 - - [15/Jun/2026:10:05:52 +0000] "GET /api/v1/provider/reviews HTTP/1.1" 304 - "http://localhost:5173/" "Mozilla/5.0 (Windows NT 10.0; Win64; x64) AppleWebKit/537.36 (KHTML, like Gecko) Chrome/149.0.0.0 Safari/537.36 Edg/149.0.0.0"
[2026-06-15 13:05:52] INFO: ::1 - - [15/Jun/2026:10:05:52 +0000] "GET /api/v1/provider/discounts/tiers HTTP/1.1" 304 - "http://localhost:5173/" "Mozilla/5.0 (Windows NT 10.0; Win64; x64) AppleWebKit/537.36 (KHTML, like Gecko) Chrome/149.0.0.0 Safari/537.36 Edg/149.0.0.0"
[2026-06-15 13:05:52] INFO: ::1 - - [15/Jun/2026:10:05:52 +0000] "GET /api/v1/provider/dashboard HTTP/1.1" 200 1328 "http://localhost:5173/" "Mozilla/5.0 (Windows NT 10.0; Win64; x64) AppleWebKit/537.36 (KHTML, like Gecko) Chrome/149.0.0.0 Safari/537.36 Edg/149.0.0.0"
[2026-06-15 13:05:52] INFO: ::1 - - [15/Jun/2026:10:05:52 +0000] "GET /api/v1/provider/discounts/special-entities HTTP/1.1" 304 - "http://localhost:5173/" "Mozilla/5.0 (Windows NT 10.0; Win64; x64) AppleWebKit/537.36 (KHTML, like Gecko) Chrome/149.0.0.0 Safari/537.36 Edg/149.0.0.0"
[2026-06-15 13:05:52] INFO: ::1 - - [15/Jun/2026:10:05:52 +0000] "GET /api/v1/provider/settings HTTP/1.1" 304 - "http://localhost:5173/" "Mozilla/5.0 (Windows NT 10.0; Win64; x64) AppleWebKit/537.36 (KHTML, like Gecko) Chrome/149.0.0.0 Safari/537.36 Edg/149.0.0.0"
[2026-06-15 13:05:52] INFO: ::1 - - [15/Jun/2026:10:05:52 +0000] "GET /api/v1/provider/orders HTTP/1.1" 304 - "http://localhost:5173/" "Mozilla/5.0 (Windows NT 10.0; Win64; x64) AppleWebKit/537.36 (KHTML, like Gecko) Chrome/149.0.0.0 Safari/537.36 Edg/149.0.0.0"
[2026-06-15 13:05:53] INFO: ::1 - - [15/Jun/2026:10:05:53 +0000] "GET /api/v1/provider/orders/6a259bb48cbe7ff7f756417d HTTP/1.1" 404 56 "http://localhost:5173/" "Mozilla/5.0 (Windows NT 10.0; Win64; x64) AppleWebKit/537.36 (KHTML, like Gecko) Chrome/149.0.0.0 Safari/537.36 Edg/149.0.0.0"
[2026-06-15 13:05:53] INFO: ::1 - - [15/Jun/2026:10:05:53 +0000] "GET /api/v1/provider/reviews HTTP/1.1" 304 - "http://localhost:5173/" "Mozilla/5.0 (Windows NT 10.0; Win64; x64) AppleWebKit/537.36 (KHTML, like Gecko) Chrome/149.0.0.0 Safari/537.36 Edg/149.0.0.0"
[2026-06-15 13:05:53] INFO: ::1 - - [15/Jun/2026:10:05:53 +0000] "GET /api/v1/provider/profile HTTP/1.1" 304 - "http://localhost:5173/" "Mozilla/5.0 (Windows NT 10.0; Win64; x64) AppleWebKit/537.36 (KHTML, like Gecko) Chrome/149.0.0.0 Safari/537.36 Edg/149.0.0.0"
[2026-06-15 13:05:53] INFO: ::1 - - [15/Jun/2026:10:05:53 +0000] "GET /api/v1/provider/services HTTP/1.1" 304 - "http://localhost:5173/" "Mozilla/5.0 (Windows NT 10.0; Win64; x64) AppleWebKit/537.36 (KHTML, like Gecko) Chrome/149.0.0.0 Safari/537.36 Edg/149.0.0.0"
[2026-06-15 13:05:54] INFO: ::1 - - [15/Jun/2026:10:05:54 +0000] "GET /api/v1/provider/services/categories HTTP/1.1" 304 - "http://localhost:5173/" "Mozilla/5.0 (Windows NT 10.0; Win64; x64) AppleWebKit/537.36 (KHTML, like Gecko) Chrome/149.0.0.0 Safari/537.36 Edg/149.0.0.0"
[2026-06-15 13:05:54] INFO: ::1 - - [15/Jun/2026:10:05:54 +0000] "GET /api/v1/provider/orders/6a259bb48cbe7ff7f756417d HTTP/1.1" 404 56 "http://localhost:5173/" "Mozilla/5.0 (Windows NT 10.0; Win64; x64) AppleWebKit/537.36 (KHTML, like Gecko) Chrome/149.0.0.0 Safari/537.36 Edg/149.0.0.0"
[2026-06-15 13:05:55] INFO: ::1 - - [15/Jun/2026:10:05:55 +0000] "GET /api/v1/provider/dashboard HTTP/1.1" 304 - "http://localhost:5173/" "Mozilla/5.0 (Windows NT 10.0; Win64; x64) AppleWebKit/537.36 (KHTML, like Gecko) Chrome/149.0.0.0 Safari/537.36 Edg/149.0.0.0"
[2026-06-15 13:05:55] INFO: ::1 - - [15/Jun/2026:10:05:55 +0000] "GET /api/v1/provider/orders/6a2694d950653555e6062a4a HTTP/1.1" 404 56 "http://localhost:5173/" "Mozilla/5.0 (Windows NT 10.0; Win64; x64) AppleWebKit/537.36 (KHTML, like Gecko) Chrome/149.0.0.0 Safari/537.36 Edg/149.0.0.0"
[2026-06-15 13:05:57] INFO: ::1 - - [15/Jun/2026:10:05:57 +0000] "GET /api/v1/provider/orders/6a2fc4997f275be6370cb9c7 HTTP/1.1" 404 56 "http://localhost:5173/" "Mozilla/5.0 (Windows NT 10.0; Win64; x64) AppleWebKit/537.36 (KHTML, like Gecko) Chrome/149.0.0.0 Safari/537.36 Edg/149.0.0.0"
[2026-06-15 13:05:58] INFO: ::1 - - [15/Jun/2026:10:05:58 +0000] "GET /api/v1/provider/orders/6a259bb48cbe7ff7f756417d HTTP/1.1" 404 56 "http://localhost:5173/" "Mozilla/5.0 (Windows NT 10.0; Win64; x64) AppleWebKit/537.36 (KHTML, like Gecko) Chrome/149.0.0.0 Safari/537.36 Edg/149.0.0.0"
[2026-06-15 13:06:10] INFO: ::1 - - [15/Jun/2026:10:06:10 +0000] "POST /api/v1/provider/orders/6a2fc4997f275be6370cb9c7/accept HTTP/1.1" 404 75 "http://localhost:5173/" "Mozilla/5.0 (Windows NT 10.0; Win64; x64) AppleWebKit/537.36 (KHTML, like Gecko) Chrome/149.0.0.0 Safari/537.36 Edg/149.0.0.0"
[2026-06-15 13:06:12] INFO: ::1 - - [15/Jun/2026:10:06:12 +0000] "GET /api/v1/provider/orders HTTP/1.1" 304 - "http://localhost:5173/" "Mozilla/5.0 (Windows NT 10.0; Win64; x64) AppleWebKit/537.36 (KHTML, like Gecko) Chrome/149.0.0.0 Safari/537.36 Edg/149.0.0.0"
[2026-06-15 13:06:15] INFO: ::1 - - [15/Jun/2026:10:06:15 +0000] "POST /api/v1/provider/orders/6a259bb48cbe7ff7f756417d/reject HTTP/1.1" 404 56 "http://localhost:5173/" "Mozilla/5.0 (Windows NT 10.0; Win64; x64) AppleWebKit/537.36 (KHTML, like Gecko) Chrome/149.0.0.0 Safari/537.36 Edg/149.0.0.0"
[2026-06-15 13:06:16] INFO: ::1 - - [15/Jun/2026:10:06:16 +0000] "GET /api/v1/provider/orders HTTP/1.1" 304 - "http://localhost:5173/" "Mozilla/5.0 (Windows NT 10.0; Win64; x64) AppleWebKit/537.36 (KHTML, like Gecko) Chrome/149.0.0.0 Safari/537.36 Edg/149.0.0.0"
[2026-06-15 13:06:24] INFO: ::1 - - [15/Jun/2026:10:06:24 +0000] "GET /api/v1/provider/orders/6a259bb48cbe7ff7f756417d HTTP/1.1" 404 56 "http://localhost:5173/" "Mozilla/5.0 (Windows NT 10.0; Win64; x64) AppleWebKit/537.36 (KHTML, like Gecko) Chrome/149.0.0.0 Safari/537.36 Edg/149.0.0.0"
[2026-06-15 13:07:09] INFO: ::1 - - [15/Jun/2026:10:07:09 +0000] "GET /api/v1/provider/orders/6a259bb48cbe7ff7f756417d HTTP/1.1" 404 56 "http://localhost:5173/" "Mozilla/5.0 (Windows NT 10.0; Win64; x64) AppleWebKit/537.36 (KHTML, like Gecko) Chrome/149.0.0.0 Safari/537.36 Edg/149.0.0.0"
[2026-06-15 13:07:10] INFO: ::1 - - [15/Jun/2026:10:07:10 +0000] "GET /api/v1/provider/orders/6a259bb48cbe7ff7f756417d HTTP/1.1" 404 56 "http://localhost:5173/" "Mozilla/5.0 (Windows NT 10.0; Win64; x64) AppleWebKit/537.36 (KHTML, like Gecko) Chrome/149.0.0.0 Safari/537.36 Edg/149.0.0.0"
[2026-06-15 13:07:13] INFO: ::1 - - [15/Jun/2026:10:07:13 +0000] "GET /api/v1/provider/orders/6a259bb48cbe7ff7f756417d HTTP/1.1" 404 56 "http://localhost:5173/" "Mozilla/5.0 (Windows NT 10.0; Win64; x64) AppleWebKit/537.36 (KHTML, like Gecko) Chrome/149.0.0.0 Safari/537.36 Edg/149.0.0.0"
[2026-06-15 13:07:14] INFO: ::1 - - [15/Jun/2026:10:07:14 +0000] "GET /api/v1/provider/orders/6a259bb48cbe7ff7f756417d HTTP/1.1" 404 56 "http://localhost:5173/" "Mozilla/5.0 (Windows NT 10.0; Win64; x64) AppleWebKit/537.36 (KHTML, like Gecko) Chrome/149.0.0.0 Safari/537.36 Edg/149.0.0.0"
[2026-06-15 13:07:15] INFO: ::1 - - [15/Jun/2026:10:07:15 +0000] "GET /api/v1/provider/orders/6a259bb48cbe7ff7f756417d HTTP/1.1" 404 56 "http://localhost:5173/" "Mozilla/5.0 (Windows NT 10.0; Win64; x64) AppleWebKit/537.36 (KHTML, like Gecko) Chrome/149.0.0.0 Safari/537.36 Edg/149.0.0.0"
[2026-06-15 13:07:16] INFO: ::1 - - [15/Jun/2026:10:07:16 +0000] "GET /api/v1/provider/orders/6a259bb48cbe7ff7f756417d HTTP/1.1" 404 56 "http://localhost:5173/" "Mozilla/5.0 (Windows NT 10.0; Win64; x64) AppleWebKit/537.36 (KHTML, like Gecko) Chrome/149.0.0.0 Safari/537.36 Edg/149.0.0.0"
[2026-06-15 13:07:19] INFO: ::1 - - [15/Jun/2026:10:07:19 +0000] "POST /api/v1/provider/orders/6a27c670f7a830d27ba20391/reject HTTP/1.1" 404 56 "http://localhost:5173/" "Mozilla/5.0 (Windows NT 10.0; Win64; x64) AppleWebKit/537.36 (KHTML, like Gecko) Chrome/149.0.0.0 Safari/537.36 Edg/149.0.0.0"
[2026-06-15 13:07:21] INFO: ::1 - - [15/Jun/2026:10:07:21 +0000] "GET /api/v1/provider/orders HTTP/1.1" 304 - "http://localhost:5173/" "Mozilla/5.0 (Windows NT 10.0; Win64; x64) AppleWebKit/537.36 (KHTML, like Gecko) Chrome/149.0.0.0 Safari/537.36 Edg/149.0.0.0"
[2026-06-15 13:09:41] INFO: 
         claenovy API SERVER
   Status  : Running
   Port    : 3000
   Env     : development
   Version : v1
      
[2026-06-15 13:10:03] INFO: 
         claenovy API SERVER
   Status  : Running
   Port    : 3000
   Env     : development
   Version : v1
      
[2026-06-15 13:10:12] INFO: 
         claenovy API SERVER
   Status  : Running
   Port    : 3000
   Env     : development
   Version : v1
      
[2026-06-15 13:10:28] INFO: 
         claenovy API SERVER
   Status  : Running
   Port    : 3000
   Env     : development
   Version : v1
      
[2026-06-15 13:11:15] INFO: 
         claenovy API SERVER
   Status  : Running
   Port    : 3000
   Env     : development
   Version : v1
      
[2026-06-15 13:11:31] INFO: 
         claenovy API SERVER
   Status  : Running
   Port    : 3000
   Env     : development
   Version : v1
      
[2026-06-15 13:11:39] INFO: 
         claenovy API SERVER
   Status  : Running
   Port    : 3000
   Env     : development
   Version : v1
      
[2026-06-15 13:11:50] INFO: 
         claenovy API SERVER
   Status  : Running
   Port    : 3000
   Env     : development
   Version : v1
      
[2026-06-15 13:12:01] INFO: 
         claenovy API SERVER
   Status  : Running
   Port    : 3000
   Env     : development
   Version : v1
      
[2026-06-15 13:12:13] INFO: ::1 - - [15/Jun/2026:10:12:13 +0000] "GET /api/v1/provider/dashboard/live HTTP/1.1" 401 90 "http://localhost:5173/" "Mozilla/5.0 (Windows NT 10.0; Win64; x64) AppleWebKit/537.36 (KHTML, like Gecko) Code/1.124.2 Chrome/148.0.7778.97 Electron/42.2.0 Safari/537.36"
[2026-06-15 13:12:14] INFO: ::1 - - [15/Jun/2026:10:12:14 +0000] "GET /api/v1/provider/discounts/tiers HTTP/1.1" 304 - "http://localhost:5173/" "Mozilla/5.0 (Windows NT 10.0; Win64; x64) AppleWebKit/537.36 (KHTML, like Gecko) Code/1.124.2 Chrome/148.0.7778.97 Electron/42.2.0 Safari/537.36"
[2026-06-15 13:12:14] INFO: ::1 - - [15/Jun/2026:10:12:14 +0000] "GET /api/v1/provider/profile HTTP/1.1" 304 - "http://localhost:5173/" "Mozilla/5.0 (Windows NT 10.0; Win64; x64) AppleWebKit/537.36 (KHTML, like Gecko) Code/1.124.2 Chrome/148.0.7778.97 Electron/42.2.0 Safari/537.36"
[2026-06-15 13:12:14] INFO: ::1 - - [15/Jun/2026:10:12:14 +0000] "GET /api/v1/provider/services/categories HTTP/1.1" 200 2117 "http://localhost:5173/" "Mozilla/5.0 (Windows NT 10.0; Win64; x64) AppleWebKit/537.36 (KHTML, like Gecko) Code/1.124.2 Chrome/148.0.7778.97 Electron/42.2.0 Safari/537.36"
[2026-06-15 13:12:15] INFO: ::1 - - [15/Jun/2026:10:12:15 +0000] "GET /api/v1/provider/settings HTTP/1.1" 304 - "http://localhost:5173/" "Mozilla/5.0 (Windows NT 10.0; Win64; x64) AppleWebKit/537.36 (KHTML, like Gecko) Code/1.124.2 Chrome/148.0.7778.97 Electron/42.2.0 Safari/537.36"
[2026-06-15 13:12:15] INFO: ::1 - - [15/Jun/2026:10:12:15 +0000] "GET /api/v1/provider/services HTTP/1.1" 200 96 "http://localhost:5173/" "Mozilla/5.0 (Windows NT 10.0; Win64; x64) AppleWebKit/537.36 (KHTML, like Gecko) Code/1.124.2 Chrome/148.0.7778.97 Electron/42.2.0 Safari/537.36"
[2026-06-15 13:12:15] INFO: ::1 - - [15/Jun/2026:10:12:15 +0000] "GET /api/v1/provider/dashboard HTTP/1.1" 304 - "http://localhost:5173/" "Mozilla/5.0 (Windows NT 10.0; Win64; x64) AppleWebKit/537.36 (KHTML, like Gecko) Code/1.124.2 Chrome/148.0.7778.97 Electron/42.2.0 Safari/537.36"
[2026-06-15 13:12:15] INFO: ::1 - - [15/Jun/2026:10:12:15 +0000] "GET /api/v1/provider/reviews HTTP/1.1" 304 - "http://localhost:5173/" "Mozilla/5.0 (Windows NT 10.0; Win64; x64) AppleWebKit/537.36 (KHTML, like Gecko) Code/1.124.2 Chrome/148.0.7778.97 Electron/42.2.0 Safari/537.36"
[2026-06-15 13:12:16] INFO: ::1 - - [15/Jun/2026:10:12:16 +0000] "GET /api/v1/provider/discounts/tiers HTTP/1.1" 304 - "http://localhost:5173/" "Mozilla/5.0 (Windows NT 10.0; Win64; x64) AppleWebKit/537.36 (KHTML, like Gecko) Code/1.124.2 Chrome/148.0.7778.97 Electron/42.2.0 Safari/537.36"
[2026-06-15 13:12:16] INFO: ::1 - - [15/Jun/2026:10:12:16 +0000] "GET /api/v1/provider/discounts/special-entities HTTP/1.1" 304 - "http://localhost:5173/" "Mozilla/5.0 (Windows NT 10.0; Win64; x64) AppleWebKit/537.36 (KHTML, like Gecko) Code/1.124.2 Chrome/148.0.7778.97 Electron/42.2.0 Safari/537.36"
[2026-06-15 13:12:16] INFO: ::1 - - [15/Jun/2026:10:12:16 +0000] "GET /api/v1/provider/settings HTTP/1.1" 304 - "http://localhost:5173/" "Mozilla/5.0 (Windows NT 10.0; Win64; x64) AppleWebKit/537.36 (KHTML, like Gecko) Code/1.124.2 Chrome/148.0.7778.97 Electron/42.2.0 Safari/537.36"
[2026-06-15 13:12:16] INFO: ::1 - - [15/Jun/2026:10:12:16 +0000] "GET /api/v1/provider/profile HTTP/1.1" 304 - "http://localhost:5173/" "Mozilla/5.0 (Windows NT 10.0; Win64; x64) AppleWebKit/537.36 (KHTML, like Gecko) Code/1.124.2 Chrome/148.0.7778.97 Electron/42.2.0 Safari/537.36"
[2026-06-15 13:12:16] INFO: ::1 - - [15/Jun/2026:10:12:16 +0000] "GET /api/v1/provider/orders HTTP/1.1" 304 - "http://localhost:5173/" "Mozilla/5.0 (Windows NT 10.0; Win64; x64) AppleWebKit/537.36 (KHTML, like Gecko) Code/1.124.2 Chrome/148.0.7778.97 Electron/42.2.0 Safari/537.36"
[2026-06-15 13:12:16] INFO: ::1 - - [15/Jun/2026:10:12:16 +0000] "GET /api/v1/provider/services HTTP/1.1" 304 - "http://localhost:5173/" "Mozilla/5.0 (Windows NT 10.0; Win64; x64) AppleWebKit/537.36 (KHTML, like Gecko) Code/1.124.2 Chrome/148.0.7778.97 Electron/42.2.0 Safari/537.36"
[2026-06-15 13:12:17] INFO: ::1 - - [15/Jun/2026:10:12:17 +0000] "GET /api/v1/provider/services/categories HTTP/1.1" 304 - "http://localhost:5173/" "Mozilla/5.0 (Windows NT 10.0; Win64; x64) AppleWebKit/537.36 (KHTML, like Gecko) Code/1.124.2 Chrome/148.0.7778.97 Electron/42.2.0 Safari/537.36"
[2026-06-15 13:12:17] INFO: ::1 - - [15/Jun/2026:10:12:17 +0000] "GET /api/v1/provider/reviews HTTP/1.1" 304 - "http://localhost:5173/" "Mozilla/5.0 (Windows NT 10.0; Win64; x64) AppleWebKit/537.36 (KHTML, like Gecko) Code/1.124.2 Chrome/148.0.7778.97 Electron/42.2.0 Safari/537.36"
[2026-06-15 13:12:17] INFO: ::1 - - [15/Jun/2026:10:12:17 +0000] "GET /api/v1/provider/discounts/special-entities HTTP/1.1" 304 - "http://localhost:5173/" "Mozilla/5.0 (Windows NT 10.0; Win64; x64) AppleWebKit/537.36 (KHTML, like Gecko) Code/1.124.2 Chrome/148.0.7778.97 Electron/42.2.0 Safari/537.36"
[2026-06-15 13:12:17] INFO: ::1 - - [15/Jun/2026:10:12:17 +0000] "GET /api/v1/provider/orders HTTP/1.1" 304 - "http://localhost:5173/" "Mozilla/5.0 (Windows NT 10.0; Win64; x64) AppleWebKit/537.36 (KHTML, like Gecko) Code/1.124.2 Chrome/148.0.7778.97 Electron/42.2.0 Safari/537.36"
[2026-06-15 13:12:18] INFO: ::1 - - [15/Jun/2026:10:12:18 +0000] "GET /api/v1/provider/orders/6a259bb48cbe7ff7f756417d HTTP/1.1" 200 806 "http://localhost:5173/" "Mozilla/5.0 (Windows NT 10.0; Win64; x64) AppleWebKit/537.36 (KHTML, like Gecko) Code/1.124.2 Chrome/148.0.7778.97 Electron/42.2.0 Safari/537.36"
[2026-06-15 13:12:20] INFO: ::1 - - [15/Jun/2026:10:12:20 +0000] "GET /api/v1/provider/dashboard HTTP/1.1" 304 - "http://localhost:5173/" "Mozilla/5.0 (Windows NT 10.0; Win64; x64) AppleWebKit/537.36 (KHTML, like Gecko) Code/1.124.2 Chrome/148.0.7778.97 Electron/42.2.0 Safari/537.36"
[2026-06-15 13:12:21] INFO: ::1 - - [15/Jun/2026:10:12:21 +0000] "POST /api/v1/provider/orders/6a259bb48cbe7ff7f756417d/accept HTTP/1.1" 200 650 "http://localhost:5173/" "Mozilla/5.0 (Windows NT 10.0; Win64; x64) AppleWebKit/537.36 (KHTML, like Gecko) Code/1.124.2 Chrome/148.0.7778.97 Electron/42.2.0 Safari/537.36"
[2026-06-15 13:12:23] INFO: ::1 - - [15/Jun/2026:10:12:23 +0000] "GET /api/v1/provider/dashboard HTTP/1.1" 200 1160 "http://localhost:5173/" "Mozilla/5.0 (Windows NT 10.0; Win64; x64) AppleWebKit/537.36 (KHTML, like Gecko) Code/1.124.2 Chrome/148.0.7778.97 Electron/42.2.0 Safari/537.36"
[2026-06-15 13:12:30] INFO: ::1 - - [15/Jun/2026:10:12:30 +0000] "GET /api/v1/provider/orders/6a2694d950653555e6062a4a HTTP/1.1" 200 590 "http://localhost:5173/" "Mozilla/5.0 (Windows NT 10.0; Win64; x64) AppleWebKit/537.36 (KHTML, like Gecko) Code/1.124.2 Chrome/148.0.7778.97 Electron/42.2.0 Safari/537.36"
[2026-06-15 13:12:33] INFO: ::1 - - [15/Jun/2026:10:12:33 +0000] "GET /api/v1/provider/orders/6a2fc4997f275be6370cb9c7 HTTP/1.1" 200 622 "http://localhost:5173/" "Mozilla/5.0 (Windows NT 10.0; Win64; x64) AppleWebKit/537.36 (KHTML, like Gecko) Code/1.124.2 Chrome/148.0.7778.97 Electron/42.2.0 Safari/537.36"
[2026-06-15 13:12:35] INFO: ::1 - - [15/Jun/2026:10:12:35 +0000] "GET /api/v1/provider/orders/6a27c97ff7a830d27ba20396 HTTP/1.1" 200 787 "http://localhost:5173/" "Mozilla/5.0 (Windows NT 10.0; Win64; x64) AppleWebKit/537.36 (KHTML, like Gecko) Code/1.124.2 Chrome/148.0.7778.97 Electron/42.2.0 Safari/537.36"
[2026-06-15 13:12:39] INFO: ::1 - - [15/Jun/2026:10:12:39 +0000] "GET /api/v1/provider/orders/6a27c670f7a830d27ba20391 HTTP/1.1" 200 815 "http://localhost:5173/" "Mozilla/5.0 (Windows NT 10.0; Win64; x64) AppleWebKit/537.36 (KHTML, like Gecko) Code/1.124.2 Chrome/148.0.7778.97 Electron/42.2.0 Safari/537.36"
[2026-06-15 13:12:54] INFO: ::1 - - [15/Jun/2026:10:12:54 +0000] "POST /api/v1/provider/discounts/tiers HTTP/1.1" 201 326 "http://localhost:5173/" "Mozilla/5.0 (Windows NT 10.0; Win64; x64) AppleWebKit/537.36 (KHTML, like Gecko) Code/1.124.2 Chrome/148.0.7778.97 Electron/42.2.0 Safari/537.36"
[2026-06-15 13:12:55] INFO: ::1 - - [15/Jun/2026:10:12:55 +0000] "GET /api/v1/provider/discounts/tiers HTTP/1.1" 200 286 "http://localhost:5173/" "Mozilla/5.0 (Windows NT 10.0; Win64; x64) AppleWebKit/537.36 (KHTML, like Gecko) Code/1.124.2 Chrome/148.0.7778.97 Electron/42.2.0 Safari/537.36"
[2026-06-15 13:12:58] INFO: ::1 - - [15/Jun/2026:10:12:58 +0000] "GET /api/v1/provider/dashboard/live HTTP/1.1" 401 90 "http://localhost:5173/" "Mozilla/5.0 (Windows NT 10.0; Win64; x64) AppleWebKit/537.36 (KHTML, like Gecko) Code/1.124.2 Chrome/148.0.7778.97 Electron/42.2.0 Safari/537.36"
[2026-06-15 13:12:59] INFO: ::1 - - [15/Jun/2026:10:12:59 +0000] "GET /api/v1/provider/discounts/special-entities HTTP/1.1" 304 - "http://localhost:5173/" "Mozilla/5.0 (Windows NT 10.0; Win64; x64) AppleWebKit/537.36 (KHTML, like Gecko) Code/1.124.2 Chrome/148.0.7778.97 Electron/42.2.0 Safari/537.36"
[2026-06-15 13:12:59] INFO: ::1 - - [15/Jun/2026:10:12:59 +0000] "GET /api/v1/provider/discounts/tiers HTTP/1.1" 304 - "http://localhost:5173/" "Mozilla/5.0 (Windows NT 10.0; Win64; x64) AppleWebKit/537.36 (KHTML, like Gecko) Code/1.124.2 Chrome/148.0.7778.97 Electron/42.2.0 Safari/537.36"
[2026-06-15 13:12:59] INFO: ::1 - - [15/Jun/2026:10:12:59 +0000] "GET /api/v1/provider/services HTTP/1.1" 304 - "http://localhost:5173/" "Mozilla/5.0 (Windows NT 10.0; Win64; x64) AppleWebKit/537.36 (KHTML, like Gecko) Code/1.124.2 Chrome/148.0.7778.97 Electron/42.2.0 Safari/537.36"
[2026-06-15 13:12:59] INFO: ::1 - - [15/Jun/2026:10:12:59 +0000] "GET /api/v1/provider/orders HTTP/1.1" 200 2842 "http://localhost:5173/" "Mozilla/5.0 (Windows NT 10.0; Win64; x64) AppleWebKit/537.36 (KHTML, like Gecko) Code/1.124.2 Chrome/148.0.7778.97 Electron/42.2.0 Safari/537.36"
[2026-06-15 13:13:00] INFO: ::1 - - [15/Jun/2026:10:13:00 +0000] "GET /api/v1/provider/settings HTTP/1.1" 304 - "http://localhost:5173/" "Mozilla/5.0 (Windows NT 10.0; Win64; x64) AppleWebKit/537.36 (KHTML, like Gecko) Code/1.124.2 Chrome/148.0.7778.97 Electron/42.2.0 Safari/537.36"
[2026-06-15 13:13:00] INFO: ::1 - - [15/Jun/2026:10:13:00 +0000] "GET /api/v1/provider/services/categories HTTP/1.1" 304 - "http://localhost:5173/" "Mozilla/5.0 (Windows NT 10.0; Win64; x64) AppleWebKit/537.36 (KHTML, like Gecko) Code/1.124.2 Chrome/148.0.7778.97 Electron/42.2.0 Safari/537.36"
[2026-06-15 13:13:00] INFO: ::1 - - [15/Jun/2026:10:13:00 +0000] "GET /api/v1/provider/reviews HTTP/1.1" 304 - "http://localhost:5173/" "Mozilla/5.0 (Windows NT 10.0; Win64; x64) AppleWebKit/537.36 (KHTML, like Gecko) Code/1.124.2 Chrome/148.0.7778.97 Electron/42.2.0 Safari/537.36"
[2026-06-15 13:13:00] INFO: ::1 - - [15/Jun/2026:10:13:00 +0000] "GET /api/v1/provider/profile HTTP/1.1" 304 - "http://localhost:5173/" "Mozilla/5.0 (Windows NT 10.0; Win64; x64) AppleWebKit/537.36 (KHTML, like Gecko) Code/1.124.2 Chrome/148.0.7778.97 Electron/42.2.0 Safari/537.36"
[2026-06-15 13:13:00] INFO: ::1 - - [15/Jun/2026:10:13:00 +0000] "GET /api/v1/provider/discounts/special-entities HTTP/1.1" 304 - "http://localhost:5173/" "Mozilla/5.0 (Windows NT 10.0; Win64; x64) AppleWebKit/537.36 (KHTML, like Gecko) Code/1.124.2 Chrome/148.0.7778.97 Electron/42.2.0 Safari/537.36"
[2026-06-15 13:13:01] INFO: ::1 - - [15/Jun/2026:10:13:01 +0000] "GET /api/v1/provider/discounts/tiers HTTP/1.1" 304 - "http://localhost:5173/" "Mozilla/5.0 (Windows NT 10.0; Win64; x64) AppleWebKit/537.36 (KHTML, like Gecko) Code/1.124.2 Chrome/148.0.7778.97 Electron/42.2.0 Safari/537.36"
[2026-06-15 13:13:01] INFO: ::1 - - [15/Jun/2026:10:13:01 +0000] "GET /api/v1/provider/services HTTP/1.1" 304 - "http://localhost:5173/" "Mozilla/5.0 (Windows NT 10.0; Win64; x64) AppleWebKit/537.36 (KHTML, like Gecko) Code/1.124.2 Chrome/148.0.7778.97 Electron/42.2.0 Safari/537.36"
[2026-06-15 13:13:01] INFO: ::1 - - [15/Jun/2026:10:13:01 +0000] "GET /api/v1/provider/settings HTTP/1.1" - - "http://localhost:5173/" "Mozilla/5.0 (Windows NT 10.0; Win64; x64) AppleWebKit/537.36 (KHTML, like Gecko) Code/1.124.2 Chrome/148.0.7778.97 Electron/42.2.0 Safari/537.36"
[2026-06-15 13:13:01] INFO: ::1 - - [15/Jun/2026:10:13:01 +0000] "GET /api/v1/provider/reviews HTTP/1.1" - - "http://localhost:5173/" "Mozilla/5.0 (Windows NT 10.0; Win64; x64) AppleWebKit/537.36 (KHTML, like Gecko) Code/1.124.2 Chrome/148.0.7778.97 Electron/42.2.0 Safari/537.36"
[2026-06-15 13:13:01] INFO: ::1 - - [15/Jun/2026:10:13:01 +0000] "GET /api/v1/provider/services/categories HTTP/1.1" - - "http://localhost:5173/" "Mozilla/5.0 (Windows NT 10.0; Win64; x64) AppleWebKit/537.36 (KHTML, like Gecko) Code/1.124.2 Chrome/148.0.7778.97 Electron/42.2.0 Safari/537.36"
[2026-06-15 13:13:01] INFO: ::1 - - [15/Jun/2026:10:13:01 +0000] "GET /api/v1/provider/orders HTTP/1.1" - - "http://localhost:5173/" "Mozilla/5.0 (Windows NT 10.0; Win64; x64) AppleWebKit/537.36 (KHTML, like Gecko) Code/1.124.2 Chrome/148.0.7778.97 Electron/42.2.0 Safari/537.36"
[2026-06-15 13:13:01] INFO: ::1 - - [15/Jun/2026:10:13:01 +0000] "GET /api/v1/provider/dashboard HTTP/1.1" - - "http://localhost:5173/" "Mozilla/5.0 (Windows NT 10.0; Win64; x64) AppleWebKit/537.36 (KHTML, like Gecko) Code/1.124.2 Chrome/148.0.7778.97 Electron/42.2.0 Safari/537.36"
[2026-06-15 13:13:01] INFO: ::1 - - [15/Jun/2026:10:13:01 +0000] "GET /api/v1/provider/profile HTTP/1.1" - - "http://localhost:5173/" "Mozilla/5.0 (Windows NT 10.0; Win64; x64) AppleWebKit/537.36 (KHTML, like Gecko) Code/1.124.2 Chrome/148.0.7778.97 Electron/42.2.0 Safari/537.36"
[2026-06-15 13:13:02] INFO: ::1 - - [15/Jun/2026:10:13:02 +0000] "GET /api/v1/provider/discounts/special-entities HTTP/1.1" 304 - "http://localhost:5173/" "Mozilla/5.0 (Windows NT 10.0; Win64; x64) AppleWebKit/537.36 (KHTML, like Gecko) Code/1.124.2 Chrome/148.0.7778.97 Electron/42.2.0 Safari/537.36"
[2026-06-15 13:13:02] INFO: ::1 - - [15/Jun/2026:10:13:02 +0000] "GET /api/v1/provider/orders HTTP/1.1" 200 2842 "http://localhost:5173/" "Mozilla/5.0 (Windows NT 10.0; Win64; x64) AppleWebKit/537.36 (KHTML, like Gecko) Code/1.124.2 Chrome/148.0.7778.97 Electron/42.2.0 Safari/537.36"
[2026-06-15 13:13:02] INFO: ::1 - - [15/Jun/2026:10:13:02 +0000] "GET /api/v1/provider/profile HTTP/1.1" 200 304 "http://localhost:5173/" "Mozilla/5.0 (Windows NT 10.0; Win64; x64) AppleWebKit/537.36 (KHTML, like Gecko) Code/1.124.2 Chrome/148.0.7778.97 Electron/42.2.0 Safari/537.36"
[2026-06-15 13:13:02] INFO: ::1 - - [15/Jun/2026:10:13:02 +0000] "GET /api/v1/provider/services/categories HTTP/1.1" 200 2117 "http://localhost:5173/" "Mozilla/5.0 (Windows NT 10.0; Win64; x64) AppleWebKit/537.36 (KHTML, like Gecko) Code/1.124.2 Chrome/148.0.7778.97 Electron/42.2.0 Safari/537.36"
[2026-06-15 13:13:02] INFO: ::1 - - [15/Jun/2026:10:13:02 +0000] "GET /api/v1/provider/dashboard/live HTTP/1.1" 401 90 "http://localhost:5173/" "Mozilla/5.0 (Windows NT 10.0; Win64; x64) AppleWebKit/537.36 (KHTML, like Gecko) Code/1.124.2 Chrome/148.0.7778.97 Electron/42.2.0 Safari/537.36"
[2026-06-15 13:13:02] INFO: ::1 - - [15/Jun/2026:10:13:02 +0000] "GET /api/v1/provider/settings HTTP/1.1" 200 342 "http://localhost:5173/" "Mozilla/5.0 (Windows NT 10.0; Win64; x64) AppleWebKit/537.36 (KHTML, like Gecko) Code/1.124.2 Chrome/148.0.7778.97 Electron/42.2.0 Safari/537.36"
[2026-06-15 13:13:03] INFO: ::1 - - [15/Jun/2026:10:13:03 +0000] "GET /api/v1/provider/reviews HTTP/1.1" 200 105 "http://localhost:5173/" "Mozilla/5.0 (Windows NT 10.0; Win64; x64) AppleWebKit/537.36 (KHTML, like Gecko) Code/1.124.2 Chrome/148.0.7778.97 Electron/42.2.0 Safari/537.36"
[2026-06-15 13:13:03] INFO: ::1 - - [15/Jun/2026:10:13:03 +0000] "GET /api/v1/provider/services HTTP/1.1" 304 - "http://localhost:5173/" "Mozilla/5.0 (Windows NT 10.0; Win64; x64) AppleWebKit/537.36 (KHTML, like Gecko) Code/1.124.2 Chrome/148.0.7778.97 Electron/42.2.0 Safari/537.36"
[2026-06-15 13:13:03] INFO: ::1 - - [15/Jun/2026:10:13:03 +0000] "GET /api/v1/provider/dashboard HTTP/1.1" 200 1160 "http://localhost:5173/" "Mozilla/5.0 (Windows NT 10.0; Win64; x64) AppleWebKit/537.36 (KHTML, like Gecko) Code/1.124.2 Chrome/148.0.7778.97 Electron/42.2.0 Safari/537.36"
[2026-06-15 13:13:03] INFO: ::1 - - [15/Jun/2026:10:13:03 +0000] "GET /api/v1/provider/discounts/special-entities HTTP/1.1" 304 - "http://localhost:5173/" "Mozilla/5.0 (Windows NT 10.0; Win64; x64) AppleWebKit/537.36 (KHTML, like Gecko) Code/1.124.2 Chrome/148.0.7778.97 Electron/42.2.0 Safari/537.36"
[2026-06-15 13:13:04] INFO: ::1 - - [15/Jun/2026:10:13:04 +0000] "GET /api/v1/provider/orders HTTP/1.1" 304 - "http://localhost:5173/" "Mozilla/5.0 (Windows NT 10.0; Win64; x64) AppleWebKit/537.36 (KHTML, like Gecko) Code/1.124.2 Chrome/148.0.7778.97 Electron/42.2.0 Safari/537.36"
[2026-06-15 13:13:04] INFO: ::1 - - [15/Jun/2026:10:13:04 +0000] "GET /api/v1/provider/discounts/tiers HTTP/1.1" 304 - "http://localhost:5173/" "Mozilla/5.0 (Windows NT 10.0; Win64; x64) AppleWebKit/537.36 (KHTML, like Gecko) Code/1.124.2 Chrome/148.0.7778.97 Electron/42.2.0 Safari/537.36"
[2026-06-15 13:13:04] INFO: ::1 - - [15/Jun/2026:10:13:04 +0000] "GET /api/v1/provider/settings HTTP/1.1" 304 - "http://localhost:5173/" "Mozilla/5.0 (Windows NT 10.0; Win64; x64) AppleWebKit/537.36 (KHTML, like Gecko) Code/1.124.2 Chrome/148.0.7778.97 Electron/42.2.0 Safari/537.36"
[2026-06-15 13:13:04] INFO: ::1 - - [15/Jun/2026:10:13:04 +0000] "GET /api/v1/provider/profile HTTP/1.1" 304 - "http://localhost:5173/" "Mozilla/5.0 (Windows NT 10.0; Win64; x64) AppleWebKit/537.36 (KHTML, like Gecko) Code/1.124.2 Chrome/148.0.7778.97 Electron/42.2.0 Safari/537.36"
[2026-06-15 13:13:04] INFO: ::1 - - [15/Jun/2026:10:13:04 +0000] "GET /api/v1/provider/reviews HTTP/1.1" 304 - "http://localhost:5173/" "Mozilla/5.0 (Windows NT 10.0; Win64; x64) AppleWebKit/537.36 (KHTML, like Gecko) Code/1.124.2 Chrome/148.0.7778.97 Electron/42.2.0 Safari/537.36"
[2026-06-15 13:13:04] INFO: ::1 - - [15/Jun/2026:10:13:04 +0000] "GET /api/v1/provider/services/categories HTTP/1.1" 304 - "http://localhost:5173/" "Mozilla/5.0 (Windows NT 10.0; Win64; x64) AppleWebKit/537.36 (KHTML, like Gecko) Code/1.124.2 Chrome/148.0.7778.97 Electron/42.2.0 Safari/537.36"
[2026-06-15 13:13:04] INFO: ::1 - - [15/Jun/2026:10:13:04 +0000] "GET /api/v1/provider/services HTTP/1.1" 304 - "http://localhost:5173/" "Mozilla/5.0 (Windows NT 10.0; Win64; x64) AppleWebKit/537.36 (KHTML, like Gecko) Code/1.124.2 Chrome/148.0.7778.97 Electron/42.2.0 Safari/537.36"
[2026-06-15 13:13:05] INFO: ::1 - - [15/Jun/2026:10:13:05 +0000] "GET /api/v1/provider/discounts/tiers HTTP/1.1" 304 - "http://localhost:5173/" "Mozilla/5.0 (Windows NT 10.0; Win64; x64) AppleWebKit/537.36 (KHTML, like Gecko) Code/1.124.2 Chrome/148.0.7778.97 Electron/42.2.0 Safari/537.36"
[2026-06-15 13:13:06] INFO: ::1 - - [15/Jun/2026:10:13:06 +0000] "GET /api/v1/provider/dashboard HTTP/1.1" 304 - "http://localhost:5173/" "Mozilla/5.0 (Windows NT 10.0; Win64; x64) AppleWebKit/537.36 (KHTML, like Gecko) Code/1.124.2 Chrome/148.0.7778.97 Electron/42.2.0 Safari/537.36"
[2026-06-15 13:13:11] INFO: ::1 - - [15/Jun/2026:10:13:11 +0000] "POST /api/v1/provider/orders/6a27c670f7a830d27ba20391/accept HTTP/1.1" 200 659 "http://localhost:5173/" "Mozilla/5.0 (Windows NT 10.0; Win64; x64) AppleWebKit/537.36 (KHTML, like Gecko) Code/1.124.2 Chrome/148.0.7778.97 Electron/42.2.0 Safari/537.36"
[2026-06-15 13:13:13] INFO: ::1 - - [15/Jun/2026:10:13:13 +0000] "GET /api/v1/provider/dashboard HTTP/1.1" 200 992 "http://localhost:5173/" "Mozilla/5.0 (Windows NT 10.0; Win64; x64) AppleWebKit/537.36 (KHTML, like Gecko) Code/1.124.2 Chrome/148.0.7778.97 Electron/42.2.0 Safari/537.36"
[2026-06-15 13:13:19] INFO: ::1 - - [15/Jun/2026:10:13:19 +0000] "GET /api/v1/provider/orders/6a259bb48cbe7ff7f756417d HTTP/1.1" 200 807 "http://localhost:5173/" "Mozilla/5.0 (Windows NT 10.0; Win64; x64) AppleWebKit/537.36 (KHTML, like Gecko) Code/1.124.2 Chrome/148.0.7778.97 Electron/42.2.0 Safari/537.36"
[2026-06-15 13:13:21] INFO: ::1 - - [15/Jun/2026:10:13:21 +0000] "GET /api/v1/provider/orders/6a259bb48cbe7ff7f756417d HTTP/1.1" 304 - "http://localhost:5173/" "Mozilla/5.0 (Windows NT 10.0; Win64; x64) AppleWebKit/537.36 (KHTML, like Gecko) Code/1.124.2 Chrome/148.0.7778.97 Electron/42.2.0 Safari/537.36"
[2026-06-15 13:13:26] INFO: ::1 - - [15/Jun/2026:10:13:26 +0000] "GET /api/v1/provider/orders/6a259bb48cbe7ff7f756417d HTTP/1.1" 304 - "http://localhost:5173/" "Mozilla/5.0 (Windows NT 10.0; Win64; x64) AppleWebKit/537.36 (KHTML, like Gecko) Code/1.124.2 Chrome/148.0.7778.97 Electron/42.2.0 Safari/537.36"
[2026-06-15 13:13:28] INFO: ::1 - - [15/Jun/2026:10:13:28 +0000] "GET /api/v1/provider/orders/6a259bb48cbe7ff7f756417d HTTP/1.1" 304 - "http://localhost:5173/" "Mozilla/5.0 (Windows NT 10.0; Win64; x64) AppleWebKit/537.36 (KHTML, like Gecko) Code/1.124.2 Chrome/148.0.7778.97 Electron/42.2.0 Safari/537.36"
[2026-06-15 13:13:32] INFO: ::1 - - [15/Jun/2026:10:13:32 +0000] "PATCH /api/v1/provider/orders/6a27c670f7a830d27ba20391/status HTTP/1.1" 200 608 "http://localhost:5173/" "Mozilla/5.0 (Windows NT 10.0; Win64; x64) AppleWebKit/537.36 (KHTML, like Gecko) Code/1.124.2 Chrome/148.0.7778.97 Electron/42.2.0 Safari/537.36"
[2026-06-15 13:13:35] INFO: ::1 - - [15/Jun/2026:10:13:35 +0000] "PATCH /api/v1/provider/orders/6a27c670f7a830d27ba20391/status HTTP/1.1" 200 619 "http://localhost:5173/" "Mozilla/5.0 (Windows NT 10.0; Win64; x64) AppleWebKit/537.36 (KHTML, like Gecko) Code/1.124.2 Chrome/148.0.7778.97 Electron/42.2.0 Safari/537.36"
[2026-06-15 13:13:38] INFO: ::1 - - [15/Jun/2026:10:13:38 +0000] "PATCH /api/v1/provider/orders/6a27c670f7a830d27ba20391/status HTTP/1.1" 200 612 "http://localhost:5173/" "Mozilla/5.0 (Windows NT 10.0; Win64; x64) AppleWebKit/537.36 (KHTML, like Gecko) Code/1.124.2 Chrome/148.0.7778.97 Electron/42.2.0 Safari/537.36"
[2026-06-15 13:13:46] INFO: ::1 - - [15/Jun/2026:10:13:46 +0000] "GET /api/v1/provider/dashboard/live HTTP/1.1" 401 90 "http://localhost:5173/" "Mozilla/5.0 (Windows NT 10.0; Win64; x64) AppleWebKit/537.36 (KHTML, like Gecko) Code/1.124.2 Chrome/148.0.7778.97 Electron/42.2.0 Safari/537.36"
[2026-06-15 13:13:47] INFO: ::1 - - [15/Jun/2026:10:13:47 +0000] "GET /api/v1/provider/discounts/special-entities HTTP/1.1" 304 - "http://localhost:5173/" "Mozilla/5.0 (Windows NT 10.0; Win64; x64) AppleWebKit/537.36 (KHTML, like Gecko) Code/1.124.2 Chrome/148.0.7778.97 Electron/42.2.0 Safari/537.36"
[2026-06-15 13:13:47] INFO: ::1 - - [15/Jun/2026:10:13:47 +0000] "GET /api/v1/provider/discounts/tiers HTTP/1.1" 304 - "http://localhost:5173/" "Mozilla/5.0 (Windows NT 10.0; Win64; x64) AppleWebKit/537.36 (KHTML, like Gecko) Code/1.124.2 Chrome/148.0.7778.97 Electron/42.2.0 Safari/537.36"
[2026-06-15 13:13:47] INFO: ::1 - - [15/Jun/2026:10:13:47 +0000] "GET /api/v1/provider/services HTTP/1.1" 304 - "http://localhost:5173/" "Mozilla/5.0 (Windows NT 10.0; Win64; x64) AppleWebKit/537.36 (KHTML, like Gecko) Code/1.124.2 Chrome/148.0.7778.97 Electron/42.2.0 Safari/537.36"
[2026-06-15 13:13:47] INFO: ::1 - - [15/Jun/2026:10:13:47 +0000] "GET /api/v1/provider/orders HTTP/1.1" 200 2844 "http://localhost:5173/" "Mozilla/5.0 (Windows NT 10.0; Win64; x64) AppleWebKit/537.36 (KHTML, like Gecko) Code/1.124.2 Chrome/148.0.7778.97 Electron/42.2.0 Safari/537.36"
[2026-06-15 13:13:47] INFO: ::1 - - [15/Jun/2026:10:13:47 +0000] "GET /api/v1/provider/services/categories HTTP/1.1" 304 - "http://localhost:5173/" "Mozilla/5.0 (Windows NT 10.0; Win64; x64) AppleWebKit/537.36 (KHTML, like Gecko) Code/1.124.2 Chrome/148.0.7778.97 Electron/42.2.0 Safari/537.36"
[2026-06-15 13:13:47] INFO: ::1 - - [15/Jun/2026:10:13:47 +0000] "GET /api/v1/provider/settings HTTP/1.1" 304 - "http://localhost:5173/" "Mozilla/5.0 (Windows NT 10.0; Win64; x64) AppleWebKit/537.36 (KHTML, like Gecko) Code/1.124.2 Chrome/148.0.7778.97 Electron/42.2.0 Safari/537.36"
[2026-06-15 13:13:48] INFO: ::1 - - [15/Jun/2026:10:13:48 +0000] "GET /api/v1/provider/reviews HTTP/1.1" 304 - "http://localhost:5173/" "Mozilla/5.0 (Windows NT 10.0; Win64; x64) AppleWebKit/537.36 (KHTML, like Gecko) Code/1.124.2 Chrome/148.0.7778.97 Electron/42.2.0 Safari/537.36"
[2026-06-15 13:13:48] INFO: ::1 - - [15/Jun/2026:10:13:48 +0000] "GET /api/v1/provider/profile HTTP/1.1" 304 - "http://localhost:5173/" "Mozilla/5.0 (Windows NT 10.0; Win64; x64) AppleWebKit/537.36 (KHTML, like Gecko) Code/1.124.2 Chrome/148.0.7778.97 Electron/42.2.0 Safari/537.36"
[2026-06-15 13:13:48] INFO: ::1 - - [15/Jun/2026:10:13:48 +0000] "GET /api/v1/provider/discounts/special-entities HTTP/1.1" 304 - "http://localhost:5173/" "Mozilla/5.0 (Windows NT 10.0; Win64; x64) AppleWebKit/537.36 (KHTML, like Gecko) Code/1.124.2 Chrome/148.0.7778.97 Electron/42.2.0 Safari/537.36"
[2026-06-15 13:13:48] INFO: ::1 - - [15/Jun/2026:10:13:48 +0000] "GET /api/v1/provider/dashboard HTTP/1.1" 200 994 "http://localhost:5173/" "Mozilla/5.0 (Windows NT 10.0; Win64; x64) AppleWebKit/537.36 (KHTML, like Gecko) Code/1.124.2 Chrome/148.0.7778.97 Electron/42.2.0 Safari/537.36"
[2026-06-15 13:13:48] INFO: ::1 - - [15/Jun/2026:10:13:48 +0000] "GET /api/v1/provider/discounts/tiers HTTP/1.1" 304 - "http://localhost:5173/" "Mozilla/5.0 (Windows NT 10.0; Win64; x64) AppleWebKit/537.36 (KHTML, like Gecko) Code/1.124.2 Chrome/148.0.7778.97 Electron/42.2.0 Safari/537.36"
[2026-06-15 13:13:48] INFO: ::1 - - [15/Jun/2026:10:13:48 +0000] "GET /api/v1/provider/services HTTP/1.1" 304 - "http://localhost:5173/" "Mozilla/5.0 (Windows NT 10.0; Win64; x64) AppleWebKit/537.36 (KHTML, like Gecko) Code/1.124.2 Chrome/148.0.7778.97 Electron/42.2.0 Safari/537.36"
[2026-06-15 13:13:48] INFO: ::1 - - [15/Jun/2026:10:13:48 +0000] "GET /api/v1/provider/settings HTTP/1.1" 304 - "http://localhost:5173/" "Mozilla/5.0 (Windows NT 10.0; Win64; x64) AppleWebKit/537.36 (KHTML, like Gecko) Code/1.124.2 Chrome/148.0.7778.97 Electron/42.2.0 Safari/537.36"
[2026-06-15 13:13:49] INFO: ::1 - - [15/Jun/2026:10:13:49 +0000] "GET /api/v1/provider/orders HTTP/1.1" 304 - "http://localhost:5173/" "Mozilla/5.0 (Windows NT 10.0; Win64; x64) AppleWebKit/537.36 (KHTML, like Gecko) Code/1.124.2 Chrome/148.0.7778.97 Electron/42.2.0 Safari/537.36"
[2026-06-15 13:13:49] INFO: ::1 - - [15/Jun/2026:10:13:49 +0000] "GET /api/v1/provider/reviews HTTP/1.1" 304 - "http://localhost:5173/" "Mozilla/5.0 (Windows NT 10.0; Win64; x64) AppleWebKit/537.36 (KHTML, like Gecko) Code/1.124.2 Chrome/148.0.7778.97 Electron/42.2.0 Safari/537.36"
[2026-06-15 13:13:49] INFO: ::1 - - [15/Jun/2026:10:13:49 +0000] "GET /api/v1/provider/services/categories HTTP/1.1" 304 - "http://localhost:5173/" "Mozilla/5.0 (Windows NT 10.0; Win64; x64) AppleWebKit/537.36 (KHTML, like Gecko) Code/1.124.2 Chrome/148.0.7778.97 Electron/42.2.0 Safari/537.36"
[2026-06-15 13:13:49] INFO: ::1 - - [15/Jun/2026:10:13:49 +0000] "GET /api/v1/provider/profile HTTP/1.1" 304 - "http://localhost:5173/" "Mozilla/5.0 (Windows NT 10.0; Win64; x64) AppleWebKit/537.36 (KHTML, like Gecko) Code/1.124.2 Chrome/148.0.7778.97 Electron/42.2.0 Safari/537.36"
[2026-06-15 13:13:50] INFO: ::1 - - [15/Jun/2026:10:13:50 +0000] "GET /api/v1/provider/dashboard HTTP/1.1" 304 - "http://localhost:5173/" "Mozilla/5.0 (Windows NT 10.0; Win64; x64) AppleWebKit/537.36 (KHTML, like Gecko) Code/1.124.2 Chrome/148.0.7778.97 Electron/42.2.0 Safari/537.36"
[2026-06-15 13:14:05] INFO: ::1 - - [15/Jun/2026:10:14:05 +0000] "GET /api/v1/provider/orders/6a259bb48cbe7ff7f756417d HTTP/1.1" 304 - "http://localhost:5173/" "Mozilla/5.0 (Windows NT 10.0; Win64; x64) AppleWebKit/537.36 (KHTML, like Gecko) Code/1.124.2 Chrome/148.0.7778.97 Electron/42.2.0 Safari/537.36"
[2026-06-15 13:14:07] INFO: ::1 - - [15/Jun/2026:10:14:07 +0000] "GET /api/v1/provider/orders/6a259bb48cbe7ff7f756417d HTTP/1.1" 304 - "http://localhost:5173/" "Mozilla/5.0 (Windows NT 10.0; Win64; x64) AppleWebKit/537.36 (KHTML, like Gecko) Code/1.124.2 Chrome/148.0.7778.97 Electron/42.2.0 Safari/537.36"
[2026-06-15 13:14:11] INFO: ::1 - - [15/Jun/2026:10:14:11 +0000] "GET /api/v1/provider/orders/6a259bb48cbe7ff7f756417d HTTP/1.1" 304 - "http://localhost:5173/" "Mozilla/5.0 (Windows NT 10.0; Win64; x64) AppleWebKit/537.36 (KHTML, like Gecko) Code/1.124.2 Chrome/148.0.7778.97 Electron/42.2.0 Safari/537.36"
[2026-06-15 13:14:13] INFO: ::1 - - [15/Jun/2026:10:14:13 +0000] "GET /api/v1/provider/orders/6a259bb48cbe7ff7f756417d HTTP/1.1" 304 - "http://localhost:5173/" "Mozilla/5.0 (Windows NT 10.0; Win64; x64) AppleWebKit/537.36 (KHTML, like Gecko) Code/1.124.2 Chrome/148.0.7778.97 Electron/42.2.0 Safari/537.36"
[2026-06-15 13:14:14] INFO: ::1 - - [15/Jun/2026:10:14:14 +0000] "GET /api/v1/provider/orders/6a259bb48cbe7ff7f756417d HTTP/1.1" 304 - "http://localhost:5173/" "Mozilla/5.0 (Windows NT 10.0; Win64; x64) AppleWebKit/537.36 (KHTML, like Gecko) Code/1.124.2 Chrome/148.0.7778.97 Electron/42.2.0 Safari/537.36"
[2026-06-15 13:14:16] INFO: ::1 - - [15/Jun/2026:10:14:16 +0000] "GET /api/v1/provider/orders/6a259bb48cbe7ff7f756417d HTTP/1.1" 304 - "http://localhost:5173/" "Mozilla/5.0 (Windows NT 10.0; Win64; x64) AppleWebKit/537.36 (KHTML, like Gecko) Code/1.124.2 Chrome/148.0.7778.97 Electron/42.2.0 Safari/537.36"
[2026-06-15 13:15:29] INFO: ::1 - - [15/Jun/2026:10:15:29 +0000] "GET /api/v1/provider/dashboard/live HTTP/1.1" 429 108 "http://localhost:5173/" "Mozilla/5.0 (Windows NT 10.0; Win64; x64) AppleWebKit/537.36 (KHTML, like Gecko) Code/1.124.2 Chrome/148.0.7778.97 Electron/42.2.0 Safari/537.36"
[2026-06-15 13:15:29] INFO: ::1 - - [15/Jun/2026:10:15:29 +0000] "GET /api/v1/provider/services/categories HTTP/1.1" 429 108 "http://localhost:5173/" "Mozilla/5.0 (Windows NT 10.0; Win64; x64) AppleWebKit/537.36 (KHTML, like Gecko) Code/1.124.2 Chrome/148.0.7778.97 Electron/42.2.0 Safari/537.36"
[2026-06-15 13:15:29] INFO: ::1 - - [15/Jun/2026:10:15:29 +0000] "GET /api/v1/provider/dashboard HTTP/1.1" 429 108 "http://localhost:5173/" "Mozilla/5.0 (Windows NT 10.0; Win64; x64) AppleWebKit/537.36 (KHTML, like Gecko) Code/1.124.2 Chrome/148.0.7778.97 Electron/42.2.0 Safari/537.36"
[2026-06-15 13:15:29] INFO: ::1 - - [15/Jun/2026:10:15:29 +0000] "GET /api/v1/provider/discounts/tiers HTTP/1.1" 429 108 "http://localhost:5173/" "Mozilla/5.0 (Windows NT 10.0; Win64; x64) AppleWebKit/537.36 (KHTML, like Gecko) Code/1.124.2 Chrome/148.0.7778.97 Electron/42.2.0 Safari/537.36"
[2026-06-15 13:15:29] INFO: ::1 - - [15/Jun/2026:10:15:29 +0000] "GET /api/v1/provider/discounts/special-entities HTTP/1.1" 429 108 "http://localhost:5173/" "Mozilla/5.0 (Windows NT 10.0; Win64; x64) AppleWebKit/537.36 (KHTML, like Gecko) Code/1.124.2 Chrome/148.0.7778.97 Electron/42.2.0 Safari/537.36"
[2026-06-15 13:15:29] INFO: ::1 - - [15/Jun/2026:10:15:29 +0000] "GET /api/v1/provider/services HTTP/1.1" 429 108 "http://localhost:5173/" "Mozilla/5.0 (Windows NT 10.0; Win64; x64) AppleWebKit/537.36 (KHTML, like Gecko) Code/1.124.2 Chrome/148.0.7778.97 Electron/42.2.0 Safari/537.36"
[2026-06-15 13:15:29] INFO: ::1 - - [15/Jun/2026:10:15:29 +0000] "GET /api/v1/provider/reviews HTTP/1.1" 429 108 "http://localhost:5173/" "Mozilla/5.0 (Windows NT 10.0; Win64; x64) AppleWebKit/537.36 (KHTML, like Gecko) Code/1.124.2 Chrome/148.0.7778.97 Electron/42.2.0 Safari/537.36"
[2026-06-15 13:15:29] INFO: ::1 - - [15/Jun/2026:10:15:29 +0000] "GET /api/v1/provider/profile HTTP/1.1" 429 108 "http://localhost:5173/" "Mozilla/5.0 (Windows NT 10.0; Win64; x64) AppleWebKit/537.36 (KHTML, like Gecko) Code/1.124.2 Chrome/148.0.7778.97 Electron/42.2.0 Safari/537.36"
[2026-06-15 13:15:29] INFO: ::1 - - [15/Jun/2026:10:15:29 +0000] "GET /api/v1/provider/settings HTTP/1.1" 429 108 "http://localhost:5173/" "Mozilla/5.0 (Windows NT 10.0; Win64; x64) AppleWebKit/537.36 (KHTML, like Gecko) Code/1.124.2 Chrome/148.0.7778.97 Electron/42.2.0 Safari/537.36"
[2026-06-15 13:15:29] INFO: ::1 - - [15/Jun/2026:10:15:29 +0000] "GET /api/v1/provider/services/categories HTTP/1.1" 429 108 "http://localhost:5173/" "Mozilla/5.0 (Windows NT 10.0; Win64; x64) AppleWebKit/537.36 (KHTML, like Gecko) Code/1.124.2 Chrome/148.0.7778.97 Electron/42.2.0 Safari/537.36"
[2026-06-15 13:15:29] INFO: ::1 - - [15/Jun/2026:10:15:29 +0000] "GET /api/v1/provider/dashboard HTTP/1.1" 429 108 "http://localhost:5173/" "Mozilla/5.0 (Windows NT 10.0; Win64; x64) AppleWebKit/537.36 (KHTML, like Gecko) Code/1.124.2 Chrome/148.0.7778.97 Electron/42.2.0 Safari/537.36"
[2026-06-15 13:15:29] INFO: ::1 - - [15/Jun/2026:10:15:29 +0000] "GET /api/v1/provider/discounts/tiers HTTP/1.1" 429 108 "http://localhost:5173/" "Mozilla/5.0 (Windows NT 10.0; Win64; x64) AppleWebKit/537.36 (KHTML, like Gecko) Code/1.124.2 Chrome/148.0.7778.97 Electron/42.2.0 Safari/537.36"
[2026-06-15 13:15:29] INFO: ::1 - - [15/Jun/2026:10:15:29 +0000] "GET /api/v1/provider/discounts/special-entities HTTP/1.1" 429 108 "http://localhost:5173/" "Mozilla/5.0 (Windows NT 10.0; Win64; x64) AppleWebKit/537.36 (KHTML, like Gecko) Code/1.124.2 Chrome/148.0.7778.97 Electron/42.2.0 Safari/537.36"
[2026-06-15 13:15:29] INFO: ::1 - - [15/Jun/2026:10:15:29 +0000] "GET /api/v1/provider/services HTTP/1.1" 429 108 "http://localhost:5173/" "Mozilla/5.0 (Windows NT 10.0; Win64; x64) AppleWebKit/537.36 (KHTML, like Gecko) Code/1.124.2 Chrome/148.0.7778.97 Electron/42.2.0 Safari/537.36"
[2026-06-15 13:15:29] INFO: ::1 - - [15/Jun/2026:10:15:29 +0000] "GET /api/v1/provider/reviews HTTP/1.1" 429 108 "http://localhost:5173/" "Mozilla/5.0 (Windows NT 10.0; Win64; x64) AppleWebKit/537.36 (KHTML, like Gecko) Code/1.124.2 Chrome/148.0.7778.97 Electron/42.2.0 Safari/537.36"
[2026-06-15 13:15:29] INFO: ::1 - - [15/Jun/2026:10:15:29 +0000] "GET /api/v1/provider/profile HTTP/1.1" 429 108 "http://localhost:5173/" "Mozilla/5.0 (Windows NT 10.0; Win64; x64) AppleWebKit/537.36 (KHTML, like Gecko) Code/1.124.2 Chrome/148.0.7778.97 Electron/42.2.0 Safari/537.36"
[2026-06-15 13:15:29] INFO: ::1 - - [15/Jun/2026:10:15:29 +0000] "GET /api/v1/provider/settings HTTP/1.1" 429 108 "http://localhost:5173/" "Mozilla/5.0 (Windows NT 10.0; Win64; x64) AppleWebKit/537.36 (KHTML, like Gecko) Code/1.124.2 Chrome/148.0.7778.97 Electron/42.2.0 Safari/537.36"
[2026-06-15 13:15:42] INFO: ::1 - - [15/Jun/2026:10:15:42 +0000] "GET /api/v1/provider/orders HTTP/1.1" 304 - "http://localhost:5173/" "Mozilla/5.0 (Windows NT 10.0; Win64; x64) AppleWebKit/537.36 (KHTML, like Gecko) Code/1.124.2 Chrome/148.0.7778.97 Electron/42.2.0 Safari/537.36"
[2026-06-15 13:15:42] INFO: ::1 - - [15/Jun/2026:10:15:42 +0000] "GET /api/v1/provider/orders HTTP/1.1" 429 108 "http://localhost:5173/" "Mozilla/5.0 (Windows NT 10.0; Win64; x64) AppleWebKit/537.36 (KHTML, like Gecko) Code/1.124.2 Chrome/148.0.7778.97 Electron/42.2.0 Safari/537.36"
[2026-06-15 13:15:42] INFO: ::1 - - [15/Jun/2026:10:15:42 +0000] "GET /api/v1/provider/orders/6a259bb48cbe7ff7f756417d HTTP/1.1" 429 108 "http://localhost:5173/" "Mozilla/5.0 (Windows NT 10.0; Win64; x64) AppleWebKit/537.36 (KHTML, like Gecko) Code/1.124.2 Chrome/148.0.7778.97 Electron/42.2.0 Safari/537.36"
[2026-06-15 13:55:46] INFO: ::1 - - [15/Jun/2026:10:55:46 +0000] "GET /api/v1/provider/services HTTP/1.1" 200 96 "http://localhost:5173/" "Mozilla/5.0 (Windows NT 10.0; Win64; x64) AppleWebKit/537.36 (KHTML, like Gecko) Chrome/149.0.0.0 Safari/537.36 Edg/149.0.0.0"
[2026-06-15 13:55:46] INFO: ::1 - - [15/Jun/2026:10:55:46 +0000] "GET /api/v1/provider/dashboard/live HTTP/1.1" 401 90 "http://localhost:5173/" "Mozilla/5.0 (Windows NT 10.0; Win64; x64) AppleWebKit/537.36 (KHTML, like Gecko) Chrome/149.0.0.0 Safari/537.36 Edg/149.0.0.0"
[2026-06-15 13:55:46] INFO: ::1 - - [15/Jun/2026:10:55:46 +0000] "GET /api/v1/provider/orders HTTP/1.1" 200 2844 "http://localhost:5173/" "Mozilla/5.0 (Windows NT 10.0; Win64; x64) AppleWebKit/537.36 (KHTML, like Gecko) Chrome/149.0.0.0 Safari/537.36 Edg/149.0.0.0"
[2026-06-15 13:55:47] INFO: ::1 - - [15/Jun/2026:10:55:47 +0000] "GET /api/v1/provider/discounts/special-entities HTTP/1.1" 304 - "http://localhost:5173/" "Mozilla/5.0 (Windows NT 10.0; Win64; x64) AppleWebKit/537.36 (KHTML, like Gecko) Chrome/149.0.0.0 Safari/537.36 Edg/149.0.0.0"
[2026-06-15 13:55:47] INFO: ::1 - - [15/Jun/2026:10:55:47 +0000] "GET /api/v1/provider/discounts/tiers HTTP/1.1" 200 286 "http://localhost:5173/" "Mozilla/5.0 (Windows NT 10.0; Win64; x64) AppleWebKit/537.36 (KHTML, like Gecko) Chrome/149.0.0.0 Safari/537.36 Edg/149.0.0.0"
[2026-06-15 13:55:47] INFO: ::1 - - [15/Jun/2026:10:55:47 +0000] "GET /api/v1/provider/profile HTTP/1.1" 304 - "http://localhost:5173/" "Mozilla/5.0 (Windows NT 10.0; Win64; x64) AppleWebKit/537.36 (KHTML, like Gecko) Chrome/149.0.0.0 Safari/537.36 Edg/149.0.0.0"
[2026-06-15 13:55:48] INFO: ::1 - - [15/Jun/2026:10:55:48 +0000] "GET /api/v1/provider/dashboard HTTP/1.1" 200 994 "http://localhost:5173/" "Mozilla/5.0 (Windows NT 10.0; Win64; x64) AppleWebKit/537.36 (KHTML, like Gecko) Chrome/149.0.0.0 Safari/537.36 Edg/149.0.0.0"
[2026-06-15 13:55:48] INFO: ::1 - - [15/Jun/2026:10:55:48 +0000] "GET /api/v1/provider/settings HTTP/1.1" 304 - "http://localhost:5173/" "Mozilla/5.0 (Windows NT 10.0; Win64; x64) AppleWebKit/537.36 (KHTML, like Gecko) Chrome/149.0.0.0 Safari/537.36 Edg/149.0.0.0"
[2026-06-15 13:55:48] INFO: ::1 - - [15/Jun/2026:10:55:48 +0000] "GET /api/v1/provider/reviews HTTP/1.1" 304 - "http://localhost:5173/" "Mozilla/5.0 (Windows NT 10.0; Win64; x64) AppleWebKit/537.36 (KHTML, like Gecko) Chrome/149.0.0.0 Safari/537.36 Edg/149.0.0.0"
[2026-06-15 13:55:49] INFO: ::1 - - [15/Jun/2026:10:55:49 +0000] "GET /api/v1/provider/discounts/special-entities HTTP/1.1" 304 - "http://localhost:5173/" "Mozilla/5.0 (Windows NT 10.0; Win64; x64) AppleWebKit/537.36 (KHTML, like Gecko) Chrome/149.0.0.0 Safari/537.36 Edg/149.0.0.0"
[2026-06-15 13:55:49] INFO: ::1 - - [15/Jun/2026:10:55:49 +0000] "GET /api/v1/provider/orders HTTP/1.1" 304 - "http://localhost:5173/" "Mozilla/5.0 (Windows NT 10.0; Win64; x64) AppleWebKit/537.36 (KHTML, like Gecko) Chrome/149.0.0.0 Safari/537.36 Edg/149.0.0.0"
[2026-06-15 13:55:49] INFO: ::1 - - [15/Jun/2026:10:55:49 +0000] "GET /api/v1/provider/discounts/tiers HTTP/1.1" 304 - "http://localhost:5173/" "Mozilla/5.0 (Windows NT 10.0; Win64; x64) AppleWebKit/537.36 (KHTML, like Gecko) Chrome/149.0.0.0 Safari/537.36 Edg/149.0.0.0"
[2026-06-15 13:55:49] INFO: ::1 - - [15/Jun/2026:10:55:49 +0000] "GET /api/v1/provider/settings HTTP/1.1" 304 - "http://localhost:5173/" "Mozilla/5.0 (Windows NT 10.0; Win64; x64) AppleWebKit/537.36 (KHTML, like Gecko) Chrome/149.0.0.0 Safari/537.36 Edg/149.0.0.0"
[2026-06-15 13:55:49] INFO: ::1 - - [15/Jun/2026:10:55:49 +0000] "GET /api/v1/provider/profile HTTP/1.1" 304 - "http://localhost:5173/" "Mozilla/5.0 (Windows NT 10.0; Win64; x64) AppleWebKit/537.36 (KHTML, like Gecko) Chrome/149.0.0.0 Safari/537.36 Edg/149.0.0.0"
[2026-06-15 13:55:50] INFO: ::1 - - [15/Jun/2026:10:55:50 +0000] "GET /api/v1/provider/reviews HTTP/1.1" 304 - "http://localhost:5173/" "Mozilla/5.0 (Windows NT 10.0; Win64; x64) AppleWebKit/537.36 (KHTML, like Gecko) Chrome/149.0.0.0 Safari/537.36 Edg/149.0.0.0"
[2026-06-15 13:55:50] INFO: ::1 - - [15/Jun/2026:10:55:50 +0000] "GET /api/v1/provider/services/categories HTTP/1.1" 200 2117 "http://localhost:5173/" "Mozilla/5.0 (Windows NT 10.0; Win64; x64) AppleWebKit/537.36 (KHTML, like Gecko) Chrome/149.0.0.0 Safari/537.36 Edg/149.0.0.0"
[2026-06-15 13:55:50] INFO: ::1 - - [15/Jun/2026:10:55:50 +0000] "GET /api/v1/provider/services HTTP/1.1" 304 - "http://localhost:5173/" "Mozilla/5.0 (Windows NT 10.0; Win64; x64) AppleWebKit/537.36 (KHTML, like Gecko) Chrome/149.0.0.0 Safari/537.36 Edg/149.0.0.0"
[2026-06-15 13:55:51] INFO: ::1 - - [15/Jun/2026:10:55:51 +0000] "GET /api/v1/provider/dashboard HTTP/1.1" 304 - "http://localhost:5173/" "Mozilla/5.0 (Windows NT 10.0; Win64; x64) AppleWebKit/537.36 (KHTML, like Gecko) Chrome/149.0.0.0 Safari/537.36 Edg/149.0.0.0"
[2026-06-15 13:55:51] INFO: ::1 - - [15/Jun/2026:10:55:51 +0000] "GET /api/v1/provider/services/categories HTTP/1.1" 304 - "http://localhost:5173/" "Mozilla/5.0 (Windows NT 10.0; Win64; x64) AppleWebKit/537.36 (KHTML, like Gecko) Chrome/149.0.0.0 Safari/537.36 Edg/149.0.0.0"
[2026-06-15 13:55:56] INFO: ::1 - - [15/Jun/2026:10:55:56 +0000] "GET /api/v1/provider/discounts/special-entities HTTP/1.1" 304 - "http://localhost:5173/" "Mozilla/5.0 (Windows NT 10.0; Win64; x64) AppleWebKit/537.36 (KHTML, like Gecko) Chrome/149.0.0.0 Safari/537.36 Edg/149.0.0.0"
[2026-06-15 13:55:56] INFO: ::1 - - [15/Jun/2026:10:55:56 +0000] "GET /api/v1/provider/discounts/tiers HTTP/1.1" 304 - "http://localhost:5173/" "Mozilla/5.0 (Windows NT 10.0; Win64; x64) AppleWebKit/537.36 (KHTML, like Gecko) Chrome/149.0.0.0 Safari/537.36 Edg/149.0.0.0"
[2026-06-15 13:55:56] INFO: ::1 - - [15/Jun/2026:10:55:56 +0000] "GET /api/v1/provider/services HTTP/1.1" 304 - "http://localhost:5173/" "Mozilla/5.0 (Windows NT 10.0; Win64; x64) AppleWebKit/537.36 (KHTML, like Gecko) Chrome/149.0.0.0 Safari/537.36 Edg/149.0.0.0"
[2026-06-15 13:55:57] INFO: ::1 - - [15/Jun/2026:10:55:57 +0000] "GET /api/v1/provider/services/categories HTTP/1.1" 304 - "http://localhost:5173/" "Mozilla/5.0 (Windows NT 10.0; Win64; x64) AppleWebKit/537.36 (KHTML, like Gecko) Chrome/149.0.0.0 Safari/537.36 Edg/149.0.0.0"
[2026-06-15 13:55:57] INFO: ::1 - - [15/Jun/2026:10:55:57 +0000] "GET /api/v1/provider/dashboard/live HTTP/1.1" 401 90 "http://localhost:5173/" "Mozilla/5.0 (Windows NT 10.0; Win64; x64) AppleWebKit/537.36 (KHTML, like Gecko) Chrome/149.0.0.0 Safari/537.36 Edg/149.0.0.0"
[2026-06-15 13:55:57] INFO: ::1 - - [15/Jun/2026:10:55:57 +0000] "GET /api/v1/provider/settings HTTP/1.1" 304 - "http://localhost:5173/" "Mozilla/5.0 (Windows NT 10.0; Win64; x64) AppleWebKit/537.36 (KHTML, like Gecko) Chrome/149.0.0.0 Safari/537.36 Edg/149.0.0.0"
[2026-06-15 13:55:57] INFO: ::1 - - [15/Jun/2026:10:55:57 +0000] "GET /api/v1/provider/reviews HTTP/1.1" 304 - "http://localhost:5173/" "Mozilla/5.0 (Windows NT 10.0; Win64; x64) AppleWebKit/537.36 (KHTML, like Gecko) Chrome/149.0.0.0 Safari/537.36 Edg/149.0.0.0"
[2026-06-15 13:55:57] INFO: ::1 - - [15/Jun/2026:10:55:57 +0000] "GET /api/v1/provider/profile HTTP/1.1" 304 - "http://localhost:5173/" "Mozilla/5.0 (Windows NT 10.0; Win64; x64) AppleWebKit/537.36 (KHTML, like Gecko) Chrome/149.0.0.0 Safari/537.36 Edg/149.0.0.0"
[2026-06-15 13:55:57] INFO: ::1 - - [15/Jun/2026:10:55:57 +0000] "GET /api/v1/provider/discounts/special-entities HTTP/1.1" 304 - "http://localhost:5173/" "Mozilla/5.0 (Windows NT 10.0; Win64; x64) AppleWebKit/537.36 (KHTML, like Gecko) Chrome/149.0.0.0 Safari/537.36 Edg/149.0.0.0"
[2026-06-15 13:55:57] INFO: ::1 - - [15/Jun/2026:10:55:57 +0000] "GET /api/v1/provider/discounts/tiers HTTP/1.1" 304 - "http://localhost:5173/" "Mozilla/5.0 (Windows NT 10.0; Win64; x64) AppleWebKit/537.36 (KHTML, like Gecko) Chrome/149.0.0.0 Safari/537.36 Edg/149.0.0.0"
[2026-06-15 13:55:58] INFO: ::1 - - [15/Jun/2026:10:55:58 +0000] "GET /api/v1/provider/services HTTP/1.1" 304 - "http://localhost:5173/" "Mozilla/5.0 (Windows NT 10.0; Win64; x64) AppleWebKit/537.36 (KHTML, like Gecko) Chrome/149.0.0.0 Safari/537.36 Edg/149.0.0.0"
[2026-06-15 13:55:58] INFO: ::1 - - [15/Jun/2026:10:55:58 +0000] "GET /api/v1/provider/settings HTTP/1.1" 304 - "http://localhost:5173/" "Mozilla/5.0 (Windows NT 10.0; Win64; x64) AppleWebKit/537.36 (KHTML, like Gecko) Chrome/149.0.0.0 Safari/537.36 Edg/149.0.0.0"
[2026-06-15 13:55:58] INFO: ::1 - - [15/Jun/2026:10:55:58 +0000] "GET /api/v1/provider/reviews HTTP/1.1" 304 - "http://localhost:5173/" "Mozilla/5.0 (Windows NT 10.0; Win64; x64) AppleWebKit/537.36 (KHTML, like Gecko) Chrome/149.0.0.0 Safari/537.36 Edg/149.0.0.0"
[2026-06-15 13:55:58] INFO: ::1 - - [15/Jun/2026:10:55:58 +0000] "GET /api/v1/provider/orders HTTP/1.1" 304 - "http://localhost:5173/" "Mozilla/5.0 (Windows NT 10.0; Win64; x64) AppleWebKit/537.36 (KHTML, like Gecko) Chrome/149.0.0.0 Safari/537.36 Edg/149.0.0.0"
[2026-06-15 13:55:59] INFO: ::1 - - [15/Jun/2026:10:55:59 +0000] "GET /api/v1/provider/services/categories HTTP/1.1" 304 - "http://localhost:5173/" "Mozilla/5.0 (Windows NT 10.0; Win64; x64) AppleWebKit/537.36 (KHTML, like Gecko) Chrome/149.0.0.0 Safari/537.36 Edg/149.0.0.0"
[2026-06-15 13:55:59] INFO: ::1 - - [15/Jun/2026:10:55:59 +0000] "GET /api/v1/provider/dashboard HTTP/1.1" 304 - "http://localhost:5173/" "Mozilla/5.0 (Windows NT 10.0; Win64; x64) AppleWebKit/537.36 (KHTML, like Gecko) Chrome/149.0.0.0 Safari/537.36 Edg/149.0.0.0"
[2026-06-15 13:55:59] INFO: ::1 - - [15/Jun/2026:10:55:59 +0000] "GET /api/v1/provider/profile HTTP/1.1" 304 - "http://localhost:5173/" "Mozilla/5.0 (Windows NT 10.0; Win64; x64) AppleWebKit/537.36 (KHTML, like Gecko) Chrome/149.0.0.0 Safari/537.36 Edg/149.0.0.0"
[2026-06-15 13:56:00] INFO: ::1 - - [15/Jun/2026:10:56:00 +0000] "GET /api/v1/provider/orders HTTP/1.1" 304 - "http://localhost:5173/" "Mozilla/5.0 (Windows NT 10.0; Win64; x64) AppleWebKit/537.36 (KHTML, like Gecko) Chrome/149.0.0.0 Safari/537.36 Edg/149.0.0.0"
[2026-06-15 13:56:01] INFO: ::1 - - [15/Jun/2026:10:56:01 +0000] "GET /api/v1/provider/dashboard HTTP/1.1" 304 - "http://localhost:5173/" "Mozilla/5.0 (Windows NT 10.0; Win64; x64) AppleWebKit/537.36 (KHTML, like Gecko) Chrome/149.0.0.0 Safari/537.36 Edg/149.0.0.0"
[2026-06-15 13:56:14] INFO: 
SIGINT received. Shutting down gracefully...
[2026-06-15 13:56:23] INFO: 
         claenovy API SERVER
   Status  : Running
   Port    : 3000
   Env     : development
   Version : v1
      
[2026-06-15 13:56:31] INFO: ::1 - - [15/Jun/2026:10:56:31 +0000] "GET /api/v1/provider/dashboard/live HTTP/1.1" 401 90 "http://localhost:5173/" "Mozilla/5.0 (Windows NT 10.0; Win64; x64) AppleWebKit/537.36 (KHTML, like Gecko) Code/1.124.2 Chrome/148.0.7778.97 Electron/42.2.0 Safari/537.36"
[2026-06-15 13:56:32] INFO: ::1 - - [15/Jun/2026:10:56:32 +0000] "GET /api/v1/provider/discounts/tiers HTTP/1.1" 200 286 "http://localhost:5173/" "Mozilla/5.0 (Windows NT 10.0; Win64; x64) AppleWebKit/537.36 (KHTML, like Gecko) Code/1.124.2 Chrome/148.0.7778.97 Electron/42.2.0 Safari/537.36"
[2026-06-15 13:56:32] INFO: ::1 - - [15/Jun/2026:10:56:32 +0000] "GET /api/v1/provider/profile HTTP/1.1" 200 304 "http://localhost:5173/" "Mozilla/5.0 (Windows NT 10.0; Win64; x64) AppleWebKit/537.36 (KHTML, like Gecko) Code/1.124.2 Chrome/148.0.7778.97 Electron/42.2.0 Safari/537.36"
[2026-06-15 13:56:32] INFO: ::1 - - [15/Jun/2026:10:56:32 +0000] "GET /api/v1/provider/services/categories HTTP/1.1" 200 2117 "http://localhost:5173/" "Mozilla/5.0 (Windows NT 10.0; Win64; x64) AppleWebKit/537.36 (KHTML, like Gecko) Code/1.124.2 Chrome/148.0.7778.97 Electron/42.2.0 Safari/537.36"
[2026-06-15 13:56:33] INFO: ::1 - - [15/Jun/2026:10:56:33 +0000] "GET /api/v1/provider/settings HTTP/1.1" 200 342 "http://localhost:5173/" "Mozilla/5.0 (Windows NT 10.0; Win64; x64) AppleWebKit/537.36 (KHTML, like Gecko) Code/1.124.2 Chrome/148.0.7778.97 Electron/42.2.0 Safari/537.36"
[2026-06-15 13:56:33] INFO: ::1 - - [15/Jun/2026:10:56:33 +0000] "GET /api/v1/provider/services HTTP/1.1" 200 96 "http://localhost:5173/" "Mozilla/5.0 (Windows NT 10.0; Win64; x64) AppleWebKit/537.36 (KHTML, like Gecko) Code/1.124.2 Chrome/148.0.7778.97 Electron/42.2.0 Safari/537.36"
[2026-06-15 13:56:33] INFO: ::1 - - [15/Jun/2026:10:56:33 +0000] "GET /api/v1/provider/reviews HTTP/1.1" 200 105 "http://localhost:5173/" "Mozilla/5.0 (Windows NT 10.0; Win64; x64) AppleWebKit/537.36 (KHTML, like Gecko) Code/1.124.2 Chrome/148.0.7778.97 Electron/42.2.0 Safari/537.36"
[2026-06-15 13:56:33] INFO: ::1 - - [15/Jun/2026:10:56:33 +0000] "GET /api/v1/provider/dashboard HTTP/1.1" 200 994 "http://localhost:5173/" "Mozilla/5.0 (Windows NT 10.0; Win64; x64) AppleWebKit/537.36 (KHTML, like Gecko) Code/1.124.2 Chrome/148.0.7778.97 Electron/42.2.0 Safari/537.36"
[2026-06-15 13:56:34] INFO: ::1 - - [15/Jun/2026:10:56:34 +0000] "GET /api/v1/provider/discounts/tiers HTTP/1.1" 304 - "http://localhost:5173/" "Mozilla/5.0 (Windows NT 10.0; Win64; x64) AppleWebKit/537.36 (KHTML, like Gecko) Code/1.124.2 Chrome/148.0.7778.97 Electron/42.2.0 Safari/537.36"
[2026-06-15 13:56:34] INFO: ::1 - - [15/Jun/2026:10:56:34 +0000] "GET /api/v1/provider/settings HTTP/1.1" 304 - "http://localhost:5173/" "Mozilla/5.0 (Windows NT 10.0; Win64; x64) AppleWebKit/537.36 (KHTML, like Gecko) Code/1.124.2 Chrome/148.0.7778.97 Electron/42.2.0 Safari/537.36"
[2026-06-15 13:56:34] INFO: ::1 - - [15/Jun/2026:10:56:34 +0000] "GET /api/v1/provider/discounts/special-entities HTTP/1.1" 200 36 "http://localhost:5173/" "Mozilla/5.0 (Windows NT 10.0; Win64; x64) AppleWebKit/537.36 (KHTML, like Gecko) Code/1.124.2 Chrome/148.0.7778.97 Electron/42.2.0 Safari/537.36"
[2026-06-15 13:56:34] INFO: ::1 - - [15/Jun/2026:10:56:34 +0000] "GET /api/v1/provider/profile HTTP/1.1" 304 - "http://localhost:5173/" "Mozilla/5.0 (Windows NT 10.0; Win64; x64) AppleWebKit/537.36 (KHTML, like Gecko) Code/1.124.2 Chrome/148.0.7778.97 Electron/42.2.0 Safari/537.36"
[2026-06-15 13:56:34] INFO: ::1 - - [15/Jun/2026:10:56:34 +0000] "GET /api/v1/provider/orders HTTP/1.1" 200 2844 "http://localhost:5173/" "Mozilla/5.0 (Windows NT 10.0; Win64; x64) AppleWebKit/537.36 (KHTML, like Gecko) Code/1.124.2 Chrome/148.0.7778.97 Electron/42.2.0 Safari/537.36"
[2026-06-15 13:56:34] INFO: ::1 - - [15/Jun/2026:10:56:34 +0000] "GET /api/v1/provider/services HTTP/1.1" 304 - "http://localhost:5173/" "Mozilla/5.0 (Windows NT 10.0; Win64; x64) AppleWebKit/537.36 (KHTML, like Gecko) Code/1.124.2 Chrome/148.0.7778.97 Electron/42.2.0 Safari/537.36"
[2026-06-15 13:56:35] INFO: ::1 - - [15/Jun/2026:10:56:35 +0000] "GET /api/v1/provider/services/categories HTTP/1.1" 304 - "http://localhost:5173/" "Mozilla/5.0 (Windows NT 10.0; Win64; x64) AppleWebKit/537.36 (KHTML, like Gecko) Code/1.124.2 Chrome/148.0.7778.97 Electron/42.2.0 Safari/537.36"
[2026-06-15 13:56:35] INFO: ::1 - - [15/Jun/2026:10:56:35 +0000] "GET /api/v1/provider/reviews HTTP/1.1" 304 - "http://localhost:5173/" "Mozilla/5.0 (Windows NT 10.0; Win64; x64) AppleWebKit/537.36 (KHTML, like Gecko) Code/1.124.2 Chrome/148.0.7778.97 Electron/42.2.0 Safari/537.36"
[2026-06-15 13:56:35] INFO: ::1 - - [15/Jun/2026:10:56:35 +0000] "GET /api/v1/provider/discounts/special-entities HTTP/1.1" 304 - "http://localhost:5173/" "Mozilla/5.0 (Windows NT 10.0; Win64; x64) AppleWebKit/537.36 (KHTML, like Gecko) Code/1.124.2 Chrome/148.0.7778.97 Electron/42.2.0 Safari/537.36"
[2026-06-15 13:56:35] INFO: ::1 - - [15/Jun/2026:10:56:35 +0000] "GET /api/v1/provider/orders HTTP/1.1" 304 - "http://localhost:5173/" "Mozilla/5.0 (Windows NT 10.0; Win64; x64) AppleWebKit/537.36 (KHTML, like Gecko) Code/1.124.2 Chrome/148.0.7778.97 Electron/42.2.0 Safari/537.36"
[2026-06-15 13:56:36] INFO: ::1 - - [15/Jun/2026:10:56:36 +0000] "GET /api/v1/provider/orders/6a259bb48cbe7ff7f756417d HTTP/1.1" 200 807 "http://localhost:5173/" "Mozilla/5.0 (Windows NT 10.0; Win64; x64) AppleWebKit/537.36 (KHTML, like Gecko) Code/1.124.2 Chrome/148.0.7778.97 Electron/42.2.0 Safari/537.36"
[2026-06-15 13:56:36] INFO: ::1 - - [15/Jun/2026:10:56:36 +0000] "GET /api/v1/provider/dashboard HTTP/1.1" 304 - "http://localhost:5173/" "Mozilla/5.0 (Windows NT 10.0; Win64; x64) AppleWebKit/537.36 (KHTML, like Gecko) Code/1.124.2 Chrome/148.0.7778.97 Electron/42.2.0 Safari/537.36"
[2026-06-15 13:56:38] INFO: ::1 - - [15/Jun/2026:10:56:38 +0000] "GET /api/v1/provider/orders/6a259bb48cbe7ff7f756417d HTTP/1.1" 304 - "http://localhost:5173/" "Mozilla/5.0 (Windows NT 10.0; Win64; x64) AppleWebKit/537.36 (KHTML, like Gecko) Code/1.124.2 Chrome/148.0.7778.97 Electron/42.2.0 Safari/537.36"
[2026-06-15 13:56:46] INFO: ::1 - - [15/Jun/2026:10:56:46 +0000] "GET /api/v1/provider/dashboard/live HTTP/1.1" 401 90 "http://localhost:5173/" "Mozilla/5.0 (Windows NT 10.0; Win64; x64) AppleWebKit/537.36 (KHTML, like Gecko) Code/1.124.2 Chrome/148.0.7778.97 Electron/42.2.0 Safari/537.36"
[2026-06-15 13:56:47] INFO: ::1 - - [15/Jun/2026:10:56:47 +0000] "GET /api/v1/provider/discounts/special-entities HTTP/1.1" 304 - "http://localhost:5173/" "Mozilla/5.0 (Windows NT 10.0; Win64; x64) AppleWebKit/537.36 (KHTML, like Gecko) Code/1.124.2 Chrome/148.0.7778.97 Electron/42.2.0 Safari/537.36"
[2026-06-15 13:56:47] INFO: ::1 - - [15/Jun/2026:10:56:47 +0000] "GET /api/v1/provider/services HTTP/1.1" 304 - "http://localhost:5173/" "Mozilla/5.0 (Windows NT 10.0; Win64; x64) AppleWebKit/537.36 (KHTML, like Gecko) Code/1.124.2 Chrome/148.0.7778.97 Electron/42.2.0 Safari/537.36"
[2026-06-15 13:56:47] INFO: ::1 - - [15/Jun/2026:10:56:47 +0000] "GET /api/v1/provider/discounts/tiers HTTP/1.1" 304 - "http://localhost:5173/" "Mozilla/5.0 (Windows NT 10.0; Win64; x64) AppleWebKit/537.36 (KHTML, like Gecko) Code/1.124.2 Chrome/148.0.7778.97 Electron/42.2.0 Safari/537.36"
[2026-06-15 13:56:47] INFO: ::1 - - [15/Jun/2026:10:56:47 +0000] "GET /api/v1/provider/orders HTTP/1.1" 304 - "http://localhost:5173/" "Mozilla/5.0 (Windows NT 10.0; Win64; x64) AppleWebKit/537.36 (KHTML, like Gecko) Code/1.124.2 Chrome/148.0.7778.97 Electron/42.2.0 Safari/537.36"
[2026-06-15 13:56:48] INFO: ::1 - - [15/Jun/2026:10:56:48 +0000] "GET /api/v1/provider/services/categories HTTP/1.1" 304 - "http://localhost:5173/" "Mozilla/5.0 (Windows NT 10.0; Win64; x64) AppleWebKit/537.36 (KHTML, like Gecko) Code/1.124.2 Chrome/148.0.7778.97 Electron/42.2.0 Safari/537.36"
[2026-06-15 13:56:48] INFO: ::1 - - [15/Jun/2026:10:56:48 +0000] "GET /api/v1/provider/settings HTTP/1.1" 304 - "http://localhost:5173/" "Mozilla/5.0 (Windows NT 10.0; Win64; x64) AppleWebKit/537.36 (KHTML, like Gecko) Code/1.124.2 Chrome/148.0.7778.97 Electron/42.2.0 Safari/537.36"
[2026-06-15 13:56:48] INFO: ::1 - - [15/Jun/2026:10:56:48 +0000] "GET /api/v1/provider/reviews HTTP/1.1" 304 - "http://localhost:5173/" "Mozilla/5.0 (Windows NT 10.0; Win64; x64) AppleWebKit/537.36 (KHTML, like Gecko) Code/1.124.2 Chrome/148.0.7778.97 Electron/42.2.0 Safari/537.36"
[2026-06-15 13:56:48] INFO: ::1 - - [15/Jun/2026:10:56:48 +0000] "GET /api/v1/provider/profile HTTP/1.1" 304 - "http://localhost:5173/" "Mozilla/5.0 (Windows NT 10.0; Win64; x64) AppleWebKit/537.36 (KHTML, like Gecko) Code/1.124.2 Chrome/148.0.7778.97 Electron/42.2.0 Safari/537.36"
[2026-06-15 13:56:48] INFO: ::1 - - [15/Jun/2026:10:56:48 +0000] "GET /api/v1/provider/discounts/special-entities HTTP/1.1" 304 - "http://localhost:5173/" "Mozilla/5.0 (Windows NT 10.0; Win64; x64) AppleWebKit/537.36 (KHTML, like Gecko) Code/1.124.2 Chrome/148.0.7778.97 Electron/42.2.0 Safari/537.36"
[2026-06-15 13:56:49] INFO: ::1 - - [15/Jun/2026:10:56:49 +0000] "GET /api/v1/provider/services HTTP/1.1" 304 - "http://localhost:5173/" "Mozilla/5.0 (Windows NT 10.0; Win64; x64) AppleWebKit/537.36 (KHTML, like Gecko) Code/1.124.2 Chrome/148.0.7778.97 Electron/42.2.0 Safari/537.36"
[2026-06-15 13:56:49] INFO: ::1 - - [15/Jun/2026:10:56:49 +0000] "GET /api/v1/provider/discounts/tiers HTTP/1.1" 304 - "http://localhost:5173/" "Mozilla/5.0 (Windows NT 10.0; Win64; x64) AppleWebKit/537.36 (KHTML, like Gecko) Code/1.124.2 Chrome/148.0.7778.97 Electron/42.2.0 Safari/537.36"
[2026-06-15 13:56:49] INFO: ::1 - - [15/Jun/2026:10:56:49 +0000] "GET /api/v1/provider/settings HTTP/1.1" 304 - "http://localhost:5173/" "Mozilla/5.0 (Windows NT 10.0; Win64; x64) AppleWebKit/537.36 (KHTML, like Gecko) Code/1.124.2 Chrome/148.0.7778.97 Electron/42.2.0 Safari/537.36"
[2026-06-15 13:56:49] INFO: ::1 - - [15/Jun/2026:10:56:49 +0000] "GET /api/v1/provider/orders HTTP/1.1" 304 - "http://localhost:5173/" "Mozilla/5.0 (Windows NT 10.0; Win64; x64) AppleWebKit/537.36 (KHTML, like Gecko) Code/1.124.2 Chrome/148.0.7778.97 Electron/42.2.0 Safari/537.36"
[2026-06-15 13:56:49] INFO: ::1 - - [15/Jun/2026:10:56:49 +0000] "GET /api/v1/provider/reviews HTTP/1.1" 304 - "http://localhost:5173/" "Mozilla/5.0 (Windows NT 10.0; Win64; x64) AppleWebKit/537.36 (KHTML, like Gecko) Code/1.124.2 Chrome/148.0.7778.97 Electron/42.2.0 Safari/537.36"
[2026-06-15 13:56:50] INFO: ::1 - - [15/Jun/2026:10:56:50 +0000] "GET /api/v1/provider/services/categories HTTP/1.1" 304 - "http://localhost:5173/" "Mozilla/5.0 (Windows NT 10.0; Win64; x64) AppleWebKit/537.36 (KHTML, like Gecko) Code/1.124.2 Chrome/148.0.7778.97 Electron/42.2.0 Safari/537.36"
[2026-06-15 13:56:50] INFO: ::1 - - [15/Jun/2026:10:56:50 +0000] "GET /api/v1/provider/profile HTTP/1.1" 304 - "http://localhost:5173/" "Mozilla/5.0 (Windows NT 10.0; Win64; x64) AppleWebKit/537.36 (KHTML, like Gecko) Code/1.124.2 Chrome/148.0.7778.97 Electron/42.2.0 Safari/537.36"
[2026-06-15 13:56:50] INFO: ::1 - - [15/Jun/2026:10:56:50 +0000] "GET /api/v1/provider/dashboard HTTP/1.1" 304 - "http://localhost:5173/" "Mozilla/5.0 (Windows NT 10.0; Win64; x64) AppleWebKit/537.36 (KHTML, like Gecko) Code/1.124.2 Chrome/148.0.7778.97 Electron/42.2.0 Safari/537.36"
[2026-06-15 13:56:53] INFO: ::1 - - [15/Jun/2026:10:56:53 +0000] "GET /api/v1/provider/dashboard HTTP/1.1" 304 - "http://localhost:5173/" "Mozilla/5.0 (Windows NT 10.0; Win64; x64) AppleWebKit/537.36 (KHTML, like Gecko) Code/1.124.2 Chrome/148.0.7778.97 Electron/42.2.0 Safari/537.36"
[2026-06-15 13:59:22] INFO: ::1 - - [15/Jun/2026:10:59:22 +0000] "GET /api/v1/provider/orders/6a259bb48cbe7ff7f756417d HTTP/1.1" 200 807 "http://localhost:5173/" "Mozilla/5.0 (Windows NT 10.0; Win64; x64) AppleWebKit/537.36 (KHTML, like Gecko) Chrome/149.0.0.0 Safari/537.36 Edg/149.0.0.0"
[2026-06-15 13:59:23] INFO: ::1 - - [15/Jun/2026:10:59:23 +0000] "GET /api/v1/provider/orders/6a259bb48cbe7ff7f756417d HTTP/1.1" 304 - "http://localhost:5173/" "Mozilla/5.0 (Windows NT 10.0; Win64; x64) AppleWebKit/537.36 (KHTML, like Gecko) Chrome/149.0.0.0 Safari/537.36 Edg/149.0.0.0"
[2026-06-15 13:59:26] INFO: ::1 - - [15/Jun/2026:10:59:26 +0000] "POST /api/v1/provider/orders/6a27c97ff7a830d27ba20396/accept HTTP/1.1" 200 631 "http://localhost:5173/" "Mozilla/5.0 (Windows NT 10.0; Win64; x64) AppleWebKit/537.36 (KHTML, like Gecko) Chrome/149.0.0.0 Safari/537.36 Edg/149.0.0.0"
[2026-06-15 13:59:28] INFO: ::1 - - [15/Jun/2026:10:59:28 +0000] "GET /api/v1/provider/dashboard HTTP/1.1" 200 826 "http://localhost:5173/" "Mozilla/5.0 (Windows NT 10.0; Win64; x64) AppleWebKit/537.36 (KHTML, like Gecko) Chrome/149.0.0.0 Safari/537.36 Edg/149.0.0.0"
[2026-06-15 13:59:34] INFO: ::1 - - [15/Jun/2026:10:59:34 +0000] "POST /api/v1/provider/orders/6a2fc4997f275be6370cb9c7/accept HTTP/1.1" 200 704 "http://localhost:5173/" "Mozilla/5.0 (Windows NT 10.0; Win64; x64) AppleWebKit/537.36 (KHTML, like Gecko) Chrome/149.0.0.0 Safari/537.36 Edg/149.0.0.0"
[2026-06-15 13:59:36] INFO: ::1 - - [15/Jun/2026:10:59:36 +0000] "GET /api/v1/provider/dashboard HTTP/1.1" 200 601 "http://localhost:5173/" "Mozilla/5.0 (Windows NT 10.0; Win64; x64) AppleWebKit/537.36 (KHTML, like Gecko) Chrome/149.0.0.0 Safari/537.36 Edg/149.0.0.0"
[2026-06-15 13:59:40] INFO: ::1 - - [15/Jun/2026:10:59:40 +0000] "POST /api/v1/provider/orders/6a2694d950653555e6062a4a/accept HTTP/1.1" 200 650 "http://localhost:5173/" "Mozilla/5.0 (Windows NT 10.0; Win64; x64) AppleWebKit/537.36 (KHTML, like Gecko) Chrome/149.0.0.0 Safari/537.36 Edg/149.0.0.0"
[2026-06-15 13:59:41] INFO: ::1 - - [15/Jun/2026:10:59:41 +0000] "GET /api/v1/provider/dashboard HTTP/1.1" 200 434 "http://localhost:5173/" "Mozilla/5.0 (Windows NT 10.0; Win64; x64) AppleWebKit/537.36 (KHTML, like Gecko) Chrome/149.0.0.0 Safari/537.36 Edg/149.0.0.0"
[2026-06-15 13:59:45] INFO: ::1 - - [15/Jun/2026:10:59:45 +0000] "GET /api/v1/provider/orders/6a259bb48cbe7ff7f756417d HTTP/1.1" 304 - "http://localhost:5173/" "Mozilla/5.0 (Windows NT 10.0; Win64; x64) AppleWebKit/537.36 (KHTML, like Gecko) Chrome/149.0.0.0 Safari/537.36 Edg/149.0.0.0"
[2026-06-15 13:59:46] INFO: ::1 - - [15/Jun/2026:10:59:46 +0000] "GET /api/v1/provider/orders/6a259bb48cbe7ff7f756417d HTTP/1.1" 304 - "http://localhost:5173/" "Mozilla/5.0 (Windows NT 10.0; Win64; x64) AppleWebKit/537.36 (KHTML, like Gecko) Chrome/149.0.0.0 Safari/537.36 Edg/149.0.0.0"
[2026-06-15 13:59:54] INFO: ::1 - - [15/Jun/2026:10:59:54 +0000] "GET /api/v1/provider/orders/6a259bb48cbe7ff7f756417d HTTP/1.1" 304 - "http://localhost:5173/" "Mozilla/5.0 (Windows NT 10.0; Win64; x64) AppleWebKit/537.36 (KHTML, like Gecko) Chrome/149.0.0.0 Safari/537.36 Edg/149.0.0.0"
[2026-06-15 13:59:55] INFO: ::1 - - [15/Jun/2026:10:59:55 +0000] "GET /api/v1/provider/orders/6a259bb48cbe7ff7f756417d HTTP/1.1" 304 - "http://localhost:5173/" "Mozilla/5.0 (Windows NT 10.0; Win64; x64) AppleWebKit/537.36 (KHTML, like Gecko) Chrome/149.0.0.0 Safari/537.36 Edg/149.0.0.0"
[2026-06-15 13:59:57] INFO: ::1 - - [15/Jun/2026:10:59:57 +0000] "PATCH /api/v1/provider/orders/6a259bb48cbe7ff7f756417d/status HTTP/1.1" 200 599 "http://localhost:5173/" "Mozilla/5.0 (Windows NT 10.0; Win64; x64) AppleWebKit/537.36 (KHTML, like Gecko) Chrome/149.0.0.0 Safari/537.36 Edg/149.0.0.0"
[2026-06-15 14:00:07] INFO: ::1 - - [15/Jun/2026:11:00:07 +0000] "GET /api/v1/provider/dashboard/live HTTP/1.1" 401 90 "http://localhost:5173/" "Mozilla/5.0 (Windows NT 10.0; Win64; x64) AppleWebKit/537.36 (KHTML, like Gecko) Chrome/149.0.0.0 Safari/537.36 Edg/149.0.0.0"
[2026-06-15 14:00:07] INFO: ::1 - - [15/Jun/2026:11:00:07 +0000] "GET /api/v1/provider/discounts/tiers HTTP/1.1" 304 - "http://localhost:5173/" "Mozilla/5.0 (Windows NT 10.0; Win64; x64) AppleWebKit/537.36 (KHTML, like Gecko) Chrome/149.0.0.0 Safari/537.36 Edg/149.0.0.0"
[2026-06-15 14:00:07] INFO: ::1 - - [15/Jun/2026:11:00:07 +0000] "GET /api/v1/provider/services HTTP/1.1" 304 - "http://localhost:5173/" "Mozilla/5.0 (Windows NT 10.0; Win64; x64) AppleWebKit/537.36 (KHTML, like Gecko) Chrome/149.0.0.0 Safari/537.36 Edg/149.0.0.0"
[2026-06-15 14:00:07] INFO: ::1 - - [15/Jun/2026:11:00:07 +0000] "GET /api/v1/provider/discounts/special-entities HTTP/1.1" 304 - "http://localhost:5173/" "Mozilla/5.0 (Windows NT 10.0; Win64; x64) AppleWebKit/537.36 (KHTML, like Gecko) Chrome/149.0.0.0 Safari/537.36 Edg/149.0.0.0"
[2026-06-15 14:00:08] INFO: ::1 - - [15/Jun/2026:11:00:08 +0000] "GET /api/v1/provider/orders HTTP/1.1" 200 2844 "http://localhost:5173/" "Mozilla/5.0 (Windows NT 10.0; Win64; x64) AppleWebKit/537.36 (KHTML, like Gecko) Chrome/149.0.0.0 Safari/537.36 Edg/149.0.0.0"
[2026-06-15 14:00:08] INFO: ::1 - - [15/Jun/2026:11:00:08 +0000] "GET /api/v1/provider/dashboard HTTP/1.1" 200 434 "http://localhost:5173/" "Mozilla/5.0 (Windows NT 10.0; Win64; x64) AppleWebKit/537.36 (KHTML, like Gecko) Chrome/149.0.0.0 Safari/537.36 Edg/149.0.0.0"
[2026-06-15 14:00:08] INFO: ::1 - - [15/Jun/2026:11:00:08 +0000] "GET /api/v1/provider/settings HTTP/1.1" 304 - "http://localhost:5173/" "Mozilla/5.0 (Windows NT 10.0; Win64; x64) AppleWebKit/537.36 (KHTML, like Gecko) Chrome/149.0.0.0 Safari/537.36 Edg/149.0.0.0"
[2026-06-15 14:00:08] INFO: ::1 - - [15/Jun/2026:11:00:08 +0000] "GET /api/v1/provider/services/categories HTTP/1.1" 304 - "http://localhost:5173/" "Mozilla/5.0 (Windows NT 10.0; Win64; x64) AppleWebKit/537.36 (KHTML, like Gecko) Chrome/149.0.0.0 Safari/537.36 Edg/149.0.0.0"
[2026-06-15 14:00:08] INFO: ::1 - - [15/Jun/2026:11:00:08 +0000] "GET /api/v1/provider/reviews HTTP/1.1" 304 - "http://localhost:5173/" "Mozilla/5.0 (Windows NT 10.0; Win64; x64) AppleWebKit/537.36 (KHTML, like Gecko) Chrome/149.0.0.0 Safari/537.36 Edg/149.0.0.0"
[2026-06-15 14:00:09] INFO: ::1 - - [15/Jun/2026:11:00:09 +0000] "GET /api/v1/provider/profile HTTP/1.1" 304 - "http://localhost:5173/" "Mozilla/5.0 (Windows NT 10.0; Win64; x64) AppleWebKit/537.36 (KHTML, like Gecko) Chrome/149.0.0.0 Safari/537.36 Edg/149.0.0.0"
[2026-06-15 14:00:09] INFO: ::1 - - [15/Jun/2026:11:00:09 +0000] "GET /api/v1/provider/discounts/tiers HTTP/1.1" 304 - "http://localhost:5173/" "Mozilla/5.0 (Windows NT 10.0; Win64; x64) AppleWebKit/537.36 (KHTML, like Gecko) Chrome/149.0.0.0 Safari/537.36 Edg/149.0.0.0"
[2026-06-15 14:00:09] INFO: ::1 - - [15/Jun/2026:11:00:09 +0000] "GET /api/v1/provider/services HTTP/1.1" 304 - "http://localhost:5173/" "Mozilla/5.0 (Windows NT 10.0; Win64; x64) AppleWebKit/537.36 (KHTML, like Gecko) Chrome/149.0.0.0 Safari/537.36 Edg/149.0.0.0"
[2026-06-15 14:00:09] INFO: ::1 - - [15/Jun/2026:11:00:09 +0000] "GET /api/v1/provider/discounts/special-entities HTTP/1.1" 304 - "http://localhost:5173/" "Mozilla/5.0 (Windows NT 10.0; Win64; x64) AppleWebKit/537.36 (KHTML, like Gecko) Chrome/149.0.0.0 Safari/537.36 Edg/149.0.0.0"
[2026-06-15 14:00:09] INFO: ::1 - - [15/Jun/2026:11:00:09 +0000] "GET /api/v1/provider/settings HTTP/1.1" 304 - "http://localhost:5173/" "Mozilla/5.0 (Windows NT 10.0; Win64; x64) AppleWebKit/537.36 (KHTML, like Gecko) Chrome/149.0.0.0 Safari/537.36 Edg/149.0.0.0"
[2026-06-15 14:00:09] INFO: ::1 - - [15/Jun/2026:11:00:09 +0000] "GET /api/v1/provider/orders HTTP/1.1" 304 - "http://localhost:5173/" "Mozilla/5.0 (Windows NT 10.0; Win64; x64) AppleWebKit/537.36 (KHTML, like Gecko) Chrome/149.0.0.0 Safari/537.36 Edg/149.0.0.0"
[2026-06-15 14:00:10] INFO: ::1 - - [15/Jun/2026:11:00:10 +0000] "GET /api/v1/provider/reviews HTTP/1.1" 304 - "http://localhost:5173/" "Mozilla/5.0 (Windows NT 10.0; Win64; x64) AppleWebKit/537.36 (KHTML, like Gecko) Chrome/149.0.0.0 Safari/537.36 Edg/149.0.0.0"
[2026-06-15 14:00:10] INFO: ::1 - - [15/Jun/2026:11:00:10 +0000] "GET /api/v1/provider/dashboard HTTP/1.1" 304 - "http://localhost:5173/" "Mozilla/5.0 (Windows NT 10.0; Win64; x64) AppleWebKit/537.36 (KHTML, like Gecko) Chrome/149.0.0.0 Safari/537.36 Edg/149.0.0.0"
[2026-06-15 14:00:10] INFO: ::1 - - [15/Jun/2026:11:00:10 +0000] "GET /api/v1/provider/services/categories HTTP/1.1" 304 - "http://localhost:5173/" "Mozilla/5.0 (Windows NT 10.0; Win64; x64) AppleWebKit/537.36 (KHTML, like Gecko) Chrome/149.0.0.0 Safari/537.36 Edg/149.0.0.0"
[2026-06-15 14:00:10] INFO: ::1 - - [15/Jun/2026:11:00:10 +0000] "GET /api/v1/provider/profile HTTP/1.1" 304 - "http://localhost:5173/" "Mozilla/5.0 (Windows NT 10.0; Win64; x64) AppleWebKit/537.36 (KHTML, like Gecko) Chrome/149.0.0.0 Safari/537.36 Edg/149.0.0.0"
[2026-06-15 14:01:16] INFO: ::1 - - [15/Jun/2026:11:01:16 +0000] "GET /api/v1/provider/discounts/special-entities HTTP/1.1" 401 64 "http://localhost:5173/" "Mozilla/5.0 (Windows NT 10.0; Win64; x64) AppleWebKit/537.36 (KHTML, like Gecko) Chrome/149.0.0.0 Safari/537.36"
[2026-06-15 14:01:16] INFO: ::1 - - [15/Jun/2026:11:01:16 +0000] "GET /api/v1/provider/discounts/tiers HTTP/1.1" 401 64 "http://localhost:5173/" "Mozilla/5.0 (Windows NT 10.0; Win64; x64) AppleWebKit/537.36 (KHTML, like Gecko) Chrome/149.0.0.0 Safari/537.36"
[2026-06-15 14:01:16] INFO: ::1 - - [15/Jun/2026:11:01:16 +0000] "GET /api/v1/provider/orders HTTP/1.1" 401 64 "http://localhost:5173/" "Mozilla/5.0 (Windows NT 10.0; Win64; x64) AppleWebKit/537.36 (KHTML, like Gecko) Chrome/149.0.0.0 Safari/537.36"
[2026-06-15 14:01:16] INFO: ::1 - - [15/Jun/2026:11:01:16 +0000] "GET /api/v1/provider/dashboard HTTP/1.1" 401 64 "http://localhost:5173/" "Mozilla/5.0 (Windows NT 10.0; Win64; x64) AppleWebKit/537.36 (KHTML, like Gecko) Chrome/149.0.0.0 Safari/537.36"
[2026-06-15 14:01:16] INFO: ::1 - - [15/Jun/2026:11:01:16 +0000] "GET /api/v1/provider/services HTTP/1.1" 401 64 "http://localhost:5173/" "Mozilla/5.0 (Windows NT 10.0; Win64; x64) AppleWebKit/537.36 (KHTML, like Gecko) Chrome/149.0.0.0 Safari/537.36"
[2026-06-15 14:01:16] INFO: ::1 - - [15/Jun/2026:11:01:16 +0000] "GET /api/v1/provider/dashboard/live HTTP/1.1" 401 90 "http://localhost:5173/" "Mozilla/5.0 (Windows NT 10.0; Win64; x64) AppleWebKit/537.36 (KHTML, like Gecko) Chrome/149.0.0.0 Safari/537.36"
[2026-06-15 14:01:16] INFO: ::1 - - [15/Jun/2026:11:01:16 +0000] "GET /api/v1/provider/services/categories HTTP/1.1" 401 64 "http://localhost:5173/" "Mozilla/5.0 (Windows NT 10.0; Win64; x64) AppleWebKit/537.36 (KHTML, like Gecko) Chrome/149.0.0.0 Safari/537.36"
[2026-06-15 14:01:16] INFO: ::1 - - [15/Jun/2026:11:01:16 +0000] "GET /api/v1/provider/profile HTTP/1.1" 401 64 "http://localhost:5173/" "Mozilla/5.0 (Windows NT 10.0; Win64; x64) AppleWebKit/537.36 (KHTML, like Gecko) Chrome/149.0.0.0 Safari/537.36"
[2026-06-15 14:01:16] INFO: ::1 - - [15/Jun/2026:11:01:16 +0000] "GET /api/v1/provider/settings HTTP/1.1" 401 64 "http://localhost:5173/" "Mozilla/5.0 (Windows NT 10.0; Win64; x64) AppleWebKit/537.36 (KHTML, like Gecko) Chrome/149.0.0.0 Safari/537.36"
[2026-06-15 14:01:16] INFO: ::1 - - [15/Jun/2026:11:01:16 +0000] "GET /api/v1/provider/discounts/tiers HTTP/1.1" 401 64 "http://localhost:5173/" "Mozilla/5.0 (Windows NT 10.0; Win64; x64) AppleWebKit/537.36 (KHTML, like Gecko) Chrome/149.0.0.0 Safari/537.36"
[2026-06-15 14:01:16] INFO: ::1 - - [15/Jun/2026:11:01:16 +0000] "GET /api/v1/provider/reviews HTTP/1.1" 401 64 "http://localhost:5173/" "Mozilla/5.0 (Windows NT 10.0; Win64; x64) AppleWebKit/537.36 (KHTML, like Gecko) Chrome/149.0.0.0 Safari/537.36"
[2026-06-15 14:01:16] INFO: ::1 - - [15/Jun/2026:11:01:16 +0000] "GET /api/v1/provider/discounts/special-entities HTTP/1.1" 401 64 "http://localhost:5173/" "Mozilla/5.0 (Windows NT 10.0; Win64; x64) AppleWebKit/537.36 (KHTML, like Gecko) Chrome/149.0.0.0 Safari/537.36"
[2026-06-15 14:01:16] INFO: ::1 - - [15/Jun/2026:11:01:16 +0000] "GET /api/v1/provider/orders HTTP/1.1" 401 64 "http://localhost:5173/" "Mozilla/5.0 (Windows NT 10.0; Win64; x64) AppleWebKit/537.36 (KHTML, like Gecko) Chrome/149.0.0.0 Safari/537.36"
[2026-06-15 14:01:16] INFO: ::1 - - [15/Jun/2026:11:01:16 +0000] "GET /api/v1/provider/dashboard HTTP/1.1" 401 64 "http://localhost:5173/" "Mozilla/5.0 (Windows NT 10.0; Win64; x64) AppleWebKit/537.36 (KHTML, like Gecko) Chrome/149.0.0.0 Safari/537.36"
[2026-06-15 14:01:16] INFO: ::1 - - [15/Jun/2026:11:01:16 +0000] "GET /api/v1/provider/services HTTP/1.1" 401 64 "http://localhost:5173/" "Mozilla/5.0 (Windows NT 10.0; Win64; x64) AppleWebKit/537.36 (KHTML, like Gecko) Chrome/149.0.0.0 Safari/537.36"
[2026-06-15 14:01:16] INFO: ::1 - - [15/Jun/2026:11:01:16 +0000] "GET /api/v1/provider/services/categories HTTP/1.1" 401 64 "http://localhost:5173/" "Mozilla/5.0 (Windows NT 10.0; Win64; x64) AppleWebKit/537.36 (KHTML, like Gecko) Chrome/149.0.0.0 Safari/537.36"
[2026-06-15 14:01:16] INFO: ::1 - - [15/Jun/2026:11:01:16 +0000] "GET /api/v1/provider/profile HTTP/1.1" 401 64 "http://localhost:5173/" "Mozilla/5.0 (Windows NT 10.0; Win64; x64) AppleWebKit/537.36 (KHTML, like Gecko) Chrome/149.0.0.0 Safari/537.36"
[2026-06-15 14:01:16] INFO: ::1 - - [15/Jun/2026:11:01:16 +0000] "GET /api/v1/provider/settings HTTP/1.1" 401 64 "http://localhost:5173/" "Mozilla/5.0 (Windows NT 10.0; Win64; x64) AppleWebKit/537.36 (KHTML, like Gecko) Chrome/149.0.0.0 Safari/537.36"
[2026-06-15 14:01:16] INFO: ::1 - - [15/Jun/2026:11:01:16 +0000] "GET /api/v1/provider/reviews HTTP/1.1" 401 64 "http://localhost:5173/" "Mozilla/5.0 (Windows NT 10.0; Win64; x64) AppleWebKit/537.36 (KHTML, like Gecko) Chrome/149.0.0.0 Safari/537.36"
[2026-06-15 14:04:59] INFO: ::1 - - [15/Jun/2026:11:04:59 +0000] "GET /api/v1/provider/dashboard/live HTTP/1.1" 401 90 "http://localhost:5173/" "Mozilla/5.0 (Windows NT 10.0; Win64; x64) AppleWebKit/537.36 (KHTML, like Gecko) Code/1.124.2 Chrome/148.0.7778.97 Electron/42.2.0 Safari/537.36"
[2026-06-15 14:05:00] INFO: ::1 - - [15/Jun/2026:11:05:00 +0000] "GET /api/v1/provider/discounts/tiers HTTP/1.1" 304 - "http://localhost:5173/" "Mozilla/5.0 (Windows NT 10.0; Win64; x64) AppleWebKit/537.36 (KHTML, like Gecko) Code/1.124.2 Chrome/148.0.7778.97 Electron/42.2.0 Safari/537.36"
[2026-06-15 14:05:00] INFO: ::1 - - [15/Jun/2026:11:05:00 +0000] "GET /api/v1/provider/discounts/special-entities HTTP/1.1" 304 - "http://localhost:5173/" "Mozilla/5.0 (Windows NT 10.0; Win64; x64) AppleWebKit/537.36 (KHTML, like Gecko) Code/1.124.2 Chrome/148.0.7778.97 Electron/42.2.0 Safari/537.36"
[2026-06-15 14:05:00] INFO: ::1 - - [15/Jun/2026:11:05:00 +0000] "GET /api/v1/provider/services HTTP/1.1" 304 - "http://localhost:5173/" "Mozilla/5.0 (Windows NT 10.0; Win64; x64) AppleWebKit/537.36 (KHTML, like Gecko) Code/1.124.2 Chrome/148.0.7778.97 Electron/42.2.0 Safari/537.36"
[2026-06-15 14:05:00] INFO: ::1 - - [15/Jun/2026:11:05:00 +0000] "GET /api/v1/provider/settings HTTP/1.1" 429 108 "http://localhost:5173/" "Mozilla/5.0 (Windows NT 10.0; Win64; x64) AppleWebKit/537.36 (KHTML, like Gecko) Code/1.124.2 Chrome/148.0.7778.97 Electron/42.2.0 Safari/537.36"
[2026-06-15 14:05:00] INFO: ::1 - - [15/Jun/2026:11:05:00 +0000] "GET /api/v1/provider/discounts/tiers HTTP/1.1" 429 108 "http://localhost:5173/" "Mozilla/5.0 (Windows NT 10.0; Win64; x64) AppleWebKit/537.36 (KHTML, like Gecko) Code/1.124.2 Chrome/148.0.7778.97 Electron/42.2.0 Safari/537.36"
[2026-06-15 14:05:00] INFO: ::1 - - [15/Jun/2026:11:05:00 +0000] "GET /api/v1/provider/discounts/special-entities HTTP/1.1" 429 108 "http://localhost:5173/" "Mozilla/5.0 (Windows NT 10.0; Win64; x64) AppleWebKit/537.36 (KHTML, like Gecko) Code/1.124.2 Chrome/148.0.7778.97 Electron/42.2.0 Safari/537.36"
[2026-06-15 14:05:00] INFO: ::1 - - [15/Jun/2026:11:05:00 +0000] "GET /api/v1/provider/services HTTP/1.1" 429 108 "http://localhost:5173/" "Mozilla/5.0 (Windows NT 10.0; Win64; x64) AppleWebKit/537.36 (KHTML, like Gecko) Code/1.124.2 Chrome/148.0.7778.97 Electron/42.2.0 Safari/537.36"
[2026-06-15 14:05:00] INFO: ::1 - - [15/Jun/2026:11:05:00 +0000] "GET /api/v1/provider/settings HTTP/1.1" 429 108 "http://localhost:5173/" "Mozilla/5.0 (Windows NT 10.0; Win64; x64) AppleWebKit/537.36 (KHTML, like Gecko) Code/1.124.2 Chrome/148.0.7778.97 Electron/42.2.0 Safari/537.36"
[2026-06-15 14:05:00] INFO: ::1 - - [15/Jun/2026:11:05:00 +0000] "GET /api/v1/provider/dashboard HTTP/1.1" - - "http://localhost:5173/" "Mozilla/5.0 (Windows NT 10.0; Win64; x64) AppleWebKit/537.36 (KHTML, like Gecko) Code/1.124.2 Chrome/148.0.7778.97 Electron/42.2.0 Safari/537.36"
[2026-06-15 14:05:00] INFO: ::1 - - [15/Jun/2026:11:05:00 +0000] "GET /api/v1/provider/reviews HTTP/1.1" - - "http://localhost:5173/" "Mozilla/5.0 (Windows NT 10.0; Win64; x64) AppleWebKit/537.36 (KHTML, like Gecko) Code/1.124.2 Chrome/148.0.7778.97 Electron/42.2.0 Safari/537.36"
[2026-06-15 14:05:00] INFO: ::1 - - [15/Jun/2026:11:05:00 +0000] "GET /api/v1/provider/services/categories HTTP/1.1" - - "http://localhost:5173/" "Mozilla/5.0 (Windows NT 10.0; Win64; x64) AppleWebKit/537.36 (KHTML, like Gecko) Code/1.124.2 Chrome/148.0.7778.97 Electron/42.2.0 Safari/537.36"
[2026-06-15 14:05:00] INFO: ::1 - - [15/Jun/2026:11:05:00 +0000] "GET /api/v1/provider/profile HTTP/1.1" - - "http://localhost:5173/" "Mozilla/5.0 (Windows NT 10.0; Win64; x64) AppleWebKit/537.36 (KHTML, like Gecko) Code/1.124.2 Chrome/148.0.7778.97 Electron/42.2.0 Safari/537.36"
[2026-06-15 14:05:00] INFO: ::1 - - [15/Jun/2026:11:05:00 +0000] "GET /api/v1/provider/orders HTTP/1.1" - - "http://localhost:5173/" "Mozilla/5.0 (Windows NT 10.0; Win64; x64) AppleWebKit/537.36 (KHTML, like Gecko) Code/1.124.2 Chrome/148.0.7778.97 Electron/42.2.0 Safari/537.36"
[2026-06-15 14:05:00] INFO: ::1 - - [15/Jun/2026:11:05:00 +0000] "GET /api/v1/provider/orders HTTP/1.1" 429 108 "http://localhost:5173/" "Mozilla/5.0 (Windows NT 10.0; Win64; x64) AppleWebKit/537.36 (KHTML, like Gecko) Code/1.124.2 Chrome/148.0.7778.97 Electron/42.2.0 Safari/537.36"
[2026-06-15 14:05:00] INFO: ::1 - - [15/Jun/2026:11:05:00 +0000] "GET /api/v1/provider/dashboard HTTP/1.1" 429 108 "http://localhost:5173/" "Mozilla/5.0 (Windows NT 10.0; Win64; x64) AppleWebKit/537.36 (KHTML, like Gecko) Code/1.124.2 Chrome/148.0.7778.97 Electron/42.2.0 Safari/537.36"
[2026-06-15 14:05:00] INFO: ::1 - - [15/Jun/2026:11:05:00 +0000] "GET /api/v1/provider/services/categories HTTP/1.1" 429 108 "http://localhost:5173/" "Mozilla/5.0 (Windows NT 10.0; Win64; x64) AppleWebKit/537.36 (KHTML, like Gecko) Code/1.124.2 Chrome/148.0.7778.97 Electron/42.2.0 Safari/537.36"
[2026-06-15 14:05:00] INFO: ::1 - - [15/Jun/2026:11:05:00 +0000] "GET /api/v1/provider/discounts/tiers HTTP/1.1" 429 108 "http://localhost:5173/" "Mozilla/5.0 (Windows NT 10.0; Win64; x64) AppleWebKit/537.36 (KHTML, like Gecko) Code/1.124.2 Chrome/148.0.7778.97 Electron/42.2.0 Safari/537.36"
[2026-06-15 14:05:00] INFO: ::1 - - [15/Jun/2026:11:05:00 +0000] "GET /api/v1/provider/profile HTTP/1.1" 429 108 "http://localhost:5173/" "Mozilla/5.0 (Windows NT 10.0; Win64; x64) AppleWebKit/537.36 (KHTML, like Gecko) Code/1.124.2 Chrome/148.0.7778.97 Electron/42.2.0 Safari/537.36"
[2026-06-15 14:05:00] INFO: ::1 - - [15/Jun/2026:11:05:00 +0000] "GET /api/v1/provider/discounts/special-entities HTTP/1.1" 429 108 "http://localhost:5173/" "Mozilla/5.0 (Windows NT 10.0; Win64; x64) AppleWebKit/537.36 (KHTML, like Gecko) Code/1.124.2 Chrome/148.0.7778.97 Electron/42.2.0 Safari/537.36"
[2026-06-15 14:05:00] INFO: ::1 - - [15/Jun/2026:11:05:00 +0000] "GET /api/v1/provider/reviews HTTP/1.1" 429 108 "http://localhost:5173/" "Mozilla/5.0 (Windows NT 10.0; Win64; x64) AppleWebKit/537.36 (KHTML, like Gecko) Code/1.124.2 Chrome/148.0.7778.97 Electron/42.2.0 Safari/537.36"
[2026-06-15 14:05:00] INFO: ::1 - - [15/Jun/2026:11:05:00 +0000] "GET /api/v1/provider/services HTTP/1.1" 429 108 "http://localhost:5173/" "Mozilla/5.0 (Windows NT 10.0; Win64; x64) AppleWebKit/537.36 (KHTML, like Gecko) Code/1.124.2 Chrome/148.0.7778.97 Electron/42.2.0 Safari/537.36"
[2026-06-15 14:05:00] INFO: ::1 - - [15/Jun/2026:11:05:00 +0000] "GET /api/v1/provider/dashboard/live HTTP/1.1" 429 108 "http://localhost:5173/" "Mozilla/5.0 (Windows NT 10.0; Win64; x64) AppleWebKit/537.36 (KHTML, like Gecko) Code/1.124.2 Chrome/148.0.7778.97 Electron/42.2.0 Safari/537.36"
[2026-06-15 14:05:00] INFO: ::1 - - [15/Jun/2026:11:05:00 +0000] "GET /api/v1/provider/orders HTTP/1.1" 429 108 "http://localhost:5173/" "Mozilla/5.0 (Windows NT 10.0; Win64; x64) AppleWebKit/537.36 (KHTML, like Gecko) Code/1.124.2 Chrome/148.0.7778.97 Electron/42.2.0 Safari/537.36"
[2026-06-15 14:05:00] INFO: ::1 - - [15/Jun/2026:11:05:00 +0000] "GET /api/v1/provider/settings HTTP/1.1" 429 108 "http://localhost:5173/" "Mozilla/5.0 (Windows NT 10.0; Win64; x64) AppleWebKit/537.36 (KHTML, like Gecko) Code/1.124.2 Chrome/148.0.7778.97 Electron/42.2.0 Safari/537.36"
[2026-06-15 14:05:00] INFO: ::1 - - [15/Jun/2026:11:05:00 +0000] "GET /api/v1/provider/dashboard HTTP/1.1" 429 108 "http://localhost:5173/" "Mozilla/5.0 (Windows NT 10.0; Win64; x64) AppleWebKit/537.36 (KHTML, like Gecko) Code/1.124.2 Chrome/148.0.7778.97 Electron/42.2.0 Safari/537.36"
[2026-06-15 14:05:00] INFO: ::1 - - [15/Jun/2026:11:05:00 +0000] "GET /api/v1/provider/services/categories HTTP/1.1" 429 108 "http://localhost:5173/" "Mozilla/5.0 (Windows NT 10.0; Win64; x64) AppleWebKit/537.36 (KHTML, like Gecko) Code/1.124.2 Chrome/148.0.7778.97 Electron/42.2.0 Safari/537.36"
[2026-06-15 14:05:00] INFO: ::1 - - [15/Jun/2026:11:05:00 +0000] "GET /api/v1/provider/discounts/tiers HTTP/1.1" 429 108 "http://localhost:5173/" "Mozilla/5.0 (Windows NT 10.0; Win64; x64) AppleWebKit/537.36 (KHTML, like Gecko) Code/1.124.2 Chrome/148.0.7778.97 Electron/42.2.0 Safari/537.36"
[2026-06-15 14:05:00] INFO: ::1 - - [15/Jun/2026:11:05:00 +0000] "GET /api/v1/provider/profile HTTP/1.1" 429 108 "http://localhost:5173/" "Mozilla/5.0 (Windows NT 10.0; Win64; x64) AppleWebKit/537.36 (KHTML, like Gecko) Code/1.124.2 Chrome/148.0.7778.97 Electron/42.2.0 Safari/537.36"
[2026-06-15 14:05:00] INFO: ::1 - - [15/Jun/2026:11:05:00 +0000] "GET /api/v1/provider/discounts/special-entities HTTP/1.1" 429 108 "http://localhost:5173/" "Mozilla/5.0 (Windows NT 10.0; Win64; x64) AppleWebKit/537.36 (KHTML, like Gecko) Code/1.124.2 Chrome/148.0.7778.97 Electron/42.2.0 Safari/537.36"
[2026-06-15 14:05:00] INFO: ::1 - - [15/Jun/2026:11:05:00 +0000] "GET /api/v1/provider/reviews HTTP/1.1" 429 108 "http://localhost:5173/" "Mozilla/5.0 (Windows NT 10.0; Win64; x64) AppleWebKit/537.36 (KHTML, like Gecko) Code/1.124.2 Chrome/148.0.7778.97 Electron/42.2.0 Safari/537.36"
[2026-06-15 14:05:00] INFO: ::1 - - [15/Jun/2026:11:05:00 +0000] "GET /api/v1/provider/services HTTP/1.1" 429 108 "http://localhost:5173/" "Mozilla/5.0 (Windows NT 10.0; Win64; x64) AppleWebKit/537.36 (KHTML, like Gecko) Code/1.124.2 Chrome/148.0.7778.97 Electron/42.2.0 Safari/537.36"
[2026-06-15 14:05:00] INFO: ::1 - - [15/Jun/2026:11:05:00 +0000] "GET /api/v1/provider/settings HTTP/1.1" 429 108 "http://localhost:5173/" "Mozilla/5.0 (Windows NT 10.0; Win64; x64) AppleWebKit/537.36 (KHTML, like Gecko) Code/1.124.2 Chrome/148.0.7778.97 Electron/42.2.0 Safari/537.36"
[2026-06-15 14:05:02] INFO: ::1 - - [15/Jun/2026:11:05:02 +0000] "GET /api/v1/provider/orders HTTP/1.1" 429 108 "http://localhost:5173/" "Mozilla/5.0 (Windows NT 10.0; Win64; x64) AppleWebKit/537.36 (KHTML, like Gecko) Code/1.124.2 Chrome/148.0.7778.97 Electron/42.2.0 Safari/537.36"
[2026-06-15 14:05:02] INFO: ::1 - - [15/Jun/2026:11:05:02 +0000] "GET /api/v1/provider/dashboard HTTP/1.1" 429 108 "http://localhost:5173/" "Mozilla/5.0 (Windows NT 10.0; Win64; x64) AppleWebKit/537.36 (KHTML, like Gecko) Code/1.124.2 Chrome/148.0.7778.97 Electron/42.2.0 Safari/537.36"
[2026-06-15 14:05:02] INFO: ::1 - - [15/Jun/2026:11:05:02 +0000] "GET /api/v1/provider/discounts/tiers HTTP/1.1" 429 108 "http://localhost:5173/" "Mozilla/5.0 (Windows NT 10.0; Win64; x64) AppleWebKit/537.36 (KHTML, like Gecko) Code/1.124.2 Chrome/148.0.7778.97 Electron/42.2.0 Safari/537.36"
[2026-06-15 14:05:02] INFO: ::1 - - [15/Jun/2026:11:05:02 +0000] "GET /api/v1/provider/discounts/special-entities HTTP/1.1" 429 108 "http://localhost:5173/" "Mozilla/5.0 (Windows NT 10.0; Win64; x64) AppleWebKit/537.36 (KHTML, like Gecko) Code/1.124.2 Chrome/148.0.7778.97 Electron/42.2.0 Safari/537.36"
[2026-06-15 14:05:02] INFO: ::1 - - [15/Jun/2026:11:05:02 +0000] "GET /api/v1/provider/services/categories HTTP/1.1" 429 108 "http://localhost:5173/" "Mozilla/5.0 (Windows NT 10.0; Win64; x64) AppleWebKit/537.36 (KHTML, like Gecko) Code/1.124.2 Chrome/148.0.7778.97 Electron/42.2.0 Safari/537.36"
[2026-06-15 14:05:02] INFO: ::1 - - [15/Jun/2026:11:05:02 +0000] "GET /api/v1/provider/services HTTP/1.1" 429 108 "http://localhost:5173/" "Mozilla/5.0 (Windows NT 10.0; Win64; x64) AppleWebKit/537.36 (KHTML, like Gecko) Code/1.124.2 Chrome/148.0.7778.97 Electron/42.2.0 Safari/537.36"
[2026-06-15 14:05:02] INFO: ::1 - - [15/Jun/2026:11:05:02 +0000] "GET /api/v1/provider/profile HTTP/1.1" 429 108 "http://localhost:5173/" "Mozilla/5.0 (Windows NT 10.0; Win64; x64) AppleWebKit/537.36 (KHTML, like Gecko) Code/1.124.2 Chrome/148.0.7778.97 Electron/42.2.0 Safari/537.36"
[2026-06-15 14:05:02] INFO: ::1 - - [15/Jun/2026:11:05:02 +0000] "GET /api/v1/provider/settings HTTP/1.1" 429 108 "http://localhost:5173/" "Mozilla/5.0 (Windows NT 10.0; Win64; x64) AppleWebKit/537.36 (KHTML, like Gecko) Code/1.124.2 Chrome/148.0.7778.97 Electron/42.2.0 Safari/537.36"
[2026-06-15 14:05:02] INFO: ::1 - - [15/Jun/2026:11:05:02 +0000] "GET /api/v1/provider/reviews HTTP/1.1" 429 108 "http://localhost:5173/" "Mozilla/5.0 (Windows NT 10.0; Win64; x64) AppleWebKit/537.36 (KHTML, like Gecko) Code/1.124.2 Chrome/148.0.7778.97 Electron/42.2.0 Safari/537.36"
[2026-06-15 14:05:02] INFO: ::1 - - [15/Jun/2026:11:05:02 +0000] "GET /api/v1/provider/dashboard/live HTTP/1.1" 429 108 "http://localhost:5173/" "Mozilla/5.0 (Windows NT 10.0; Win64; x64) AppleWebKit/537.36 (KHTML, like Gecko) Code/1.124.2 Chrome/148.0.7778.97 Electron/42.2.0 Safari/537.36"
[2026-06-15 14:05:02] INFO: ::1 - - [15/Jun/2026:11:05:02 +0000] "GET /api/v1/provider/orders HTTP/1.1" 429 108 "http://localhost:5173/" "Mozilla/5.0 (Windows NT 10.0; Win64; x64) AppleWebKit/537.36 (KHTML, like Gecko) Code/1.124.2 Chrome/148.0.7778.97 Electron/42.2.0 Safari/537.36"
[2026-06-15 14:05:02] INFO: ::1 - - [15/Jun/2026:11:05:02 +0000] "GET /api/v1/provider/dashboard HTTP/1.1" 429 108 "http://localhost:5173/" "Mozilla/5.0 (Windows NT 10.0; Win64; x64) AppleWebKit/537.36 (KHTML, like Gecko) Code/1.124.2 Chrome/148.0.7778.97 Electron/42.2.0 Safari/537.36"
[2026-06-15 14:05:02] INFO: ::1 - - [15/Jun/2026:11:05:02 +0000] "GET /api/v1/provider/discounts/tiers HTTP/1.1" 429 108 "http://localhost:5173/" "Mozilla/5.0 (Windows NT 10.0; Win64; x64) AppleWebKit/537.36 (KHTML, like Gecko) Code/1.124.2 Chrome/148.0.7778.97 Electron/42.2.0 Safari/537.36"
[2026-06-15 14:05:02] INFO: ::1 - - [15/Jun/2026:11:05:02 +0000] "GET /api/v1/provider/discounts/special-entities HTTP/1.1" 429 108 "http://localhost:5173/" "Mozilla/5.0 (Windows NT 10.0; Win64; x64) AppleWebKit/537.36 (KHTML, like Gecko) Code/1.124.2 Chrome/148.0.7778.97 Electron/42.2.0 Safari/537.36"
[2026-06-15 14:05:02] INFO: ::1 - - [15/Jun/2026:11:05:02 +0000] "GET /api/v1/provider/services/categories HTTP/1.1" 429 108 "http://localhost:5173/" "Mozilla/5.0 (Windows NT 10.0; Win64; x64) AppleWebKit/537.36 (KHTML, like Gecko) Code/1.124.2 Chrome/148.0.7778.97 Electron/42.2.0 Safari/537.36"
[2026-06-15 14:05:02] INFO: ::1 - - [15/Jun/2026:11:05:02 +0000] "GET /api/v1/provider/services HTTP/1.1" 429 108 "http://localhost:5173/" "Mozilla/5.0 (Windows NT 10.0; Win64; x64) AppleWebKit/537.36 (KHTML, like Gecko) Code/1.124.2 Chrome/148.0.7778.97 Electron/42.2.0 Safari/537.36"
[2026-06-15 14:05:02] INFO: ::1 - - [15/Jun/2026:11:05:02 +0000] "GET /api/v1/provider/profile HTTP/1.1" 429 108 "http://localhost:5173/" "Mozilla/5.0 (Windows NT 10.0; Win64; x64) AppleWebKit/537.36 (KHTML, like Gecko) Code/1.124.2 Chrome/148.0.7778.97 Electron/42.2.0 Safari/537.36"
[2026-06-15 14:05:02] INFO: ::1 - - [15/Jun/2026:11:05:02 +0000] "GET /api/v1/provider/settings HTTP/1.1" 429 108 "http://localhost:5173/" "Mozilla/5.0 (Windows NT 10.0; Win64; x64) AppleWebKit/537.36 (KHTML, like Gecko) Code/1.124.2 Chrome/148.0.7778.97 Electron/42.2.0 Safari/537.36"
[2026-06-15 14:05:02] INFO: ::1 - - [15/Jun/2026:11:05:02 +0000] "GET /api/v1/provider/reviews HTTP/1.1" 429 108 "http://localhost:5173/" "Mozilla/5.0 (Windows NT 10.0; Win64; x64) AppleWebKit/537.36 (KHTML, like Gecko) Code/1.124.2 Chrome/148.0.7778.97 Electron/42.2.0 Safari/537.36"
[2026-06-15 14:05:12] INFO: ::1 - - [15/Jun/2026:11:05:12 +0000] "GET /api/v1/provider/orders HTTP/1.1" 429 108 "http://localhost:5173/" "Mozilla/5.0 (Windows NT 10.0; Win64; x64) AppleWebKit/537.36 (KHTML, like Gecko) Code/1.124.2 Chrome/148.0.7778.97 Electron/42.2.0 Safari/537.36"
[2026-06-15 14:05:12] INFO: ::1 - - [15/Jun/2026:11:05:12 +0000] "GET /api/v1/provider/dashboard/live HTTP/1.1" 429 108 "http://localhost:5173/" "Mozilla/5.0 (Windows NT 10.0; Win64; x64) AppleWebKit/537.36 (KHTML, like Gecko) Code/1.124.2 Chrome/148.0.7778.97 Electron/42.2.0 Safari/537.36"
[2026-06-15 14:05:12] INFO: ::1 - - [15/Jun/2026:11:05:12 +0000] "GET /api/v1/provider/services/categories HTTP/1.1" 429 108 "http://localhost:5173/" "Mozilla/5.0 (Windows NT 10.0; Win64; x64) AppleWebKit/537.36 (KHTML, like Gecko) Code/1.124.2 Chrome/148.0.7778.97 Electron/42.2.0 Safari/537.36"
[2026-06-15 14:05:12] INFO: ::1 - - [15/Jun/2026:11:05:12 +0000] "GET /api/v1/provider/dashboard HTTP/1.1" 429 108 "http://localhost:5173/" "Mozilla/5.0 (Windows NT 10.0; Win64; x64) AppleWebKit/537.36 (KHTML, like Gecko) Code/1.124.2 Chrome/148.0.7778.97 Electron/42.2.0 Safari/537.36"
[2026-06-15 14:05:12] INFO: ::1 - - [15/Jun/2026:11:05:12 +0000] "GET /api/v1/provider/discounts/tiers HTTP/1.1" 429 108 "http://localhost:5173/" "Mozilla/5.0 (Windows NT 10.0; Win64; x64) AppleWebKit/537.36 (KHTML, like Gecko) Code/1.124.2 Chrome/148.0.7778.97 Electron/42.2.0 Safari/537.36"
[2026-06-15 14:05:12] INFO: ::1 - - [15/Jun/2026:11:05:12 +0000] "GET /api/v1/provider/discounts/special-entities HTTP/1.1" 429 108 "http://localhost:5173/" "Mozilla/5.0 (Windows NT 10.0; Win64; x64) AppleWebKit/537.36 (KHTML, like Gecko) Code/1.124.2 Chrome/148.0.7778.97 Electron/42.2.0 Safari/537.36"
[2026-06-15 14:05:12] INFO: ::1 - - [15/Jun/2026:11:05:12 +0000] "GET /api/v1/provider/services HTTP/1.1" 429 108 "http://localhost:5173/" "Mozilla/5.0 (Windows NT 10.0; Win64; x64) AppleWebKit/537.36 (KHTML, like Gecko) Code/1.124.2 Chrome/148.0.7778.97 Electron/42.2.0 Safari/537.36"
[2026-06-15 14:05:12] INFO: ::1 - - [15/Jun/2026:11:05:12 +0000] "GET /api/v1/provider/profile HTTP/1.1" 429 108 "http://localhost:5173/" "Mozilla/5.0 (Windows NT 10.0; Win64; x64) AppleWebKit/537.36 (KHTML, like Gecko) Code/1.124.2 Chrome/148.0.7778.97 Electron/42.2.0 Safari/537.36"
[2026-06-15 14:05:12] INFO: ::1 - - [15/Jun/2026:11:05:12 +0000] "GET /api/v1/provider/settings HTTP/1.1" 429 108 "http://localhost:5173/" "Mozilla/5.0 (Windows NT 10.0; Win64; x64) AppleWebKit/537.36 (KHTML, like Gecko) Code/1.124.2 Chrome/148.0.7778.97 Electron/42.2.0 Safari/537.36"
[2026-06-15 14:05:12] INFO: ::1 - - [15/Jun/2026:11:05:12 +0000] "GET /api/v1/provider/reviews HTTP/1.1" 429 108 "http://localhost:5173/" "Mozilla/5.0 (Windows NT 10.0; Win64; x64) AppleWebKit/537.36 (KHTML, like Gecko) Code/1.124.2 Chrome/148.0.7778.97 Electron/42.2.0 Safari/537.36"
[2026-06-15 14:05:12] INFO: ::1 - - [15/Jun/2026:11:05:12 +0000] "GET /api/v1/provider/orders HTTP/1.1" 429 108 "http://localhost:5173/" "Mozilla/5.0 (Windows NT 10.0; Win64; x64) AppleWebKit/537.36 (KHTML, like Gecko) Code/1.124.2 Chrome/148.0.7778.97 Electron/42.2.0 Safari/537.36"
[2026-06-15 14:05:12] INFO: ::1 - - [15/Jun/2026:11:05:12 +0000] "GET /api/v1/provider/services/categories HTTP/1.1" 429 108 "http://localhost:5173/" "Mozilla/5.0 (Windows NT 10.0; Win64; x64) AppleWebKit/537.36 (KHTML, like Gecko) Code/1.124.2 Chrome/148.0.7778.97 Electron/42.2.0 Safari/537.36"
[2026-06-15 14:05:12] INFO: ::1 - - [15/Jun/2026:11:05:12 +0000] "GET /api/v1/provider/dashboard HTTP/1.1" 429 108 "http://localhost:5173/" "Mozilla/5.0 (Windows NT 10.0; Win64; x64) AppleWebKit/537.36 (KHTML, like Gecko) Code/1.124.2 Chrome/148.0.7778.97 Electron/42.2.0 Safari/537.36"
[2026-06-15 14:05:12] INFO: ::1 - - [15/Jun/2026:11:05:12 +0000] "GET /api/v1/provider/discounts/tiers HTTP/1.1" 429 108 "http://localhost:5173/" "Mozilla/5.0 (Windows NT 10.0; Win64; x64) AppleWebKit/537.36 (KHTML, like Gecko) Code/1.124.2 Chrome/148.0.7778.97 Electron/42.2.0 Safari/537.36"
[2026-06-15 14:05:12] INFO: ::1 - - [15/Jun/2026:11:05:12 +0000] "GET /api/v1/provider/discounts/special-entities HTTP/1.1" 429 108 "http://localhost:5173/" "Mozilla/5.0 (Windows NT 10.0; Win64; x64) AppleWebKit/537.36 (KHTML, like Gecko) Code/1.124.2 Chrome/148.0.7778.97 Electron/42.2.0 Safari/537.36"
[2026-06-15 14:05:12] INFO: ::1 - - [15/Jun/2026:11:05:12 +0000] "GET /api/v1/provider/services HTTP/1.1" 429 108 "http://localhost:5173/" "Mozilla/5.0 (Windows NT 10.0; Win64; x64) AppleWebKit/537.36 (KHTML, like Gecko) Code/1.124.2 Chrome/148.0.7778.97 Electron/42.2.0 Safari/537.36"
[2026-06-15 14:05:12] INFO: ::1 - - [15/Jun/2026:11:05:12 +0000] "GET /api/v1/provider/profile HTTP/1.1" 429 108 "http://localhost:5173/" "Mozilla/5.0 (Windows NT 10.0; Win64; x64) AppleWebKit/537.36 (KHTML, like Gecko) Code/1.124.2 Chrome/148.0.7778.97 Electron/42.2.0 Safari/537.36"
[2026-06-15 14:05:12] INFO: ::1 - - [15/Jun/2026:11:05:12 +0000] "GET /api/v1/provider/settings HTTP/1.1" 429 108 "http://localhost:5173/" "Mozilla/5.0 (Windows NT 10.0; Win64; x64) AppleWebKit/537.36 (KHTML, like Gecko) Code/1.124.2 Chrome/148.0.7778.97 Electron/42.2.0 Safari/537.36"
[2026-06-15 14:05:12] INFO: ::1 - - [15/Jun/2026:11:05:12 +0000] "GET /api/v1/provider/reviews HTTP/1.1" 429 108 "http://localhost:5173/" "Mozilla/5.0 (Windows NT 10.0; Win64; x64) AppleWebKit/537.36 (KHTML, like Gecko) Code/1.124.2 Chrome/148.0.7778.97 Electron/42.2.0 Safari/537.36"
[2026-06-15 14:05:19] INFO: ::1 - - [15/Jun/2026:11:05:19 +0000] "GET /api/v1/provider/orders HTTP/1.1" 429 108 "http://localhost:5173/" "Mozilla/5.0 (Windows NT 10.0; Win64; x64) AppleWebKit/537.36 (KHTML, like Gecko) Code/1.124.2 Chrome/148.0.7778.97 Electron/42.2.0 Safari/537.36"
[2026-06-15 14:05:19] INFO: ::1 - - [15/Jun/2026:11:05:19 +0000] "GET /api/v1/provider/dashboard/live HTTP/1.1" 429 108 "http://localhost:5173/" "Mozilla/5.0 (Windows NT 10.0; Win64; x64) AppleWebKit/537.36 (KHTML, like Gecko) Code/1.124.2 Chrome/148.0.7778.97 Electron/42.2.0 Safari/537.36"
[2026-06-15 14:05:19] INFO: ::1 - - [15/Jun/2026:11:05:19 +0000] "GET /api/v1/provider/services/categories HTTP/1.1" 429 108 "http://localhost:5173/" "Mozilla/5.0 (Windows NT 10.0; Win64; x64) AppleWebKit/537.36 (KHTML, like Gecko) Code/1.124.2 Chrome/148.0.7778.97 Electron/42.2.0 Safari/537.36"
[2026-06-15 14:05:19] INFO: ::1 - - [15/Jun/2026:11:05:19 +0000] "GET /api/v1/provider/discounts/tiers HTTP/1.1" 429 108 "http://localhost:5173/" "Mozilla/5.0 (Windows NT 10.0; Win64; x64) AppleWebKit/537.36 (KHTML, like Gecko) Code/1.124.2 Chrome/148.0.7778.97 Electron/42.2.0 Safari/537.36"
[2026-06-15 14:05:19] INFO: ::1 - - [15/Jun/2026:11:05:19 +0000] "GET /api/v1/provider/dashboard HTTP/1.1" 429 108 "http://localhost:5173/" "Mozilla/5.0 (Windows NT 10.0; Win64; x64) AppleWebKit/537.36 (KHTML, like Gecko) Code/1.124.2 Chrome/148.0.7778.97 Electron/42.2.0 Safari/537.36"
[2026-06-15 14:05:19] INFO: ::1 - - [15/Jun/2026:11:05:19 +0000] "GET /api/v1/provider/discounts/special-entities HTTP/1.1" 429 108 "http://localhost:5173/" "Mozilla/5.0 (Windows NT 10.0; Win64; x64) AppleWebKit/537.36 (KHTML, like Gecko) Code/1.124.2 Chrome/148.0.7778.97 Electron/42.2.0 Safari/537.36"
[2026-06-15 14:05:19] INFO: ::1 - - [15/Jun/2026:11:05:19 +0000] "GET /api/v1/provider/services HTTP/1.1" 429 108 "http://localhost:5173/" "Mozilla/5.0 (Windows NT 10.0; Win64; x64) AppleWebKit/537.36 (KHTML, like Gecko) Code/1.124.2 Chrome/148.0.7778.97 Electron/42.2.0 Safari/537.36"
[2026-06-15 14:05:19] INFO: ::1 - - [15/Jun/2026:11:05:19 +0000] "GET /api/v1/provider/profile HTTP/1.1" 429 108 "http://localhost:5173/" "Mozilla/5.0 (Windows NT 10.0; Win64; x64) AppleWebKit/537.36 (KHTML, like Gecko) Code/1.124.2 Chrome/148.0.7778.97 Electron/42.2.0 Safari/537.36"
[2026-06-15 14:05:19] INFO: ::1 - - [15/Jun/2026:11:05:19 +0000] "GET /api/v1/provider/settings HTTP/1.1" 429 108 "http://localhost:5173/" "Mozilla/5.0 (Windows NT 10.0; Win64; x64) AppleWebKit/537.36 (KHTML, like Gecko) Code/1.124.2 Chrome/148.0.7778.97 Electron/42.2.0 Safari/537.36"
[2026-06-15 14:05:19] INFO: ::1 - - [15/Jun/2026:11:05:19 +0000] "GET /api/v1/provider/reviews HTTP/1.1" 429 108 "http://localhost:5173/" "Mozilla/5.0 (Windows NT 10.0; Win64; x64) AppleWebKit/537.36 (KHTML, like Gecko) Code/1.124.2 Chrome/148.0.7778.97 Electron/42.2.0 Safari/537.36"
[2026-06-15 14:05:19] INFO: ::1 - - [15/Jun/2026:11:05:19 +0000] "GET /api/v1/provider/orders HTTP/1.1" 429 108 "http://localhost:5173/" "Mozilla/5.0 (Windows NT 10.0; Win64; x64) AppleWebKit/537.36 (KHTML, like Gecko) Code/1.124.2 Chrome/148.0.7778.97 Electron/42.2.0 Safari/537.36"
[2026-06-15 14:05:19] INFO: ::1 - - [15/Jun/2026:11:05:19 +0000] "GET /api/v1/provider/services/categories HTTP/1.1" 429 108 "http://localhost:5173/" "Mozilla/5.0 (Windows NT 10.0; Win64; x64) AppleWebKit/537.36 (KHTML, like Gecko) Code/1.124.2 Chrome/148.0.7778.97 Electron/42.2.0 Safari/537.36"
[2026-06-15 14:05:19] INFO: ::1 - - [15/Jun/2026:11:05:19 +0000] "GET /api/v1/provider/discounts/tiers HTTP/1.1" 429 108 "http://localhost:5173/" "Mozilla/5.0 (Windows NT 10.0; Win64; x64) AppleWebKit/537.36 (KHTML, like Gecko) Code/1.124.2 Chrome/148.0.7778.97 Electron/42.2.0 Safari/537.36"
[2026-06-15 14:05:19] INFO: ::1 - - [15/Jun/2026:11:05:19 +0000] "GET /api/v1/provider/dashboard HTTP/1.1" 429 108 "http://localhost:5173/" "Mozilla/5.0 (Windows NT 10.0; Win64; x64) AppleWebKit/537.36 (KHTML, like Gecko) Code/1.124.2 Chrome/148.0.7778.97 Electron/42.2.0 Safari/537.36"
[2026-06-15 14:05:19] INFO: ::1 - - [15/Jun/2026:11:05:19 +0000] "GET /api/v1/provider/discounts/special-entities HTTP/1.1" 429 108 "http://localhost:5173/" "Mozilla/5.0 (Windows NT 10.0; Win64; x64) AppleWebKit/537.36 (KHTML, like Gecko) Code/1.124.2 Chrome/148.0.7778.97 Electron/42.2.0 Safari/537.36"
[2026-06-15 14:05:19] INFO: ::1 - - [15/Jun/2026:11:05:19 +0000] "GET /api/v1/provider/services HTTP/1.1" 429 108 "http://localhost:5173/" "Mozilla/5.0 (Windows NT 10.0; Win64; x64) AppleWebKit/537.36 (KHTML, like Gecko) Code/1.124.2 Chrome/148.0.7778.97 Electron/42.2.0 Safari/537.36"
[2026-06-15 14:05:19] INFO: ::1 - - [15/Jun/2026:11:05:19 +0000] "GET /api/v1/provider/profile HTTP/1.1" 429 108 "http://localhost:5173/" "Mozilla/5.0 (Windows NT 10.0; Win64; x64) AppleWebKit/537.36 (KHTML, like Gecko) Code/1.124.2 Chrome/148.0.7778.97 Electron/42.2.0 Safari/537.36"
[2026-06-15 14:05:19] INFO: ::1 - - [15/Jun/2026:11:05:19 +0000] "GET /api/v1/provider/settings HTTP/1.1" 429 108 "http://localhost:5173/" "Mozilla/5.0 (Windows NT 10.0; Win64; x64) AppleWebKit/537.36 (KHTML, like Gecko) Code/1.124.2 Chrome/148.0.7778.97 Electron/42.2.0 Safari/537.36"
[2026-06-15 14:05:19] INFO: ::1 - - [15/Jun/2026:11:05:19 +0000] "GET /api/v1/provider/reviews HTTP/1.1" 429 108 "http://localhost:5173/" "Mozilla/5.0 (Windows NT 10.0; Win64; x64) AppleWebKit/537.36 (KHTML, like Gecko) Code/1.124.2 Chrome/148.0.7778.97 Electron/42.2.0 Safari/537.36"
[2026-06-15 14:05:19] INFO: ::1 - - [15/Jun/2026:11:05:19 +0000] "GET /api/v1/provider/orders HTTP/1.1" 429 108 "http://localhost:5173/" "Mozilla/5.0 (Windows NT 10.0; Win64; x64) AppleWebKit/537.36 (KHTML, like Gecko) Code/1.124.2 Chrome/148.0.7778.97 Electron/42.2.0 Safari/537.36"
[2026-06-15 14:05:19] INFO: ::1 - - [15/Jun/2026:11:05:19 +0000] "GET /api/v1/provider/dashboard HTTP/1.1" 429 108 "http://localhost:5173/" "Mozilla/5.0 (Windows NT 10.0; Win64; x64) AppleWebKit/537.36 (KHTML, like Gecko) Code/1.124.2 Chrome/148.0.7778.97 Electron/42.2.0 Safari/537.36"
[2026-06-15 14:05:19] INFO: ::1 - - [15/Jun/2026:11:05:19 +0000] "GET /api/v1/provider/discounts/tiers HTTP/1.1" 429 108 "http://localhost:5173/" "Mozilla/5.0 (Windows NT 10.0; Win64; x64) AppleWebKit/537.36 (KHTML, like Gecko) Code/1.124.2 Chrome/148.0.7778.97 Electron/42.2.0 Safari/537.36"
[2026-06-15 14:05:19] INFO: ::1 - - [15/Jun/2026:11:05:19 +0000] "GET /api/v1/provider/discounts/special-entities HTTP/1.1" 429 108 "http://localhost:5173/" "Mozilla/5.0 (Windows NT 10.0; Win64; x64) AppleWebKit/537.36 (KHTML, like Gecko) Code/1.124.2 Chrome/148.0.7778.97 Electron/42.2.0 Safari/537.36"
[2026-06-15 14:05:19] INFO: ::1 - - [15/Jun/2026:11:05:19 +0000] "GET /api/v1/provider/services/categories HTTP/1.1" 429 108 "http://localhost:5173/" "Mozilla/5.0 (Windows NT 10.0; Win64; x64) AppleWebKit/537.36 (KHTML, like Gecko) Code/1.124.2 Chrome/148.0.7778.97 Electron/42.2.0 Safari/537.36"
[2026-06-15 14:05:19] INFO: ::1 - - [15/Jun/2026:11:05:19 +0000] "GET /api/v1/provider/services HTTP/1.1" 429 108 "http://localhost:5173/" "Mozilla/5.0 (Windows NT 10.0; Win64; x64) AppleWebKit/537.36 (KHTML, like Gecko) Code/1.124.2 Chrome/148.0.7778.97 Electron/42.2.0 Safari/537.36"
[2026-06-15 14:05:19] INFO: ::1 - - [15/Jun/2026:11:05:19 +0000] "GET /api/v1/provider/profile HTTP/1.1" 429 108 "http://localhost:5173/" "Mozilla/5.0 (Windows NT 10.0; Win64; x64) AppleWebKit/537.36 (KHTML, like Gecko) Code/1.124.2 Chrome/148.0.7778.97 Electron/42.2.0 Safari/537.36"
[2026-06-15 14:05:19] INFO: ::1 - - [15/Jun/2026:11:05:19 +0000] "GET /api/v1/provider/settings HTTP/1.1" 429 108 "http://localhost:5173/" "Mozilla/5.0 (Windows NT 10.0; Win64; x64) AppleWebKit/537.36 (KHTML, like Gecko) Code/1.124.2 Chrome/148.0.7778.97 Electron/42.2.0 Safari/537.36"
[2026-06-15 14:05:19] INFO: ::1 - - [15/Jun/2026:11:05:19 +0000] "GET /api/v1/provider/reviews HTTP/1.1" 429 108 "http://localhost:5173/" "Mozilla/5.0 (Windows NT 10.0; Win64; x64) AppleWebKit/537.36 (KHTML, like Gecko) Code/1.124.2 Chrome/148.0.7778.97 Electron/42.2.0 Safari/537.36"
[2026-06-15 14:05:19] INFO: ::1 - - [15/Jun/2026:11:05:19 +0000] "GET /api/v1/provider/orders HTTP/1.1" 429 108 "http://localhost:5173/" "Mozilla/5.0 (Windows NT 10.0; Win64; x64) AppleWebKit/537.36 (KHTML, like Gecko) Code/1.124.2 Chrome/148.0.7778.97 Electron/42.2.0 Safari/537.36"
[2026-06-15 14:05:19] INFO: ::1 - - [15/Jun/2026:11:05:19 +0000] "GET /api/v1/provider/dashboard/live HTTP/1.1" 429 108 "http://localhost:5173/" "Mozilla/5.0 (Windows NT 10.0; Win64; x64) AppleWebKit/537.36 (KHTML, like Gecko) Code/1.124.2 Chrome/148.0.7778.97 Electron/42.2.0 Safari/537.36"
[2026-06-15 14:05:19] INFO: ::1 - - [15/Jun/2026:11:05:19 +0000] "GET /api/v1/provider/dashboard HTTP/1.1" 429 108 "http://localhost:5173/" "Mozilla/5.0 (Windows NT 10.0; Win64; x64) AppleWebKit/537.36 (KHTML, like Gecko) Code/1.124.2 Chrome/148.0.7778.97 Electron/42.2.0 Safari/537.36"
[2026-06-15 14:05:19] INFO: ::1 - - [15/Jun/2026:11:05:19 +0000] "GET /api/v1/provider/discounts/tiers HTTP/1.1" 429 108 "http://localhost:5173/" "Mozilla/5.0 (Windows NT 10.0; Win64; x64) AppleWebKit/537.36 (KHTML, like Gecko) Code/1.124.2 Chrome/148.0.7778.97 Electron/42.2.0 Safari/537.36"
[2026-06-15 14:05:19] INFO: ::1 - - [15/Jun/2026:11:05:19 +0000] "GET /api/v1/provider/discounts/special-entities HTTP/1.1" 429 108 "http://localhost:5173/" "Mozilla/5.0 (Windows NT 10.0; Win64; x64) AppleWebKit/537.36 (KHTML, like Gecko) Code/1.124.2 Chrome/148.0.7778.97 Electron/42.2.0 Safari/537.36"
[2026-06-15 14:05:19] INFO: ::1 - - [15/Jun/2026:11:05:19 +0000] "GET /api/v1/provider/services/categories HTTP/1.1" 429 108 "http://localhost:5173/" "Mozilla/5.0 (Windows NT 10.0; Win64; x64) AppleWebKit/537.36 (KHTML, like Gecko) Code/1.124.2 Chrome/148.0.7778.97 Electron/42.2.0 Safari/537.36"
[2026-06-15 14:05:19] INFO: ::1 - - [15/Jun/2026:11:05:19 +0000] "GET /api/v1/provider/services HTTP/1.1" 429 108 "http://localhost:5173/" "Mozilla/5.0 (Windows NT 10.0; Win64; x64) AppleWebKit/537.36 (KHTML, like Gecko) Code/1.124.2 Chrome/148.0.7778.97 Electron/42.2.0 Safari/537.36"
[2026-06-15 14:05:19] INFO: ::1 - - [15/Jun/2026:11:05:19 +0000] "GET /api/v1/provider/profile HTTP/1.1" 429 108 "http://localhost:5173/" "Mozilla/5.0 (Windows NT 10.0; Win64; x64) AppleWebKit/537.36 (KHTML, like Gecko) Code/1.124.2 Chrome/148.0.7778.97 Electron/42.2.0 Safari/537.36"
[2026-06-15 14:05:19] INFO: ::1 - - [15/Jun/2026:11:05:19 +0000] "GET /api/v1/provider/settings HTTP/1.1" 429 108 "http://localhost:5173/" "Mozilla/5.0 (Windows NT 10.0; Win64; x64) AppleWebKit/537.36 (KHTML, like Gecko) Code/1.124.2 Chrome/148.0.7778.97 Electron/42.2.0 Safari/537.36"
[2026-06-15 14:05:19] INFO: ::1 - - [15/Jun/2026:11:05:19 +0000] "GET /api/v1/provider/reviews HTTP/1.1" 429 108 "http://localhost:5173/" "Mozilla/5.0 (Windows NT 10.0; Win64; x64) AppleWebKit/537.36 (KHTML, like Gecko) Code/1.124.2 Chrome/148.0.7778.97 Electron/42.2.0 Safari/537.36"
[2026-06-15 14:05:19] INFO: ::1 - - [15/Jun/2026:11:05:19 +0000] "GET /api/v1/provider/orders HTTP/1.1" 429 108 "http://localhost:5173/" "Mozilla/5.0 (Windows NT 10.0; Win64; x64) AppleWebKit/537.36 (KHTML, like Gecko) Code/1.124.2 Chrome/148.0.7778.97 Electron/42.2.0 Safari/537.36"
[2026-06-15 14:05:19] INFO: ::1 - - [15/Jun/2026:11:05:19 +0000] "GET /api/v1/provider/dashboard HTTP/1.1" 429 108 "http://localhost:5173/" "Mozilla/5.0 (Windows NT 10.0; Win64; x64) AppleWebKit/537.36 (KHTML, like Gecko) Code/1.124.2 Chrome/148.0.7778.97 Electron/42.2.0 Safari/537.36"
[2026-06-15 14:05:19] INFO: ::1 - - [15/Jun/2026:11:05:19 +0000] "GET /api/v1/provider/discounts/tiers HTTP/1.1" 429 108 "http://localhost:5173/" "Mozilla/5.0 (Windows NT 10.0; Win64; x64) AppleWebKit/537.36 (KHTML, like Gecko) Code/1.124.2 Chrome/148.0.7778.97 Electron/42.2.0 Safari/537.36"
[2026-06-15 14:05:19] INFO: ::1 - - [15/Jun/2026:11:05:19 +0000] "GET /api/v1/provider/discounts/special-entities HTTP/1.1" 429 108 "http://localhost:5173/" "Mozilla/5.0 (Windows NT 10.0; Win64; x64) AppleWebKit/537.36 (KHTML, like Gecko) Code/1.124.2 Chrome/148.0.7778.97 Electron/42.2.0 Safari/537.36"
[2026-06-15 14:05:19] INFO: ::1 - - [15/Jun/2026:11:05:19 +0000] "GET /api/v1/provider/services/categories HTTP/1.1" 429 108 "http://localhost:5173/" "Mozilla/5.0 (Windows NT 10.0; Win64; x64) AppleWebKit/537.36 (KHTML, like Gecko) Code/1.124.2 Chrome/148.0.7778.97 Electron/42.2.0 Safari/537.36"
[2026-06-15 14:05:19] INFO: ::1 - - [15/Jun/2026:11:05:19 +0000] "GET /api/v1/provider/services HTTP/1.1" 429 108 "http://localhost:5173/" "Mozilla/5.0 (Windows NT 10.0; Win64; x64) AppleWebKit/537.36 (KHTML, like Gecko) Code/1.124.2 Chrome/148.0.7778.97 Electron/42.2.0 Safari/537.36"
[2026-06-15 14:05:19] INFO: ::1 - - [15/Jun/2026:11:05:19 +0000] "GET /api/v1/provider/profile HTTP/1.1" 429 108 "http://localhost:5173/" "Mozilla/5.0 (Windows NT 10.0; Win64; x64) AppleWebKit/537.36 (KHTML, like Gecko) Code/1.124.2 Chrome/148.0.7778.97 Electron/42.2.0 Safari/537.36"
[2026-06-15 14:05:19] INFO: ::1 - - [15/Jun/2026:11:05:19 +0000] "GET /api/v1/provider/settings HTTP/1.1" 429 108 "http://localhost:5173/" "Mozilla/5.0 (Windows NT 10.0; Win64; x64) AppleWebKit/537.36 (KHTML, like Gecko) Code/1.124.2 Chrome/148.0.7778.97 Electron/42.2.0 Safari/537.36"
[2026-06-15 14:05:19] INFO: ::1 - - [15/Jun/2026:11:05:19 +0000] "GET /api/v1/provider/dashboard/live HTTP/1.1" 429 108 "http://localhost:5173/" "Mozilla/5.0 (Windows NT 10.0; Win64; x64) AppleWebKit/537.36 (KHTML, like Gecko) Code/1.124.2 Chrome/148.0.7778.97 Electron/42.2.0 Safari/537.36"
[2026-06-15 14:05:19] INFO: ::1 - - [15/Jun/2026:11:05:19 +0000] "GET /api/v1/provider/reviews HTTP/1.1" 429 108 "http://localhost:5173/" "Mozilla/5.0 (Windows NT 10.0; Win64; x64) AppleWebKit/537.36 (KHTML, like Gecko) Code/1.124.2 Chrome/148.0.7778.97 Electron/42.2.0 Safari/537.36"
[2026-06-15 14:05:19] INFO: ::1 - - [15/Jun/2026:11:05:19 +0000] "GET /api/v1/provider/orders HTTP/1.1" 429 108 "http://localhost:5173/" "Mozilla/5.0 (Windows NT 10.0; Win64; x64) AppleWebKit/537.36 (KHTML, like Gecko) Code/1.124.2 Chrome/148.0.7778.97 Electron/42.2.0 Safari/537.36"
[2026-06-15 14:05:19] INFO: ::1 - - [15/Jun/2026:11:05:19 +0000] "GET /api/v1/provider/dashboard HTTP/1.1" 429 108 "http://localhost:5173/" "Mozilla/5.0 (Windows NT 10.0; Win64; x64) AppleWebKit/537.36 (KHTML, like Gecko) Code/1.124.2 Chrome/148.0.7778.97 Electron/42.2.0 Safari/537.36"
[2026-06-15 14:05:19] INFO: ::1 - - [15/Jun/2026:11:05:19 +0000] "GET /api/v1/provider/discounts/tiers HTTP/1.1" 429 108 "http://localhost:5173/" "Mozilla/5.0 (Windows NT 10.0; Win64; x64) AppleWebKit/537.36 (KHTML, like Gecko) Code/1.124.2 Chrome/148.0.7778.97 Electron/42.2.0 Safari/537.36"
[2026-06-15 14:05:19] INFO: ::1 - - [15/Jun/2026:11:05:19 +0000] "GET /api/v1/provider/discounts/special-entities HTTP/1.1" 429 108 "http://localhost:5173/" "Mozilla/5.0 (Windows NT 10.0; Win64; x64) AppleWebKit/537.36 (KHTML, like Gecko) Code/1.124.2 Chrome/148.0.7778.97 Electron/42.2.0 Safari/537.36"
[2026-06-15 14:05:19] INFO: ::1 - - [15/Jun/2026:11:05:19 +0000] "GET /api/v1/provider/services/categories HTTP/1.1" 429 108 "http://localhost:5173/" "Mozilla/5.0 (Windows NT 10.0; Win64; x64) AppleWebKit/537.36 (KHTML, like Gecko) Code/1.124.2 Chrome/148.0.7778.97 Electron/42.2.0 Safari/537.36"
[2026-06-15 14:05:19] INFO: ::1 - - [15/Jun/2026:11:05:19 +0000] "GET /api/v1/provider/services HTTP/1.1" 429 108 "http://localhost:5173/" "Mozilla/5.0 (Windows NT 10.0; Win64; x64) AppleWebKit/537.36 (KHTML, like Gecko) Code/1.124.2 Chrome/148.0.7778.97 Electron/42.2.0 Safari/537.36"
[2026-06-15 14:05:19] INFO: ::1 - - [15/Jun/2026:11:05:19 +0000] "GET /api/v1/provider/profile HTTP/1.1" 429 108 "http://localhost:5173/" "Mozilla/5.0 (Windows NT 10.0; Win64; x64) AppleWebKit/537.36 (KHTML, like Gecko) Code/1.124.2 Chrome/148.0.7778.97 Electron/42.2.0 Safari/537.36"
[2026-06-15 14:05:19] INFO: ::1 - - [15/Jun/2026:11:05:19 +0000] "GET /api/v1/provider/settings HTTP/1.1" 429 108 "http://localhost:5173/" "Mozilla/5.0 (Windows NT 10.0; Win64; x64) AppleWebKit/537.36 (KHTML, like Gecko) Code/1.124.2 Chrome/148.0.7778.97 Electron/42.2.0 Safari/537.36"
[2026-06-15 14:05:19] INFO: ::1 - - [15/Jun/2026:11:05:19 +0000] "GET /api/v1/provider/reviews HTTP/1.1" 429 108 "http://localhost:5173/" "Mozilla/5.0 (Windows NT 10.0; Win64; x64) AppleWebKit/537.36 (KHTML, like Gecko) Code/1.124.2 Chrome/148.0.7778.97 Electron/42.2.0 Safari/537.36"
[2026-06-15 14:05:25] INFO: ::1 - - [15/Jun/2026:11:05:25 +0000] "GET /api/v1/provider/orders HTTP/1.1" 429 108 "http://localhost:5173/" "Mozilla/5.0 (Windows NT 10.0; Win64; x64) AppleWebKit/537.36 (KHTML, like Gecko) Code/1.124.2 Chrome/148.0.7778.97 Electron/42.2.0 Safari/537.36"
[2026-06-15 14:05:25] INFO: ::1 - - [15/Jun/2026:11:05:25 +0000] "GET /api/v1/provider/dashboard HTTP/1.1" 429 108 "http://localhost:5173/" "Mozilla/5.0 (Windows NT 10.0; Win64; x64) AppleWebKit/537.36 (KHTML, like Gecko) Code/1.124.2 Chrome/148.0.7778.97 Electron/42.2.0 Safari/537.36"
[2026-06-15 14:05:25] INFO: ::1 - - [15/Jun/2026:11:05:25 +0000] "GET /api/v1/provider/discounts/tiers HTTP/1.1" 429 108 "http://localhost:5173/" "Mozilla/5.0 (Windows NT 10.0; Win64; x64) AppleWebKit/537.36 (KHTML, like Gecko) Code/1.124.2 Chrome/148.0.7778.97 Electron/42.2.0 Safari/537.36"
[2026-06-15 14:05:25] INFO: ::1 - - [15/Jun/2026:11:05:25 +0000] "GET /api/v1/provider/discounts/special-entities HTTP/1.1" 429 108 "http://localhost:5173/" "Mozilla/5.0 (Windows NT 10.0; Win64; x64) AppleWebKit/537.36 (KHTML, like Gecko) Code/1.124.2 Chrome/148.0.7778.97 Electron/42.2.0 Safari/537.36"
[2026-06-15 14:05:25] INFO: ::1 - - [15/Jun/2026:11:05:25 +0000] "GET /api/v1/provider/dashboard/live HTTP/1.1" 429 108 "http://localhost:5173/" "Mozilla/5.0 (Windows NT 10.0; Win64; x64) AppleWebKit/537.36 (KHTML, like Gecko) Code/1.124.2 Chrome/148.0.7778.97 Electron/42.2.0 Safari/537.36"
[2026-06-15 14:05:25] INFO: ::1 - - [15/Jun/2026:11:05:25 +0000] "GET /api/v1/provider/services/categories HTTP/1.1" 429 108 "http://localhost:5173/" "Mozilla/5.0 (Windows NT 10.0; Win64; x64) AppleWebKit/537.36 (KHTML, like Gecko) Code/1.124.2 Chrome/148.0.7778.97 Electron/42.2.0 Safari/537.36"
[2026-06-15 14:05:25] INFO: ::1 - - [15/Jun/2026:11:05:25 +0000] "GET /api/v1/provider/services HTTP/1.1" 429 108 "http://localhost:5173/" "Mozilla/5.0 (Windows NT 10.0; Win64; x64) AppleWebKit/537.36 (KHTML, like Gecko) Code/1.124.2 Chrome/148.0.7778.97 Electron/42.2.0 Safari/537.36"
[2026-06-15 14:05:25] INFO: ::1 - - [15/Jun/2026:11:05:25 +0000] "GET /api/v1/provider/profile HTTP/1.1" 429 108 "http://localhost:5173/" "Mozilla/5.0 (Windows NT 10.0; Win64; x64) AppleWebKit/537.36 (KHTML, like Gecko) Code/1.124.2 Chrome/148.0.7778.97 Electron/42.2.0 Safari/537.36"
[2026-06-15 14:05:25] INFO: ::1 - - [15/Jun/2026:11:05:25 +0000] "GET /api/v1/provider/settings HTTP/1.1" 429 108 "http://localhost:5173/" "Mozilla/5.0 (Windows NT 10.0; Win64; x64) AppleWebKit/537.36 (KHTML, like Gecko) Code/1.124.2 Chrome/148.0.7778.97 Electron/42.2.0 Safari/537.36"
[2026-06-15 14:05:25] INFO: ::1 - - [15/Jun/2026:11:05:25 +0000] "GET /api/v1/provider/reviews HTTP/1.1" 429 108 "http://localhost:5173/" "Mozilla/5.0 (Windows NT 10.0; Win64; x64) AppleWebKit/537.36 (KHTML, like Gecko) Code/1.124.2 Chrome/148.0.7778.97 Electron/42.2.0 Safari/537.36"
[2026-06-15 14:05:25] INFO: ::1 - - [15/Jun/2026:11:05:25 +0000] "GET /api/v1/provider/orders HTTP/1.1" 429 108 "http://localhost:5173/" "Mozilla/5.0 (Windows NT 10.0; Win64; x64) AppleWebKit/537.36 (KHTML, like Gecko) Code/1.124.2 Chrome/148.0.7778.97 Electron/42.2.0 Safari/537.36"
[2026-06-15 14:05:25] INFO: ::1 - - [15/Jun/2026:11:05:25 +0000] "GET /api/v1/provider/dashboard HTTP/1.1" 429 108 "http://localhost:5173/" "Mozilla/5.0 (Windows NT 10.0; Win64; x64) AppleWebKit/537.36 (KHTML, like Gecko) Code/1.124.2 Chrome/148.0.7778.97 Electron/42.2.0 Safari/537.36"
[2026-06-15 14:05:25] INFO: ::1 - - [15/Jun/2026:11:05:25 +0000] "GET /api/v1/provider/discounts/tiers HTTP/1.1" 429 108 "http://localhost:5173/" "Mozilla/5.0 (Windows NT 10.0; Win64; x64) AppleWebKit/537.36 (KHTML, like Gecko) Code/1.124.2 Chrome/148.0.7778.97 Electron/42.2.0 Safari/537.36"
[2026-06-15 14:05:25] INFO: ::1 - - [15/Jun/2026:11:05:25 +0000] "GET /api/v1/provider/discounts/special-entities HTTP/1.1" 429 108 "http://localhost:5173/" "Mozilla/5.0 (Windows NT 10.0; Win64; x64) AppleWebKit/537.36 (KHTML, like Gecko) Code/1.124.2 Chrome/148.0.7778.97 Electron/42.2.0 Safari/537.36"
[2026-06-15 14:05:25] INFO: ::1 - - [15/Jun/2026:11:05:25 +0000] "GET /api/v1/provider/services/categories HTTP/1.1" 429 108 "http://localhost:5173/" "Mozilla/5.0 (Windows NT 10.0; Win64; x64) AppleWebKit/537.36 (KHTML, like Gecko) Code/1.124.2 Chrome/148.0.7778.97 Electron/42.2.0 Safari/537.36"
[2026-06-15 14:05:25] INFO: ::1 - - [15/Jun/2026:11:05:25 +0000] "GET /api/v1/provider/services HTTP/1.1" 429 108 "http://localhost:5173/" "Mozilla/5.0 (Windows NT 10.0; Win64; x64) AppleWebKit/537.36 (KHTML, like Gecko) Code/1.124.2 Chrome/148.0.7778.97 Electron/42.2.0 Safari/537.36"
[2026-06-15 14:05:25] INFO: ::1 - - [15/Jun/2026:11:05:25 +0000] "GET /api/v1/provider/profile HTTP/1.1" 429 108 "http://localhost:5173/" "Mozilla/5.0 (Windows NT 10.0; Win64; x64) AppleWebKit/537.36 (KHTML, like Gecko) Code/1.124.2 Chrome/148.0.7778.97 Electron/42.2.0 Safari/537.36"
[2026-06-15 14:05:25] INFO: ::1 - - [15/Jun/2026:11:05:25 +0000] "GET /api/v1/provider/settings HTTP/1.1" 429 108 "http://localhost:5173/" "Mozilla/5.0 (Windows NT 10.0; Win64; x64) AppleWebKit/537.36 (KHTML, like Gecko) Code/1.124.2 Chrome/148.0.7778.97 Electron/42.2.0 Safari/537.36"
[2026-06-15 14:05:25] INFO: ::1 - - [15/Jun/2026:11:05:25 +0000] "GET /api/v1/provider/reviews HTTP/1.1" 429 108 "http://localhost:5173/" "Mozilla/5.0 (Windows NT 10.0; Win64; x64) AppleWebKit/537.36 (KHTML, like Gecko) Code/1.124.2 Chrome/148.0.7778.97 Electron/42.2.0 Safari/537.36"
[2026-06-15 14:05:51] INFO: ::1 - - [15/Jun/2026:11:05:51 +0000] "POST /api/v1/auth/login HTTP/1.1" 429 108 "http://localhost:5173/" "Mozilla/5.0 (Windows NT 10.0; Win64; x64) AppleWebKit/537.36 (KHTML, like Gecko) Code/1.124.2 Chrome/148.0.7778.97 Electron/42.2.0 Safari/537.36"
[2026-06-15 14:06:01] INFO: ::1 - - [15/Jun/2026:11:06:01 +0000] "GET /api/v1/provider/orders HTTP/1.1" 429 108 "http://localhost:5173/" "Mozilla/5.0 (Windows NT 10.0; Win64; x64) AppleWebKit/537.36 (KHTML, like Gecko) Code/1.124.2 Chrome/148.0.7778.97 Electron/42.2.0 Safari/537.36"
[2026-06-15 14:06:01] INFO: ::1 - - [15/Jun/2026:11:06:01 +0000] "GET /api/v1/provider/dashboard/live HTTP/1.1" 429 108 "http://localhost:5173/" "Mozilla/5.0 (Windows NT 10.0; Win64; x64) AppleWebKit/537.36 (KHTML, like Gecko) Code/1.124.2 Chrome/148.0.7778.97 Electron/42.2.0 Safari/537.36"
[2026-06-15 14:06:01] INFO: ::1 - - [15/Jun/2026:11:06:01 +0000] "GET /api/v1/provider/services/categories HTTP/1.1" 429 108 "http://localhost:5173/" "Mozilla/5.0 (Windows NT 10.0; Win64; x64) AppleWebKit/537.36 (KHTML, like Gecko) Code/1.124.2 Chrome/148.0.7778.97 Electron/42.2.0 Safari/537.36"
[2026-06-15 14:06:01] INFO: ::1 - - [15/Jun/2026:11:06:01 +0000] "GET /api/v1/provider/dashboard HTTP/1.1" 429 108 "http://localhost:5173/" "Mozilla/5.0 (Windows NT 10.0; Win64; x64) AppleWebKit/537.36 (KHTML, like Gecko) Code/1.124.2 Chrome/148.0.7778.97 Electron/42.2.0 Safari/537.36"
[2026-06-15 14:06:01] INFO: ::1 - - [15/Jun/2026:11:06:01 +0000] "GET /api/v1/provider/discounts/tiers HTTP/1.1" 429 108 "http://localhost:5173/" "Mozilla/5.0 (Windows NT 10.0; Win64; x64) AppleWebKit/537.36 (KHTML, like Gecko) Code/1.124.2 Chrome/148.0.7778.97 Electron/42.2.0 Safari/537.36"
[2026-06-15 14:06:01] INFO: ::1 - - [15/Jun/2026:11:06:01 +0000] "GET /api/v1/provider/discounts/special-entities HTTP/1.1" 429 108 "http://localhost:5173/" "Mozilla/5.0 (Windows NT 10.0; Win64; x64) AppleWebKit/537.36 (KHTML, like Gecko) Code/1.124.2 Chrome/148.0.7778.97 Electron/42.2.0 Safari/537.36"
[2026-06-15 14:06:01] INFO: ::1 - - [15/Jun/2026:11:06:01 +0000] "GET /api/v1/provider/services HTTP/1.1" 429 108 "http://localhost:5173/" "Mozilla/5.0 (Windows NT 10.0; Win64; x64) AppleWebKit/537.36 (KHTML, like Gecko) Code/1.124.2 Chrome/148.0.7778.97 Electron/42.2.0 Safari/537.36"
[2026-06-15 14:06:01] INFO: ::1 - - [15/Jun/2026:11:06:01 +0000] "GET /api/v1/provider/profile HTTP/1.1" 429 108 "http://localhost:5173/" "Mozilla/5.0 (Windows NT 10.0; Win64; x64) AppleWebKit/537.36 (KHTML, like Gecko) Code/1.124.2 Chrome/148.0.7778.97 Electron/42.2.0 Safari/537.36"
[2026-06-15 14:06:01] INFO: ::1 - - [15/Jun/2026:11:06:01 +0000] "GET /api/v1/provider/settings HTTP/1.1" 429 108 "http://localhost:5173/" "Mozilla/5.0 (Windows NT 10.0; Win64; x64) AppleWebKit/537.36 (KHTML, like Gecko) Code/1.124.2 Chrome/148.0.7778.97 Electron/42.2.0 Safari/537.36"
[2026-06-15 14:06:01] INFO: ::1 - - [15/Jun/2026:11:06:01 +0000] "GET /api/v1/provider/reviews HTTP/1.1" 429 108 "http://localhost:5173/" "Mozilla/5.0 (Windows NT 10.0; Win64; x64) AppleWebKit/537.36 (KHTML, like Gecko) Code/1.124.2 Chrome/148.0.7778.97 Electron/42.2.0 Safari/537.36"
[2026-06-15 14:06:01] INFO: ::1 - - [15/Jun/2026:11:06:01 +0000] "GET /api/v1/provider/orders HTTP/1.1" 429 108 "http://localhost:5173/" "Mozilla/5.0 (Windows NT 10.0; Win64; x64) AppleWebKit/537.36 (KHTML, like Gecko) Code/1.124.2 Chrome/148.0.7778.97 Electron/42.2.0 Safari/537.36"
[2026-06-15 14:06:01] INFO: ::1 - - [15/Jun/2026:11:06:01 +0000] "GET /api/v1/provider/services/categories HTTP/1.1" 429 108 "http://localhost:5173/" "Mozilla/5.0 (Windows NT 10.0; Win64; x64) AppleWebKit/537.36 (KHTML, like Gecko) Code/1.124.2 Chrome/148.0.7778.97 Electron/42.2.0 Safari/537.36"
[2026-06-15 14:06:01] INFO: ::1 - - [15/Jun/2026:11:06:01 +0000] "GET /api/v1/provider/dashboard HTTP/1.1" 429 108 "http://localhost:5173/" "Mozilla/5.0 (Windows NT 10.0; Win64; x64) AppleWebKit/537.36 (KHTML, like Gecko) Code/1.124.2 Chrome/148.0.7778.97 Electron/42.2.0 Safari/537.36"
[2026-06-15 14:06:01] INFO: ::1 - - [15/Jun/2026:11:06:01 +0000] "GET /api/v1/provider/discounts/tiers HTTP/1.1" 429 108 "http://localhost:5173/" "Mozilla/5.0 (Windows NT 10.0; Win64; x64) AppleWebKit/537.36 (KHTML, like Gecko) Code/1.124.2 Chrome/148.0.7778.97 Electron/42.2.0 Safari/537.36"
[2026-06-15 14:06:01] INFO: ::1 - - [15/Jun/2026:11:06:01 +0000] "GET /api/v1/provider/discounts/special-entities HTTP/1.1" 429 108 "http://localhost:5173/" "Mozilla/5.0 (Windows NT 10.0; Win64; x64) AppleWebKit/537.36 (KHTML, like Gecko) Code/1.124.2 Chrome/148.0.7778.97 Electron/42.2.0 Safari/537.36"
[2026-06-15 14:06:01] INFO: ::1 - - [15/Jun/2026:11:06:01 +0000] "GET /api/v1/provider/services HTTP/1.1" 429 108 "http://localhost:5173/" "Mozilla/5.0 (Windows NT 10.0; Win64; x64) AppleWebKit/537.36 (KHTML, like Gecko) Code/1.124.2 Chrome/148.0.7778.97 Electron/42.2.0 Safari/537.36"
[2026-06-15 14:06:01] INFO: ::1 - - [15/Jun/2026:11:06:01 +0000] "GET /api/v1/provider/profile HTTP/1.1" 429 108 "http://localhost:5173/" "Mozilla/5.0 (Windows NT 10.0; Win64; x64) AppleWebKit/537.36 (KHTML, like Gecko) Code/1.124.2 Chrome/148.0.7778.97 Electron/42.2.0 Safari/537.36"
[2026-06-15 14:06:01] INFO: ::1 - - [15/Jun/2026:11:06:01 +0000] "GET /api/v1/provider/settings HTTP/1.1" 429 108 "http://localhost:5173/" "Mozilla/5.0 (Windows NT 10.0; Win64; x64) AppleWebKit/537.36 (KHTML, like Gecko) Code/1.124.2 Chrome/148.0.7778.97 Electron/42.2.0 Safari/537.36"
[2026-06-15 14:06:01] INFO: ::1 - - [15/Jun/2026:11:06:01 +0000] "GET /api/v1/provider/reviews HTTP/1.1" 429 108 "http://localhost:5173/" "Mozilla/5.0 (Windows NT 10.0; Win64; x64) AppleWebKit/537.36 (KHTML, like Gecko) Code/1.124.2 Chrome/148.0.7778.97 Electron/42.2.0 Safari/537.36"
[2026-06-15 14:06:04] INFO: ::1 - - [15/Jun/2026:11:06:04 +0000] "GET /api/v1/provider/orders HTTP/1.1" 429 108 "http://localhost:5173/" "Mozilla/5.0 (Windows NT 10.0; Win64; x64) AppleWebKit/537.36 (KHTML, like Gecko) Code/1.124.2 Chrome/148.0.7778.97 Electron/42.2.0 Safari/537.36"
[2026-06-15 14:06:04] INFO: ::1 - - [15/Jun/2026:11:06:04 +0000] "GET /api/v1/provider/dashboard HTTP/1.1" 429 108 "http://localhost:5173/" "Mozilla/5.0 (Windows NT 10.0; Win64; x64) AppleWebKit/537.36 (KHTML, like Gecko) Code/1.124.2 Chrome/148.0.7778.97 Electron/42.2.0 Safari/537.36"
[2026-06-15 14:06:04] INFO: ::1 - - [15/Jun/2026:11:06:04 +0000] "GET /api/v1/provider/discounts/tiers HTTP/1.1" 429 108 "http://localhost:5173/" "Mozilla/5.0 (Windows NT 10.0; Win64; x64) AppleWebKit/537.36 (KHTML, like Gecko) Code/1.124.2 Chrome/148.0.7778.97 Electron/42.2.0 Safari/537.36"
[2026-06-15 14:06:04] INFO: ::1 - - [15/Jun/2026:11:06:04 +0000] "GET /api/v1/provider/discounts/special-entities HTTP/1.1" 429 108 "http://localhost:5173/" "Mozilla/5.0 (Windows NT 10.0; Win64; x64) AppleWebKit/537.36 (KHTML, like Gecko) Code/1.124.2 Chrome/148.0.7778.97 Electron/42.2.0 Safari/537.36"
[2026-06-15 14:06:04] INFO: ::1 - - [15/Jun/2026:11:06:04 +0000] "GET /api/v1/provider/services/categories HTTP/1.1" 429 108 "http://localhost:5173/" "Mozilla/5.0 (Windows NT 10.0; Win64; x64) AppleWebKit/537.36 (KHTML, like Gecko) Code/1.124.2 Chrome/148.0.7778.97 Electron/42.2.0 Safari/537.36"
[2026-06-15 14:06:04] INFO: ::1 - - [15/Jun/2026:11:06:04 +0000] "GET /api/v1/provider/dashboard/live HTTP/1.1" 429 108 "http://localhost:5173/" "Mozilla/5.0 (Windows NT 10.0; Win64; x64) AppleWebKit/537.36 (KHTML, like Gecko) Code/1.124.2 Chrome/148.0.7778.97 Electron/42.2.0 Safari/537.36"
[2026-06-15 14:06:04] INFO: ::1 - - [15/Jun/2026:11:06:04 +0000] "GET /api/v1/provider/services HTTP/1.1" 429 108 "http://localhost:5173/" "Mozilla/5.0 (Windows NT 10.0; Win64; x64) AppleWebKit/537.36 (KHTML, like Gecko) Code/1.124.2 Chrome/148.0.7778.97 Electron/42.2.0 Safari/537.36"
[2026-06-15 14:06:04] INFO: ::1 - - [15/Jun/2026:11:06:04 +0000] "GET /api/v1/provider/profile HTTP/1.1" 429 108 "http://localhost:5173/" "Mozilla/5.0 (Windows NT 10.0; Win64; x64) AppleWebKit/537.36 (KHTML, like Gecko) Code/1.124.2 Chrome/148.0.7778.97 Electron/42.2.0 Safari/537.36"
[2026-06-15 14:06:04] INFO: ::1 - - [15/Jun/2026:11:06:04 +0000] "GET /api/v1/provider/settings HTTP/1.1" 429 108 "http://localhost:5173/" "Mozilla/5.0 (Windows NT 10.0; Win64; x64) AppleWebKit/537.36 (KHTML, like Gecko) Code/1.124.2 Chrome/148.0.7778.97 Electron/42.2.0 Safari/537.36"
[2026-06-15 14:06:04] INFO: ::1 - - [15/Jun/2026:11:06:04 +0000] "GET /api/v1/provider/reviews HTTP/1.1" 429 108 "http://localhost:5173/" "Mozilla/5.0 (Windows NT 10.0; Win64; x64) AppleWebKit/537.36 (KHTML, like Gecko) Code/1.124.2 Chrome/148.0.7778.97 Electron/42.2.0 Safari/537.36"
[2026-06-15 14:06:04] INFO: ::1 - - [15/Jun/2026:11:06:04 +0000] "GET /api/v1/provider/orders HTTP/1.1" 429 108 "http://localhost:5173/" "Mozilla/5.0 (Windows NT 10.0; Win64; x64) AppleWebKit/537.36 (KHTML, like Gecko) Code/1.124.2 Chrome/148.0.7778.97 Electron/42.2.0 Safari/537.36"
[2026-06-15 14:06:04] INFO: ::1 - - [15/Jun/2026:11:06:04 +0000] "GET /api/v1/provider/dashboard HTTP/1.1" 429 108 "http://localhost:5173/" "Mozilla/5.0 (Windows NT 10.0; Win64; x64) AppleWebKit/537.36 (KHTML, like Gecko) Code/1.124.2 Chrome/148.0.7778.97 Electron/42.2.0 Safari/537.36"
[2026-06-15 14:06:04] INFO: ::1 - - [15/Jun/2026:11:06:04 +0000] "GET /api/v1/provider/discounts/tiers HTTP/1.1" 429 108 "http://localhost:5173/" "Mozilla/5.0 (Windows NT 10.0; Win64; x64) AppleWebKit/537.36 (KHTML, like Gecko) Code/1.124.2 Chrome/148.0.7778.97 Electron/42.2.0 Safari/537.36"
[2026-06-15 14:06:04] INFO: ::1 - - [15/Jun/2026:11:06:04 +0000] "GET /api/v1/provider/discounts/special-entities HTTP/1.1" 429 108 "http://localhost:5173/" "Mozilla/5.0 (Windows NT 10.0; Win64; x64) AppleWebKit/537.36 (KHTML, like Gecko) Code/1.124.2 Chrome/148.0.7778.97 Electron/42.2.0 Safari/537.36"
[2026-06-15 14:06:04] INFO: ::1 - - [15/Jun/2026:11:06:04 +0000] "GET /api/v1/provider/services/categories HTTP/1.1" 429 108 "http://localhost:5173/" "Mozilla/5.0 (Windows NT 10.0; Win64; x64) AppleWebKit/537.36 (KHTML, like Gecko) Code/1.124.2 Chrome/148.0.7778.97 Electron/42.2.0 Safari/537.36"
[2026-06-15 14:06:04] INFO: ::1 - - [15/Jun/2026:11:06:04 +0000] "GET /api/v1/provider/services HTTP/1.1" 429 108 "http://localhost:5173/" "Mozilla/5.0 (Windows NT 10.0; Win64; x64) AppleWebKit/537.36 (KHTML, like Gecko) Code/1.124.2 Chrome/148.0.7778.97 Electron/42.2.0 Safari/537.36"
[2026-06-15 14:06:04] INFO: ::1 - - [15/Jun/2026:11:06:04 +0000] "GET /api/v1/provider/profile HTTP/1.1" 429 108 "http://localhost:5173/" "Mozilla/5.0 (Windows NT 10.0; Win64; x64) AppleWebKit/537.36 (KHTML, like Gecko) Code/1.124.2 Chrome/148.0.7778.97 Electron/42.2.0 Safari/537.36"
[2026-06-15 14:06:04] INFO: ::1 - - [15/Jun/2026:11:06:04 +0000] "GET /api/v1/provider/settings HTTP/1.1" 429 108 "http://localhost:5173/" "Mozilla/5.0 (Windows NT 10.0; Win64; x64) AppleWebKit/537.36 (KHTML, like Gecko) Code/1.124.2 Chrome/148.0.7778.97 Electron/42.2.0 Safari/537.36"
[2026-06-15 14:06:04] INFO: ::1 - - [15/Jun/2026:11:06:04 +0000] "GET /api/v1/provider/reviews HTTP/1.1" 429 108 "http://localhost:5173/" "Mozilla/5.0 (Windows NT 10.0; Win64; x64) AppleWebKit/537.36 (KHTML, like Gecko) Code/1.124.2 Chrome/148.0.7778.97 Electron/42.2.0 Safari/537.36"
[2026-06-15 14:08:29] INFO: 
SIGINT received. Shutting down gracefully...
[2026-06-15 14:08:37] INFO: 
         claenovy API SERVER
   Status  : Running
   Port    : 3000
   Env     : development
   Version : v1
      
[2026-06-15 14:09:06] INFO: ::1 - - [15/Jun/2026:11:09:06 +0000] "GET /api/v1/provider/dashboard/live HTTP/1.1" 401 90 "http://localhost:5173/" "Mozilla/5.0 (Windows NT 10.0; Win64; x64) AppleWebKit/537.36 (KHTML, like Gecko) Chrome/149.0.0.0 Safari/537.36 Edg/149.0.0.0"
[2026-06-15 14:09:07] INFO: ::1 - - [15/Jun/2026:11:09:07 +0000] "GET /api/v1/provider/discounts/tiers HTTP/1.1" 304 - "http://localhost:5173/" "Mozilla/5.0 (Windows NT 10.0; Win64; x64) AppleWebKit/537.36 (KHTML, like Gecko) Chrome/149.0.0.0 Safari/537.36 Edg/149.0.0.0"
[2026-06-15 14:09:07] INFO: ::1 - - [15/Jun/2026:11:09:07 +0000] "GET /api/v1/provider/profile HTTP/1.1" 304 - "http://localhost:5173/" "Mozilla/5.0 (Windows NT 10.0; Win64; x64) AppleWebKit/537.36 (KHTML, like Gecko) Chrome/149.0.0.0 Safari/537.36 Edg/149.0.0.0"
[2026-06-15 14:09:07] INFO: ::1 - - [15/Jun/2026:11:09:07 +0000] "GET /api/v1/provider/dashboard HTTP/1.1" 304 - "http://localhost:5173/" "Mozilla/5.0 (Windows NT 10.0; Win64; x64) AppleWebKit/537.36 (KHTML, like Gecko) Chrome/149.0.0.0 Safari/537.36 Edg/149.0.0.0"
[2026-06-15 14:09:07] INFO: ::1 - - [15/Jun/2026:11:09:07 +0000] "GET /api/v1/provider/services/categories HTTP/1.1" 304 - "http://localhost:5173/" "Mozilla/5.0 (Windows NT 10.0; Win64; x64) AppleWebKit/537.36 (KHTML, like Gecko) Chrome/149.0.0.0 Safari/537.36 Edg/149.0.0.0"
[2026-06-15 14:09:08] INFO: ::1 - - [15/Jun/2026:11:09:08 +0000] "GET /api/v1/provider/settings HTTP/1.1" 304 - "http://localhost:5173/" "Mozilla/5.0 (Windows NT 10.0; Win64; x64) AppleWebKit/537.36 (KHTML, like Gecko) Chrome/149.0.0.0 Safari/537.36 Edg/149.0.0.0"
[2026-06-15 14:09:08] INFO: ::1 - - [15/Jun/2026:11:09:08 +0000] "GET /api/v1/provider/services HTTP/1.1" 304 - "http://localhost:5173/" "Mozilla/5.0 (Windows NT 10.0; Win64; x64) AppleWebKit/537.36 (KHTML, like Gecko) Chrome/149.0.0.0 Safari/537.36 Edg/149.0.0.0"
[2026-06-15 14:09:08] INFO: ::1 - - [15/Jun/2026:11:09:08 +0000] "GET /api/v1/provider/reviews HTTP/1.1" 200 2204 "http://localhost:5173/" "Mozilla/5.0 (Windows NT 10.0; Win64; x64) AppleWebKit/537.36 (KHTML, like Gecko) Chrome/149.0.0.0 Safari/537.36 Edg/149.0.0.0"
[2026-06-15 14:09:08] INFO: ::1 - - [15/Jun/2026:11:09:08 +0000] "GET /api/v1/provider/discounts/tiers HTTP/1.1" 304 - "http://localhost:5173/" "Mozilla/5.0 (Windows NT 10.0; Win64; x64) AppleWebKit/537.36 (KHTML, like Gecko) Chrome/149.0.0.0 Safari/537.36 Edg/149.0.0.0"
[2026-06-15 14:09:09] INFO: ::1 - - [15/Jun/2026:11:09:09 +0000] "GET /api/v1/provider/profile HTTP/1.1" 304 - "http://localhost:5173/" "Mozilla/5.0 (Windows NT 10.0; Win64; x64) AppleWebKit/537.36 (KHTML, like Gecko) Chrome/149.0.0.0 Safari/537.36 Edg/149.0.0.0"
[2026-06-15 14:09:09] INFO: ::1 - - [15/Jun/2026:11:09:09 +0000] "GET /api/v1/provider/settings HTTP/1.1" 304 - "http://localhost:5173/" "Mozilla/5.0 (Windows NT 10.0; Win64; x64) AppleWebKit/537.36 (KHTML, like Gecko) Chrome/149.0.0.0 Safari/537.36 Edg/149.0.0.0"
[2026-06-15 14:09:09] INFO: ::1 - - [15/Jun/2026:11:09:09 +0000] "GET /api/v1/provider/discounts/special-entities HTTP/1.1" 304 - "http://localhost:5173/" "Mozilla/5.0 (Windows NT 10.0; Win64; x64) AppleWebKit/537.36 (KHTML, like Gecko) Chrome/149.0.0.0 Safari/537.36 Edg/149.0.0.0"
[2026-06-15 14:09:09] INFO: ::1 - - [15/Jun/2026:11:09:09 +0000] "GET /api/v1/provider/orders HTTP/1.1" 304 - "http://localhost:5173/" "Mozilla/5.0 (Windows NT 10.0; Win64; x64) AppleWebKit/537.36 (KHTML, like Gecko) Chrome/149.0.0.0 Safari/537.36 Edg/149.0.0.0"
[2026-06-15 14:09:09] INFO: ::1 - - [15/Jun/2026:11:09:09 +0000] "GET /api/v1/provider/dashboard HTTP/1.1" 304 - "http://localhost:5173/" "Mozilla/5.0 (Windows NT 10.0; Win64; x64) AppleWebKit/537.36 (KHTML, like Gecko) Chrome/149.0.0.0 Safari/537.36 Edg/149.0.0.0"
[2026-06-15 14:09:10] INFO: ::1 - - [15/Jun/2026:11:09:10 +0000] "GET /api/v1/provider/services/categories HTTP/1.1" 304 - "http://localhost:5173/" "Mozilla/5.0 (Windows NT 10.0; Win64; x64) AppleWebKit/537.36 (KHTML, like Gecko) Chrome/149.0.0.0 Safari/537.36 Edg/149.0.0.0"
[2026-06-15 14:09:10] INFO: ::1 - - [15/Jun/2026:11:09:10 +0000] "GET /api/v1/provider/services HTTP/1.1" 304 - "http://localhost:5173/" "Mozilla/5.0 (Windows NT 10.0; Win64; x64) AppleWebKit/537.36 (KHTML, like Gecko) Chrome/149.0.0.0 Safari/537.36 Edg/149.0.0.0"
[2026-06-15 14:09:10] INFO: ::1 - - [15/Jun/2026:11:09:10 +0000] "GET /api/v1/provider/reviews HTTP/1.1" 304 - "http://localhost:5173/" "Mozilla/5.0 (Windows NT 10.0; Win64; x64) AppleWebKit/537.36 (KHTML, like Gecko) Chrome/149.0.0.0 Safari/537.36 Edg/149.0.0.0"
[2026-06-15 14:09:10] INFO: ::1 - - [15/Jun/2026:11:09:10 +0000] "GET /api/v1/provider/discounts/special-entities HTTP/1.1" 304 - "http://localhost:5173/" "Mozilla/5.0 (Windows NT 10.0; Win64; x64) AppleWebKit/537.36 (KHTML, like Gecko) Chrome/149.0.0.0 Safari/537.36 Edg/149.0.0.0"
[2026-06-15 14:09:10] INFO: ::1 - - [15/Jun/2026:11:09:10 +0000] "GET /api/v1/provider/orders HTTP/1.1" 304 - "http://localhost:5173/" "Mozilla/5.0 (Windows NT 10.0; Win64; x64) AppleWebKit/537.36 (KHTML, like Gecko) Chrome/149.0.0.0 Safari/537.36 Edg/149.0.0.0"
[2026-06-15 14:09:14] INFO: ::1 - - [15/Jun/2026:11:09:14 +0000] "GET /api/v1/provider/orders/6a259bb48cbe7ff7f756417d HTTP/1.1" 200 3216 "http://localhost:5173/" "Mozilla/5.0 (Windows NT 10.0; Win64; x64) AppleWebKit/537.36 (KHTML, like Gecko) Chrome/149.0.0.0 Safari/537.36 Edg/149.0.0.0"
[2026-06-15 14:09:16] INFO: ::1 - - [15/Jun/2026:11:09:16 +0000] "GET /api/v1/provider/orders/6a259bb48cbe7ff7f756417d HTTP/1.1" 304 - "http://localhost:5173/" "Mozilla/5.0 (Windows NT 10.0; Win64; x64) AppleWebKit/537.36 (KHTML, like Gecko) Chrome/149.0.0.0 Safari/537.36 Edg/149.0.0.0"
[2026-06-15 14:09:18] INFO: ::1 - - [15/Jun/2026:11:09:18 +0000] "GET /api/v1/provider/orders/6a259bb48cbe7ff7f756417d HTTP/1.1" 304 - "http://localhost:5173/" "Mozilla/5.0 (Windows NT 10.0; Win64; x64) AppleWebKit/537.36 (KHTML, like Gecko) Chrome/149.0.0.0 Safari/537.36 Edg/149.0.0.0"
[2026-06-15 14:09:28] INFO: ::1 - - [15/Jun/2026:11:09:28 +0000] "GET /api/v1/provider/orders/6a2694d950653555e6062a4a HTTP/1.1" 200 591 "http://localhost:5173/" "Mozilla/5.0 (Windows NT 10.0; Win64; x64) AppleWebKit/537.36 (KHTML, like Gecko) Chrome/149.0.0.0 Safari/537.36 Edg/149.0.0.0"
[2026-06-15 14:09:31] INFO: ::1 - - [15/Jun/2026:11:09:31 +0000] "GET /api/v1/provider/orders/6a2fc4997f275be6370cb9c7 HTTP/1.1" 200 623 "http://localhost:5173/" "Mozilla/5.0 (Windows NT 10.0; Win64; x64) AppleWebKit/537.36 (KHTML, like Gecko) Chrome/149.0.0.0 Safari/537.36 Edg/149.0.0.0"
[2026-06-15 14:09:34] INFO: ::1 - - [15/Jun/2026:11:09:34 +0000] "GET /api/v1/provider/orders/6a259bb48cbe7ff7f756417d HTTP/1.1" 304 - "http://localhost:5173/" "Mozilla/5.0 (Windows NT 10.0; Win64; x64) AppleWebKit/537.36 (KHTML, like Gecko) Chrome/149.0.0.0 Safari/537.36 Edg/149.0.0.0"
[2026-06-15 14:09:48] INFO: ::1 - - [15/Jun/2026:11:09:48 +0000] "GET /api/v1/provider/orders/6a27c670f7a830d27ba20391 HTTP/1.1" 200 817 "http://localhost:5173/" "Mozilla/5.0 (Windows NT 10.0; Win64; x64) AppleWebKit/537.36 (KHTML, like Gecko) Chrome/149.0.0.0 Safari/537.36 Edg/149.0.0.0"
[2026-06-15 14:09:51] INFO: ::1 - - [15/Jun/2026:11:09:51 +0000] "GET /api/v1/provider/orders/6a27c97ff7a830d27ba20396 HTTP/1.1" 200 788 "http://localhost:5173/" "Mozilla/5.0 (Windows NT 10.0; Win64; x64) AppleWebKit/537.36 (KHTML, like Gecko) Chrome/149.0.0.0 Safari/537.36 Edg/149.0.0.0"
[2026-06-15 14:09:53] INFO: ::1 - - [15/Jun/2026:11:09:53 +0000] "GET /api/v1/provider/orders/6a2fc4997f275be6370cb9c7 HTTP/1.1" 304 - "http://localhost:5173/" "Mozilla/5.0 (Windows NT 10.0; Win64; x64) AppleWebKit/537.36 (KHTML, like Gecko) Chrome/149.0.0.0 Safari/537.36 Edg/149.0.0.0"
[2026-06-15 14:09:56] INFO: ::1 - - [15/Jun/2026:11:09:56 +0000] "GET /api/v1/provider/orders/6a2694d950653555e6062a4a HTTP/1.1" 304 - "http://localhost:5173/" "Mozilla/5.0 (Windows NT 10.0; Win64; x64) AppleWebKit/537.36 (KHTML, like Gecko) Chrome/149.0.0.0 Safari/537.36 Edg/149.0.0.0"
[2026-06-15 14:09:59] INFO: ::1 - - [15/Jun/2026:11:09:59 +0000] "GET /api/v1/provider/orders/6a259bb48cbe7ff7f756417d HTTP/1.1" 304 - "http://localhost:5173/" "Mozilla/5.0 (Windows NT 10.0; Win64; x64) AppleWebKit/537.36 (KHTML, like Gecko) Chrome/149.0.0.0 Safari/537.36 Edg/149.0.0.0"
[2026-06-15 14:10:10] INFO: ::1 - - [15/Jun/2026:11:10:10 +0000] "GET /api/v1/provider/orders/6a259bb48cbe7ff7f756417d HTTP/1.1" 304 - "http://localhost:5173/" "Mozilla/5.0 (Windows NT 10.0; Win64; x64) AppleWebKit/537.36 (KHTML, like Gecko) Chrome/149.0.0.0 Safari/537.36 Edg/149.0.0.0"
[2026-06-15 14:10:12] INFO: ::1 - - [15/Jun/2026:11:10:12 +0000] "GET /api/v1/provider/orders/6a259bb48cbe7ff7f756417d HTTP/1.1" 304 - "http://localhost:5173/" "Mozilla/5.0 (Windows NT 10.0; Win64; x64) AppleWebKit/537.36 (KHTML, like Gecko) Chrome/149.0.0.0 Safari/537.36 Edg/149.0.0.0"
[2026-06-15 14:10:14] INFO: ::1 - - [15/Jun/2026:11:10:14 +0000] "GET /api/v1/provider/orders/6a259bb48cbe7ff7f756417d HTTP/1.1" 304 - "http://localhost:5173/" "Mozilla/5.0 (Windows NT 10.0; Win64; x64) AppleWebKit/537.36 (KHTML, like Gecko) Chrome/149.0.0.0 Safari/537.36 Edg/149.0.0.0"
[2026-06-15 14:10:16] INFO: ::1 - - [15/Jun/2026:11:10:16 +0000] "GET /api/v1/provider/orders/6a259bb48cbe7ff7f756417d HTTP/1.1" 304 - "http://localhost:5173/" "Mozilla/5.0 (Windows NT 10.0; Win64; x64) AppleWebKit/537.36 (KHTML, like Gecko) Chrome/149.0.0.0 Safari/537.36 Edg/149.0.0.0"
[2026-06-15 14:10:55] INFO: ::1 - - [15/Jun/2026:11:10:55 +0000] "GET /api/v1/provider/orders/6a259bb48cbe7ff7f756417d HTTP/1.1" 304 - "http://localhost:5173/" "Mozilla/5.0 (Windows NT 10.0; Win64; x64) AppleWebKit/537.36 (KHTML, like Gecko) Chrome/149.0.0.0 Safari/537.36 Edg/149.0.0.0"
[2026-06-15 14:10:57] INFO: ::1 - - [15/Jun/2026:11:10:57 +0000] "GET /api/v1/provider/orders/6a259bb48cbe7ff7f756417d HTTP/1.1" 304 - "http://localhost:5173/" "Mozilla/5.0 (Windows NT 10.0; Win64; x64) AppleWebKit/537.36 (KHTML, like Gecko) Chrome/149.0.0.0 Safari/537.36 Edg/149.0.0.0"
[2026-06-15 14:11:21] INFO: ::1 - - [15/Jun/2026:11:11:21 +0000] "GET /api/v1/provider/orders/6a259bb48cbe7ff7f756417d HTTP/1.1" 304 - "http://localhost:5173/" "Mozilla/5.0 (Windows NT 10.0; Win64; x64) AppleWebKit/537.36 (KHTML, like Gecko) Chrome/149.0.0.0 Safari/537.36 Edg/149.0.0.0"
[2026-06-15 14:11:23] INFO: ::1 - - [15/Jun/2026:11:11:23 +0000] "GET /api/v1/provider/orders/6a259bb48cbe7ff7f756417d HTTP/1.1" 304 - "http://localhost:5173/" "Mozilla/5.0 (Windows NT 10.0; Win64; x64) AppleWebKit/537.36 (KHTML, like Gecko) Chrome/149.0.0.0 Safari/537.36 Edg/149.0.0.0"
[2026-06-15 14:12:23] INFO: 
         claenovy API SERVER
   Status  : Running
   Port    : 3000
   Env     : development
   Version : v1
      
[2026-06-15 14:12:37] INFO: ::1 - - [15/Jun/2026:11:12:37 +0000] "GET /api/v1/provider/orders/6a259bb48cbe7ff7f756417d HTTP/1.1" 404 56 "http://localhost:5173/" "Mozilla/5.0 (Windows NT 10.0; Win64; x64) AppleWebKit/537.36 (KHTML, like Gecko) Chrome/149.0.0.0 Safari/537.36 Edg/149.0.0.0"
[2026-06-15 14:12:38] INFO: ::1 - - [15/Jun/2026:11:12:38 +0000] "GET /api/v1/provider/orders/6a2694d950653555e6062a4a HTTP/1.1" 404 56 "http://localhost:5173/" "Mozilla/5.0 (Windows NT 10.0; Win64; x64) AppleWebKit/537.36 (KHTML, like Gecko) Chrome/149.0.0.0 Safari/537.36 Edg/149.0.0.0"
[2026-06-15 14:12:41] INFO: ::1 - - [15/Jun/2026:11:12:41 +0000] "GET /api/v1/provider/orders/6a259bb48cbe7ff7f756417d HTTP/1.1" 404 56 "http://localhost:5173/" "Mozilla/5.0 (Windows NT 10.0; Win64; x64) AppleWebKit/537.36 (KHTML, like Gecko) Chrome/149.0.0.0 Safari/537.36 Edg/149.0.0.0"
[2026-06-15 14:12:43] INFO: ::1 - - [15/Jun/2026:11:12:43 +0000] "GET /api/v1/provider/dashboard/live HTTP/1.1" 401 90 "http://localhost:5173/" "Mozilla/5.0 (Windows NT 10.0; Win64; x64) AppleWebKit/537.36 (KHTML, like Gecko) Chrome/149.0.0.0 Safari/537.36 Edg/149.0.0.0"
[2026-06-15 14:12:44] INFO: ::1 - - [15/Jun/2026:11:12:44 +0000] "GET /api/v1/provider/orders HTTP/1.1" 200 40 "http://localhost:5173/" "Mozilla/5.0 (Windows NT 10.0; Win64; x64) AppleWebKit/537.36 (KHTML, like Gecko) Chrome/149.0.0.0 Safari/537.36 Edg/149.0.0.0"
[2026-06-15 14:12:44] INFO: ::1 - - [15/Jun/2026:11:12:44 +0000] "GET /api/v1/provider/discounts/tiers HTTP/1.1" 304 - "http://localhost:5173/" "Mozilla/5.0 (Windows NT 10.0; Win64; x64) AppleWebKit/537.36 (KHTML, like Gecko) Chrome/149.0.0.0 Safari/537.36 Edg/149.0.0.0"
[2026-06-15 14:12:44] INFO: ::1 - - [15/Jun/2026:11:12:44 +0000] "GET /api/v1/provider/discounts/special-entities HTTP/1.1" 304 - "http://localhost:5173/" "Mozilla/5.0 (Windows NT 10.0; Win64; x64) AppleWebKit/537.36 (KHTML, like Gecko) Chrome/149.0.0.0 Safari/537.36 Edg/149.0.0.0"
[2026-06-15 14:12:44] INFO: ::1 - - [15/Jun/2026:11:12:44 +0000] "GET /api/v1/provider/services HTTP/1.1" 304 - "http://localhost:5173/" "Mozilla/5.0 (Windows NT 10.0; Win64; x64) AppleWebKit/537.36 (KHTML, like Gecko) Chrome/149.0.0.0 Safari/537.36 Edg/149.0.0.0"
[2026-06-15 14:12:44] INFO: ::1 - - [15/Jun/2026:11:12:44 +0000] "GET /api/v1/provider/settings HTTP/1.1" 304 - "http://localhost:5173/" "Mozilla/5.0 (Windows NT 10.0; Win64; x64) AppleWebKit/537.36 (KHTML, like Gecko) Chrome/149.0.0.0 Safari/537.36 Edg/149.0.0.0"
[2026-06-15 14:12:44] INFO: ::1 - - [15/Jun/2026:11:12:44 +0000] "GET /api/v1/provider/dashboard HTTP/1.1" 304 - "http://localhost:5173/" "Mozilla/5.0 (Windows NT 10.0; Win64; x64) AppleWebKit/537.36 (KHTML, like Gecko) Chrome/149.0.0.0 Safari/537.36 Edg/149.0.0.0"
[2026-06-15 14:12:45] INFO: ::1 - - [15/Jun/2026:11:12:45 +0000] "GET /api/v1/provider/reviews HTTP/1.1" 304 - "http://localhost:5173/" "Mozilla/5.0 (Windows NT 10.0; Win64; x64) AppleWebKit/537.36 (KHTML, like Gecko) Chrome/149.0.0.0 Safari/537.36 Edg/149.0.0.0"
[2026-06-15 14:12:45] INFO: ::1 - - [15/Jun/2026:11:12:45 +0000] "GET /api/v1/provider/orders HTTP/1.1" 304 - "http://localhost:5173/" "Mozilla/5.0 (Windows NT 10.0; Win64; x64) AppleWebKit/537.36 (KHTML, like Gecko) Chrome/149.0.0.0 Safari/537.36 Edg/149.0.0.0"
[2026-06-15 14:12:45] INFO: ::1 - - [15/Jun/2026:11:12:45 +0000] "GET /api/v1/provider/profile HTTP/1.1" 304 - "http://localhost:5173/" "Mozilla/5.0 (Windows NT 10.0; Win64; x64) AppleWebKit/537.36 (KHTML, like Gecko) Chrome/149.0.0.0 Safari/537.36 Edg/149.0.0.0"
[2026-06-15 14:12:45] INFO: ::1 - - [15/Jun/2026:11:12:45 +0000] "GET /api/v1/provider/discounts/tiers HTTP/1.1" 304 - "http://localhost:5173/" "Mozilla/5.0 (Windows NT 10.0; Win64; x64) AppleWebKit/537.36 (KHTML, like Gecko) Chrome/149.0.0.0 Safari/537.36 Edg/149.0.0.0"
[2026-06-15 14:12:45] INFO: ::1 - - [15/Jun/2026:11:12:45 +0000] "GET /api/v1/provider/settings HTTP/1.1" 304 - "http://localhost:5173/" "Mozilla/5.0 (Windows NT 10.0; Win64; x64) AppleWebKit/537.36 (KHTML, like Gecko) Chrome/149.0.0.0 Safari/537.36 Edg/149.0.0.0"
[2026-06-15 14:12:45] INFO: ::1 - - [15/Jun/2026:11:12:45 +0000] "GET /api/v1/provider/discounts/special-entities HTTP/1.1" 304 - "http://localhost:5173/" "Mozilla/5.0 (Windows NT 10.0; Win64; x64) AppleWebKit/537.36 (KHTML, like Gecko) Chrome/149.0.0.0 Safari/537.36 Edg/149.0.0.0"
[2026-06-15 14:12:45] INFO: ::1 - - [15/Jun/2026:11:12:45 +0000] "GET /api/v1/provider/services HTTP/1.1" 304 - "http://localhost:5173/" "Mozilla/5.0 (Windows NT 10.0; Win64; x64) AppleWebKit/537.36 (KHTML, like Gecko) Chrome/149.0.0.0 Safari/537.36 Edg/149.0.0.0"
[2026-06-15 14:12:46] INFO: ::1 - - [15/Jun/2026:11:12:46 +0000] "GET /api/v1/provider/reviews HTTP/1.1" 304 - "http://localhost:5173/" "Mozilla/5.0 (Windows NT 10.0; Win64; x64) AppleWebKit/537.36 (KHTML, like Gecko) Chrome/149.0.0.0 Safari/537.36 Edg/149.0.0.0"
[2026-06-15 14:12:46] INFO: ::1 - - [15/Jun/2026:11:12:46 +0000] "GET /api/v1/provider/dashboard HTTP/1.1" 304 - "http://localhost:5173/" "Mozilla/5.0 (Windows NT 10.0; Win64; x64) AppleWebKit/537.36 (KHTML, like Gecko) Chrome/149.0.0.0 Safari/537.36 Edg/149.0.0.0"
[2026-06-15 14:12:46] INFO: ::1 - - [15/Jun/2026:11:12:46 +0000] "GET /api/v1/provider/profile HTTP/1.1" 304 - "http://localhost:5173/" "Mozilla/5.0 (Windows NT 10.0; Win64; x64) AppleWebKit/537.36 (KHTML, like Gecko) Chrome/149.0.0.0 Safari/537.36 Edg/149.0.0.0"
[2026-06-15 14:12:47] INFO: ::1 - - [15/Jun/2026:11:12:47 +0000] "GET /api/v1/provider/services/categories HTTP/1.1" 304 - "http://localhost:5173/" "Mozilla/5.0 (Windows NT 10.0; Win64; x64) AppleWebKit/537.36 (KHTML, like Gecko) Chrome/149.0.0.0 Safari/537.36 Edg/149.0.0.0"
[2026-06-15 14:12:49] INFO: ::1 - - [15/Jun/2026:11:12:49 +0000] "GET /api/v1/provider/services/categories HTTP/1.1" 304 - "http://localhost:5173/" "Mozilla/5.0 (Windows NT 10.0; Win64; x64) AppleWebKit/537.36 (KHTML, like Gecko) Chrome/149.0.0.0 Safari/537.36 Edg/149.0.0.0"
[2026-06-15 14:12:50] INFO: ::1 - - [15/Jun/2026:11:12:50 +0000] "GET /api/v1/provider/dashboard/live HTTP/1.1" 401 90 "http://localhost:5173/" "Mozilla/5.0 (Windows NT 10.0; Win64; x64) AppleWebKit/537.36 (KHTML, like Gecko) Chrome/149.0.0.0 Safari/537.36 Edg/149.0.0.0"
[2026-06-15 14:12:51] INFO: ::1 - - [15/Jun/2026:11:12:51 +0000] "GET /api/v1/provider/orders HTTP/1.1" 304 - "http://localhost:5173/" "Mozilla/5.0 (Windows NT 10.0; Win64; x64) AppleWebKit/537.36 (KHTML, like Gecko) Chrome/149.0.0.0 Safari/537.36 Edg/149.0.0.0"
[2026-06-15 14:12:51] INFO: ::1 - - [15/Jun/2026:11:12:51 +0000] "GET /api/v1/provider/discounts/tiers HTTP/1.1" 304 - "http://localhost:5173/" "Mozilla/5.0 (Windows NT 10.0; Win64; x64) AppleWebKit/537.36 (KHTML, like Gecko) Chrome/149.0.0.0 Safari/537.36 Edg/149.0.0.0"
[2026-06-15 14:12:51] INFO: ::1 - - [15/Jun/2026:11:12:51 +0000] "GET /api/v1/provider/discounts/special-entities HTTP/1.1" 304 - "http://localhost:5173/" "Mozilla/5.0 (Windows NT 10.0; Win64; x64) AppleWebKit/537.36 (KHTML, like Gecko) Chrome/149.0.0.0 Safari/537.36 Edg/149.0.0.0"
[2026-06-15 14:12:51] INFO: ::1 - - [15/Jun/2026:11:12:51 +0000] "GET /api/v1/provider/services HTTP/1.1" 304 - "http://localhost:5173/" "Mozilla/5.0 (Windows NT 10.0; Win64; x64) AppleWebKit/537.36 (KHTML, like Gecko) Chrome/149.0.0.0 Safari/537.36 Edg/149.0.0.0"
[2026-06-15 14:12:51] INFO: ::1 - - [15/Jun/2026:11:12:51 +0000] "GET /api/v1/provider/settings HTTP/1.1" 304 - "http://localhost:5173/" "Mozilla/5.0 (Windows NT 10.0; Win64; x64) AppleWebKit/537.36 (KHTML, like Gecko) Chrome/149.0.0.0 Safari/537.36 Edg/149.0.0.0"
[2026-06-15 14:12:51] INFO: ::1 - - [15/Jun/2026:11:12:51 +0000] "GET /api/v1/provider/services/categories HTTP/1.1" 304 - "http://localhost:5173/" "Mozilla/5.0 (Windows NT 10.0; Win64; x64) AppleWebKit/537.36 (KHTML, like Gecko) Chrome/149.0.0.0 Safari/537.36 Edg/149.0.0.0"
[2026-06-15 14:12:51] INFO: ::1 - - [15/Jun/2026:11:12:51 +0000] "GET /api/v1/provider/dashboard HTTP/1.1" 304 - "http://localhost:5173/" "Mozilla/5.0 (Windows NT 10.0; Win64; x64) AppleWebKit/537.36 (KHTML, like Gecko) Chrome/149.0.0.0 Safari/537.36 Edg/149.0.0.0"
[2026-06-15 14:12:51] INFO: ::1 - - [15/Jun/2026:11:12:51 +0000] "GET /api/v1/provider/reviews HTTP/1.1" 304 - "http://localhost:5173/" "Mozilla/5.0 (Windows NT 10.0; Win64; x64) AppleWebKit/537.36 (KHTML, like Gecko) Chrome/149.0.0.0 Safari/537.36 Edg/149.0.0.0"
[2026-06-15 14:12:51] INFO: ::1 - - [15/Jun/2026:11:12:51 +0000] "GET /api/v1/provider/orders HTTP/1.1" 304 - "http://localhost:5173/" "Mozilla/5.0 (Windows NT 10.0; Win64; x64) AppleWebKit/537.36 (KHTML, like Gecko) Chrome/149.0.0.0 Safari/537.36 Edg/149.0.0.0"
[2026-06-15 14:12:52] INFO: ::1 - - [15/Jun/2026:11:12:52 +0000] "GET /api/v1/provider/profile HTTP/1.1" 304 - "http://localhost:5173/" "Mozilla/5.0 (Windows NT 10.0; Win64; x64) AppleWebKit/537.36 (KHTML, like Gecko) Chrome/149.0.0.0 Safari/537.36 Edg/149.0.0.0"
[2026-06-15 14:12:52] INFO: ::1 - - [15/Jun/2026:11:12:52 +0000] "GET /api/v1/provider/discounts/tiers HTTP/1.1" 304 - "http://localhost:5173/" "Mozilla/5.0 (Windows NT 10.0; Win64; x64) AppleWebKit/537.36 (KHTML, like Gecko) Chrome/149.0.0.0 Safari/537.36 Edg/149.0.0.0"
[2026-06-15 14:12:52] INFO: ::1 - - [15/Jun/2026:11:12:52 +0000] "GET /api/v1/provider/discounts/special-entities HTTP/1.1" 304 - "http://localhost:5173/" "Mozilla/5.0 (Windows NT 10.0; Win64; x64) AppleWebKit/537.36 (KHTML, like Gecko) Chrome/149.0.0.0 Safari/537.36 Edg/149.0.0.0"
[2026-06-15 14:12:52] INFO: ::1 - - [15/Jun/2026:11:12:52 +0000] "GET /api/v1/provider/services HTTP/1.1" 304 - "http://localhost:5173/" "Mozilla/5.0 (Windows NT 10.0; Win64; x64) AppleWebKit/537.36 (KHTML, like Gecko) Chrome/149.0.0.0 Safari/537.36 Edg/149.0.0.0"
[2026-06-15 14:12:52] INFO: ::1 - - [15/Jun/2026:11:12:52 +0000] "GET /api/v1/provider/settings HTTP/1.1" 304 - "http://localhost:5173/" "Mozilla/5.0 (Windows NT 10.0; Win64; x64) AppleWebKit/537.36 (KHTML, like Gecko) Chrome/149.0.0.0 Safari/537.36 Edg/149.0.0.0"
[2026-06-15 14:12:53] INFO: ::1 - - [15/Jun/2026:11:12:53 +0000] "GET /api/v1/provider/reviews HTTP/1.1" 304 - "http://localhost:5173/" "Mozilla/5.0 (Windows NT 10.0; Win64; x64) AppleWebKit/537.36 (KHTML, like Gecko) Chrome/149.0.0.0 Safari/537.36 Edg/149.0.0.0"
[2026-06-15 14:12:53] INFO: ::1 - - [15/Jun/2026:11:12:53 +0000] "GET /api/v1/provider/services/categories HTTP/1.1" 304 - "http://localhost:5173/" "Mozilla/5.0 (Windows NT 10.0; Win64; x64) AppleWebKit/537.36 (KHTML, like Gecko) Chrome/149.0.0.0 Safari/537.36 Edg/149.0.0.0"
[2026-06-15 14:12:53] INFO: ::1 - - [15/Jun/2026:11:12:53 +0000] "GET /api/v1/provider/dashboard HTTP/1.1" 304 - "http://localhost:5173/" "Mozilla/5.0 (Windows NT 10.0; Win64; x64) AppleWebKit/537.36 (KHTML, like Gecko) Chrome/149.0.0.0 Safari/537.36 Edg/149.0.0.0"
[2026-06-15 14:12:53] INFO: ::1 - - [15/Jun/2026:11:12:53 +0000] "GET /api/v1/provider/profile HTTP/1.1" 304 - "http://localhost:5173/" "Mozilla/5.0 (Windows NT 10.0; Win64; x64) AppleWebKit/537.36 (KHTML, like Gecko) Chrome/149.0.0.0 Safari/537.36 Edg/149.0.0.0"
[2026-06-15 14:13:02] INFO: ::1 - - [15/Jun/2026:11:13:02 +0000] "GET /api/v1/provider/dashboard/live HTTP/1.1" 401 90 "http://localhost:5173/" "Mozilla/5.0 (Windows NT 10.0; Win64; x64) AppleWebKit/537.36 (KHTML, like Gecko) Chrome/149.0.0.0 Safari/537.36 Edg/149.0.0.0"
[2026-06-15 14:13:03] INFO: ::1 - - [15/Jun/2026:11:13:03 +0000] "GET /api/v1/provider/discounts/special-entities HTTP/1.1" - - "http://localhost:5173/" "Mozilla/5.0 (Windows NT 10.0; Win64; x64) AppleWebKit/537.36 (KHTML, like Gecko) Chrome/149.0.0.0 Safari/537.36 Edg/149.0.0.0"
[2026-06-15 14:13:03] INFO: ::1 - - [15/Jun/2026:11:13:03 +0000] "GET /api/v1/provider/settings HTTP/1.1" - - "http://localhost:5173/" "Mozilla/5.0 (Windows NT 10.0; Win64; x64) AppleWebKit/537.36 (KHTML, like Gecko) Chrome/149.0.0.0 Safari/537.36 Edg/149.0.0.0"
[2026-06-15 14:13:03] INFO: ::1 - - [15/Jun/2026:11:13:03 +0000] "GET /api/v1/provider/discounts/special-entities HTTP/1.1" - - "http://localhost:5173/" "Mozilla/5.0 (Windows NT 10.0; Win64; x64) AppleWebKit/537.36 (KHTML, like Gecko) Chrome/149.0.0.0 Safari/537.36 Edg/149.0.0.0"
[2026-06-15 14:13:03] INFO: ::1 - - [15/Jun/2026:11:13:03 +0000] "GET /api/v1/provider/reviews HTTP/1.1" - - "http://localhost:5173/" "Mozilla/5.0 (Windows NT 10.0; Win64; x64) AppleWebKit/537.36 (KHTML, like Gecko) Chrome/149.0.0.0 Safari/537.36 Edg/149.0.0.0"
[2026-06-15 14:13:03] INFO: ::1 - - [15/Jun/2026:11:13:03 +0000] "GET /api/v1/provider/discounts/tiers HTTP/1.1" - - "http://localhost:5173/" "Mozilla/5.0 (Windows NT 10.0; Win64; x64) AppleWebKit/537.36 (KHTML, like Gecko) Chrome/149.0.0.0 Safari/537.36 Edg/149.0.0.0"
[2026-06-15 14:13:03] INFO: ::1 - - [15/Jun/2026:11:13:03 +0000] "GET /api/v1/provider/dashboard HTTP/1.1" - - "http://localhost:5173/" "Mozilla/5.0 (Windows NT 10.0; Win64; x64) AppleWebKit/537.36 (KHTML, like Gecko) Chrome/149.0.0.0 Safari/537.36 Edg/149.0.0.0"
[2026-06-15 14:13:03] INFO: ::1 - - [15/Jun/2026:11:13:03 +0000] "GET /api/v1/provider/services/categories HTTP/1.1" - - "http://localhost:5173/" "Mozilla/5.0 (Windows NT 10.0; Win64; x64) AppleWebKit/537.36 (KHTML, like Gecko) Chrome/149.0.0.0 Safari/537.36 Edg/149.0.0.0"
[2026-06-15 14:13:03] INFO: ::1 - - [15/Jun/2026:11:13:03 +0000] "GET /api/v1/provider/orders HTTP/1.1" - - "http://localhost:5173/" "Mozilla/5.0 (Windows NT 10.0; Win64; x64) AppleWebKit/537.36 (KHTML, like Gecko) Chrome/149.0.0.0 Safari/537.36 Edg/149.0.0.0"
[2026-06-15 14:13:03] INFO: ::1 - - [15/Jun/2026:11:13:03 +0000] "GET /api/v1/provider/services HTTP/1.1" - - "http://localhost:5173/" "Mozilla/5.0 (Windows NT 10.0; Win64; x64) AppleWebKit/537.36 (KHTML, like Gecko) Chrome/149.0.0.0 Safari/537.36 Edg/149.0.0.0"
[2026-06-15 14:13:04] INFO: ::1 - - [15/Jun/2026:11:13:04 +0000] "GET /api/v1/provider/orders HTTP/1.1" 200 40 "http://localhost:5173/" "Mozilla/5.0 (Windows NT 10.0; Win64; x64) AppleWebKit/537.36 (KHTML, like Gecko) Chrome/149.0.0.0 Safari/537.36 Edg/149.0.0.0"
[2026-06-15 14:13:04] INFO: ::1 - - [15/Jun/2026:11:13:04 +0000] "GET /api/v1/provider/discounts/special-entities HTTP/1.1" 200 36 "http://localhost:5173/" "Mozilla/5.0 (Windows NT 10.0; Win64; x64) AppleWebKit/537.36 (KHTML, like Gecko) Chrome/149.0.0.0 Safari/537.36 Edg/149.0.0.0"
[2026-06-15 14:13:04] INFO: ::1 - - [15/Jun/2026:11:13:04 +0000] "GET /api/v1/provider/discounts/tiers HTTP/1.1" 200 286 "http://localhost:5173/" "Mozilla/5.0 (Windows NT 10.0; Win64; x64) AppleWebKit/537.36 (KHTML, like Gecko) Chrome/149.0.0.0 Safari/537.36 Edg/149.0.0.0"
[2026-06-15 14:13:05] INFO: ::1 - - [15/Jun/2026:11:13:05 +0000] "GET /api/v1/provider/services HTTP/1.1" 200 96 "http://localhost:5173/" "Mozilla/5.0 (Windows NT 10.0; Win64; x64) AppleWebKit/537.36 (KHTML, like Gecko) Chrome/149.0.0.0 Safari/537.36 Edg/149.0.0.0"
[2026-06-15 14:13:05] INFO: ::1 - - [15/Jun/2026:11:13:05 +0000] "GET /api/v1/provider/dashboard/live HTTP/1.1" 401 90 "http://localhost:5173/" "Mozilla/5.0 (Windows NT 10.0; Win64; x64) AppleWebKit/537.36 (KHTML, like Gecko) Chrome/149.0.0.0 Safari/537.36 Edg/149.0.0.0"
[2026-06-15 14:13:05] INFO: ::1 - - [15/Jun/2026:11:13:05 +0000] "GET /api/v1/provider/dashboard HTTP/1.1" 200 434 "http://localhost:5173/" "Mozilla/5.0 (Windows NT 10.0; Win64; x64) AppleWebKit/537.36 (KHTML, like Gecko) Chrome/149.0.0.0 Safari/537.36 Edg/149.0.0.0"
[2026-06-15 14:13:05] INFO: ::1 - - [15/Jun/2026:11:13:05 +0000] "GET /api/v1/provider/settings HTTP/1.1" 200 342 "http://localhost:5173/" "Mozilla/5.0 (Windows NT 10.0; Win64; x64) AppleWebKit/537.36 (KHTML, like Gecko) Chrome/149.0.0.0 Safari/537.36 Edg/149.0.0.0"
[2026-06-15 14:13:05] INFO: ::1 - - [15/Jun/2026:11:13:05 +0000] "GET /api/v1/provider/services/categories HTTP/1.1" 200 2117 "http://localhost:5173/" "Mozilla/5.0 (Windows NT 10.0; Win64; x64) AppleWebKit/537.36 (KHTML, like Gecko) Chrome/149.0.0.0 Safari/537.36 Edg/149.0.0.0"
[2026-06-15 14:13:05] INFO: ::1 - - [15/Jun/2026:11:13:05 +0000] "GET /api/v1/provider/reviews HTTP/1.1" 200 2204 "http://localhost:5173/" "Mozilla/5.0 (Windows NT 10.0; Win64; x64) AppleWebKit/537.36 (KHTML, like Gecko) Chrome/149.0.0.0 Safari/537.36 Edg/149.0.0.0"
[2026-06-15 14:13:05] INFO: ::1 - - [15/Jun/2026:11:13:05 +0000] "GET /api/v1/provider/orders HTTP/1.1" 304 - "http://localhost:5173/" "Mozilla/5.0 (Windows NT 10.0; Win64; x64) AppleWebKit/537.36 (KHTML, like Gecko) Chrome/149.0.0.0 Safari/537.36 Edg/149.0.0.0"
[2026-06-15 14:13:06] INFO: ::1 - - [15/Jun/2026:11:13:06 +0000] "GET /api/v1/provider/profile HTTP/1.1" 200 304 "http://localhost:5173/" "Mozilla/5.0 (Windows NT 10.0; Win64; x64) AppleWebKit/537.36 (KHTML, like Gecko) Chrome/149.0.0.0 Safari/537.36 Edg/149.0.0.0"
[2026-06-15 14:13:06] INFO: ::1 - - [15/Jun/2026:11:13:06 +0000] "GET /api/v1/provider/discounts/special-entities HTTP/1.1" 304 - "http://localhost:5173/" "Mozilla/5.0 (Windows NT 10.0; Win64; x64) AppleWebKit/537.36 (KHTML, like Gecko) Chrome/149.0.0.0 Safari/537.36 Edg/149.0.0.0"
[2026-06-15 14:13:06] INFO: ::1 - - [15/Jun/2026:11:13:06 +0000] "GET /api/v1/provider/discounts/tiers HTTP/1.1" 304 - "http://localhost:5173/" "Mozilla/5.0 (Windows NT 10.0; Win64; x64) AppleWebKit/537.36 (KHTML, like Gecko) Chrome/149.0.0.0 Safari/537.36 Edg/149.0.0.0"
[2026-06-15 14:13:06] INFO: ::1 - - [15/Jun/2026:11:13:06 +0000] "GET /api/v1/provider/services HTTP/1.1" 304 - "http://localhost:5173/" "Mozilla/5.0 (Windows NT 10.0; Win64; x64) AppleWebKit/537.36 (KHTML, like Gecko) Chrome/149.0.0.0 Safari/537.36 Edg/149.0.0.0"
[2026-06-15 14:13:06] INFO: ::1 - - [15/Jun/2026:11:13:06 +0000] "GET /api/v1/provider/settings HTTP/1.1" 304 - "http://localhost:5173/" "Mozilla/5.0 (Windows NT 10.0; Win64; x64) AppleWebKit/537.36 (KHTML, like Gecko) Chrome/149.0.0.0 Safari/537.36 Edg/149.0.0.0"
[2026-06-15 14:13:07] INFO: ::1 - - [15/Jun/2026:11:13:07 +0000] "GET /api/v1/provider/reviews HTTP/1.1" 304 - "http://localhost:5173/" "Mozilla/5.0 (Windows NT 10.0; Win64; x64) AppleWebKit/537.36 (KHTML, like Gecko) Chrome/149.0.0.0 Safari/537.36 Edg/149.0.0.0"
[2026-06-15 14:13:07] INFO: ::1 - - [15/Jun/2026:11:13:07 +0000] "GET /api/v1/provider/dashboard HTTP/1.1" 304 - "http://localhost:5173/" "Mozilla/5.0 (Windows NT 10.0; Win64; x64) AppleWebKit/537.36 (KHTML, like Gecko) Chrome/149.0.0.0 Safari/537.36 Edg/149.0.0.0"
[2026-06-15 14:13:07] INFO: ::1 - - [15/Jun/2026:11:13:07 +0000] "GET /api/v1/provider/services/categories HTTP/1.1" 304 - "http://localhost:5173/" "Mozilla/5.0 (Windows NT 10.0; Win64; x64) AppleWebKit/537.36 (KHTML, like Gecko) Chrome/149.0.0.0 Safari/537.36 Edg/149.0.0.0"
[2026-06-15 14:13:07] INFO: ::1 - - [15/Jun/2026:11:13:07 +0000] "GET /api/v1/provider/profile HTTP/1.1" 304 - "http://localhost:5173/" "Mozilla/5.0 (Windows NT 10.0; Win64; x64) AppleWebKit/537.36 (KHTML, like Gecko) Chrome/149.0.0.0 Safari/537.36 Edg/149.0.0.0"
[2026-06-15 14:21:26] INFO: 
         claenovy API SERVER
   Status  : Running
   Port    : 3000
   Env     : development
   Version : v1
      
[2026-06-15 14:22:18] INFO: 
         claenovy API SERVER
   Status  : Running
   Port    : 3000
   Env     : development
   Version : v1
      
[2026-06-15 14:22:34] INFO: 
         claenovy API SERVER
   Status  : Running
   Port    : 3000
   Env     : development
   Version : v1
      
[2026-06-15 14:22:43] INFO: ::1 - - [15/Jun/2026:11:22:43 +0000] "GET /api/v1/provider/dashboard/live HTTP/1.1" 401 90 "http://localhost:5173/" "Mozilla/5.0 (Windows NT 10.0; Win64; x64) AppleWebKit/537.36 (KHTML, like Gecko) Chrome/149.0.0.0 Safari/537.36 Edg/149.0.0.0"
[2026-06-15 14:22:44] INFO: ::1 - - [15/Jun/2026:11:22:44 +0000] "GET /api/v1/provider/discounts/tiers HTTP/1.1" 304 - "http://localhost:5173/" "Mozilla/5.0 (Windows NT 10.0; Win64; x64) AppleWebKit/537.36 (KHTML, like Gecko) Chrome/149.0.0.0 Safari/537.36 Edg/149.0.0.0"
[2026-06-15 14:22:44] INFO: ::1 - - [15/Jun/2026:11:22:44 +0000] "GET /api/v1/provider/discounts/special-entities HTTP/1.1" - - "http://localhost:5173/" "Mozilla/5.0 (Windows NT 10.0; Win64; x64) AppleWebKit/537.36 (KHTML, like Gecko) Chrome/149.0.0.0 Safari/537.36 Edg/149.0.0.0"
[2026-06-15 14:22:44] INFO: ::1 - - [15/Jun/2026:11:22:44 +0000] "GET /api/v1/provider/settings HTTP/1.1" - - "http://localhost:5173/" "Mozilla/5.0 (Windows NT 10.0; Win64; x64) AppleWebKit/537.36 (KHTML, like Gecko) Chrome/149.0.0.0 Safari/537.36 Edg/149.0.0.0"
[2026-06-15 14:22:44] INFO: ::1 - - [15/Jun/2026:11:22:44 +0000] "GET /api/v1/provider/reviews HTTP/1.1" - - "http://localhost:5173/" "Mozilla/5.0 (Windows NT 10.0; Win64; x64) AppleWebKit/537.36 (KHTML, like Gecko) Chrome/149.0.0.0 Safari/537.36 Edg/149.0.0.0"
[2026-06-15 14:22:44] INFO: ::1 - - [15/Jun/2026:11:22:44 +0000] "GET /api/v1/provider/services HTTP/1.1" - - "http://localhost:5173/" "Mozilla/5.0 (Windows NT 10.0; Win64; x64) AppleWebKit/537.36 (KHTML, like Gecko) Chrome/149.0.0.0 Safari/537.36 Edg/149.0.0.0"
[2026-06-15 14:22:44] INFO: ::1 - - [15/Jun/2026:11:22:44 +0000] "GET /api/v1/provider/orders HTTP/1.1" - - "http://localhost:5173/" "Mozilla/5.0 (Windows NT 10.0; Win64; x64) AppleWebKit/537.36 (KHTML, like Gecko) Chrome/149.0.0.0 Safari/537.36 Edg/149.0.0.0"
[2026-06-15 14:22:44] INFO: ::1 - - [15/Jun/2026:11:22:44 +0000] "GET /api/v1/provider/services/categories HTTP/1.1" - - "http://localhost:5173/" "Mozilla/5.0 (Windows NT 10.0; Win64; x64) AppleWebKit/537.36 (KHTML, like Gecko) Chrome/149.0.0.0 Safari/537.36 Edg/149.0.0.0"
[2026-06-15 14:22:44] INFO: ::1 - - [15/Jun/2026:11:22:44 +0000] "GET /api/v1/provider/dashboard HTTP/1.1" - - "http://localhost:5173/" "Mozilla/5.0 (Windows NT 10.0; Win64; x64) AppleWebKit/537.36 (KHTML, like Gecko) Chrome/149.0.0.0 Safari/537.36 Edg/149.0.0.0"
[2026-06-15 14:22:44] INFO: ::1 - - [15/Jun/2026:11:22:44 +0000] "GET /api/v1/provider/profile HTTP/1.1" - - "http://localhost:5173/" "Mozilla/5.0 (Windows NT 10.0; Win64; x64) AppleWebKit/537.36 (KHTML, like Gecko) Chrome/149.0.0.0 Safari/537.36 Edg/149.0.0.0"
[2026-06-15 14:22:44] INFO: ::1 - - [15/Jun/2026:11:22:44 +0000] "GET /api/v1/provider/orders HTTP/1.1" - - "http://localhost:5173/" "Mozilla/5.0 (Windows NT 10.0; Win64; x64) AppleWebKit/537.36 (KHTML, like Gecko) Chrome/149.0.0.0 Safari/537.36 Edg/149.0.0.0"
[2026-06-15 14:22:44] INFO: ::1 - - [15/Jun/2026:11:22:44 +0000] "GET /api/v1/provider/reviews HTTP/1.1" - - "http://localhost:5173/" "Mozilla/5.0 (Windows NT 10.0; Win64; x64) AppleWebKit/537.36 (KHTML, like Gecko) Chrome/149.0.0.0 Safari/537.36 Edg/149.0.0.0"
[2026-06-15 14:22:44] INFO: ::1 - - [15/Jun/2026:11:22:44 +0000] "GET /api/v1/provider/profile HTTP/1.1" - - "http://localhost:5173/" "Mozilla/5.0 (Windows NT 10.0; Win64; x64) AppleWebKit/537.36 (KHTML, like Gecko) Chrome/149.0.0.0 Safari/537.36 Edg/149.0.0.0"
[2026-06-15 14:22:44] INFO: ::1 - - [15/Jun/2026:11:22:44 +0000] "GET /api/v1/provider/dashboard HTTP/1.1" - - "http://localhost:5173/" "Mozilla/5.0 (Windows NT 10.0; Win64; x64) AppleWebKit/537.36 (KHTML, like Gecko) Chrome/149.0.0.0 Safari/537.36 Edg/149.0.0.0"
[2026-06-15 14:22:44] INFO: ::1 - - [15/Jun/2026:11:22:44 +0000] "GET /api/v1/provider/discounts/special-entities HTTP/1.1" - - "http://localhost:5173/" "Mozilla/5.0 (Windows NT 10.0; Win64; x64) AppleWebKit/537.36 (KHTML, like Gecko) Chrome/149.0.0.0 Safari/537.36 Edg/149.0.0.0"
[2026-06-15 14:22:44] INFO: ::1 - - [15/Jun/2026:11:22:44 +0000] "GET /api/v1/provider/discounts/tiers HTTP/1.1" - - "http://localhost:5173/" "Mozilla/5.0 (Windows NT 10.0; Win64; x64) AppleWebKit/537.36 (KHTML, like Gecko) Chrome/149.0.0.0 Safari/537.36 Edg/149.0.0.0"
[2026-06-15 14:22:44] INFO: ::1 - - [15/Jun/2026:11:22:44 +0000] "GET /api/v1/provider/services HTTP/1.1" - - "http://localhost:5173/" "Mozilla/5.0 (Windows NT 10.0; Win64; x64) AppleWebKit/537.36 (KHTML, like Gecko) Chrome/149.0.0.0 Safari/537.36 Edg/149.0.0.0"
[2026-06-15 14:22:44] INFO: ::1 - - [15/Jun/2026:11:22:44 +0000] "GET /api/v1/provider/services/categories HTTP/1.1" - - "http://localhost:5173/" "Mozilla/5.0 (Windows NT 10.0; Win64; x64) AppleWebKit/537.36 (KHTML, like Gecko) Chrome/149.0.0.0 Safari/537.36 Edg/149.0.0.0"
[2026-06-15 14:22:44] INFO: ::1 - - [15/Jun/2026:11:22:44 +0000] "GET /api/v1/provider/services HTTP/1.1" - - "http://localhost:5173/" "Mozilla/5.0 (Windows NT 10.0; Win64; x64) AppleWebKit/537.36 (KHTML, like Gecko) Chrome/149.0.0.0 Safari/537.36 Edg/149.0.0.0"
[2026-06-15 14:22:44] INFO: ::1 - - [15/Jun/2026:11:22:44 +0000] "GET /api/v1/provider/reviews HTTP/1.1" - - "http://localhost:5173/" "Mozilla/5.0 (Windows NT 10.0; Win64; x64) AppleWebKit/537.36 (KHTML, like Gecko) Chrome/149.0.0.0 Safari/537.36 Edg/149.0.0.0"
[2026-06-15 14:22:44] INFO: ::1 - - [15/Jun/2026:11:22:44 +0000] "GET /api/v1/provider/profile HTTP/1.1" - - "http://localhost:5173/" "Mozilla/5.0 (Windows NT 10.0; Win64; x64) AppleWebKit/537.36 (KHTML, like Gecko) Chrome/149.0.0.0 Safari/537.36 Edg/149.0.0.0"
[2026-06-15 14:22:44] INFO: ::1 - - [15/Jun/2026:11:22:44 +0000] "GET /api/v1/provider/services/categories HTTP/1.1" - - "http://localhost:5173/" "Mozilla/5.0 (Windows NT 10.0; Win64; x64) AppleWebKit/537.36 (KHTML, like Gecko) Chrome/149.0.0.0 Safari/537.36 Edg/149.0.0.0"
[2026-06-15 14:22:44] INFO: ::1 - - [15/Jun/2026:11:22:44 +0000] "GET /api/v1/provider/discounts/special-entities HTTP/1.1" - - "http://localhost:5173/" "Mozilla/5.0 (Windows NT 10.0; Win64; x64) AppleWebKit/537.36 (KHTML, like Gecko) Chrome/149.0.0.0 Safari/537.36 Edg/149.0.0.0"
[2026-06-15 14:22:44] INFO: ::1 - - [15/Jun/2026:11:22:44 +0000] "GET /api/v1/provider/discounts/tiers HTTP/1.1" - - "http://localhost:5173/" "Mozilla/5.0 (Windows NT 10.0; Win64; x64) AppleWebKit/537.36 (KHTML, like Gecko) Chrome/149.0.0.0 Safari/537.36 Edg/149.0.0.0"
[2026-06-15 14:22:44] INFO: ::1 - - [15/Jun/2026:11:22:44 +0000] "GET /api/v1/provider/dashboard HTTP/1.1" - - "http://localhost:5173/" "Mozilla/5.0 (Windows NT 10.0; Win64; x64) AppleWebKit/537.36 (KHTML, like Gecko) Chrome/149.0.0.0 Safari/537.36 Edg/149.0.0.0"
[2026-06-15 14:22:44] INFO: ::1 - - [15/Jun/2026:11:22:44 +0000] "GET /api/v1/provider/orders HTTP/1.1" - - "http://localhost:5173/" "Mozilla/5.0 (Windows NT 10.0; Win64; x64) AppleWebKit/537.36 (KHTML, like Gecko) Chrome/149.0.0.0 Safari/537.36 Edg/149.0.0.0"
[2026-06-15 14:22:45] INFO: ::1 - - [15/Jun/2026:11:22:45 +0000] "GET /api/v1/provider/discounts/tiers HTTP/1.1" - - "http://localhost:5173/" "Mozilla/5.0 (Windows NT 10.0; Win64; x64) AppleWebKit/537.36 (KHTML, like Gecko) Chrome/149.0.0.0 Safari/537.36 Edg/149.0.0.0"
[2026-06-15 14:22:45] INFO: ::1 - - [15/Jun/2026:11:22:45 +0000] "GET /api/v1/provider/profile HTTP/1.1" - - "http://localhost:5173/" "Mozilla/5.0 (Windows NT 10.0; Win64; x64) AppleWebKit/537.36 (KHTML, like Gecko) Chrome/149.0.0.0 Safari/537.36 Edg/149.0.0.0"
[2026-06-15 14:22:45] INFO: ::1 - - [15/Jun/2026:11:22:45 +0000] "GET /api/v1/provider/discounts/special-entities HTTP/1.1" - - "http://localhost:5173/" "Mozilla/5.0 (Windows NT 10.0; Win64; x64) AppleWebKit/537.36 (KHTML, like Gecko) Chrome/149.0.0.0 Safari/537.36 Edg/149.0.0.0"
[2026-06-15 14:22:45] INFO: ::1 - - [15/Jun/2026:11:22:45 +0000] "GET /api/v1/provider/reviews HTTP/1.1" - - "http://localhost:5173/" "Mozilla/5.0 (Windows NT 10.0; Win64; x64) AppleWebKit/537.36 (KHTML, like Gecko) Chrome/149.0.0.0 Safari/537.36 Edg/149.0.0.0"
[2026-06-15 14:22:45] INFO: ::1 - - [15/Jun/2026:11:22:45 +0000] "GET /api/v1/provider/settings HTTP/1.1" - - "http://localhost:5173/" "Mozilla/5.0 (Windows NT 10.0; Win64; x64) AppleWebKit/537.36 (KHTML, like Gecko) Chrome/149.0.0.0 Safari/537.36 Edg/149.0.0.0"
[2026-06-15 14:22:45] INFO: ::1 - - [15/Jun/2026:11:22:45 +0000] "GET /api/v1/provider/orders HTTP/1.1" - - "http://localhost:5173/" "Mozilla/5.0 (Windows NT 10.0; Win64; x64) AppleWebKit/537.36 (KHTML, like Gecko) Chrome/149.0.0.0 Safari/537.36 Edg/149.0.0.0"
[2026-06-15 14:22:45] INFO: ::1 - - [15/Jun/2026:11:22:45 +0000] "GET /api/v1/provider/services HTTP/1.1" - - "http://localhost:5173/" "Mozilla/5.0 (Windows NT 10.0; Win64; x64) AppleWebKit/537.36 (KHTML, like Gecko) Chrome/149.0.0.0 Safari/537.36 Edg/149.0.0.0"
[2026-06-15 14:22:45] INFO: ::1 - - [15/Jun/2026:11:22:45 +0000] "GET /api/v1/provider/services/categories HTTP/1.1" - - "http://localhost:5173/" "Mozilla/5.0 (Windows NT 10.0; Win64; x64) AppleWebKit/537.36 (KHTML, like Gecko) Chrome/149.0.0.0 Safari/537.36 Edg/149.0.0.0"
[2026-06-15 14:22:45] INFO: ::1 - - [15/Jun/2026:11:22:45 +0000] "GET /api/v1/provider/dashboard HTTP/1.1" - - "http://localhost:5173/" "Mozilla/5.0 (Windows NT 10.0; Win64; x64) AppleWebKit/537.36 (KHTML, like Gecko) Chrome/149.0.0.0 Safari/537.36 Edg/149.0.0.0"
[2026-06-15 14:22:47] INFO: ::1 - - [15/Jun/2026:11:22:47 +0000] "GET /api/v1/provider/profile HTTP/1.1" - - "http://localhost:5173/" "Mozilla/5.0 (Windows NT 10.0; Win64; x64) AppleWebKit/537.36 (KHTML, like Gecko) Chrome/149.0.0.0 Safari/537.36 Edg/149.0.0.0"
[2026-06-15 14:22:47] INFO: ::1 - - [15/Jun/2026:11:22:47 +0000] "GET /api/v1/provider/reviews HTTP/1.1" - - "http://localhost:5173/" "Mozilla/5.0 (Windows NT 10.0; Win64; x64) AppleWebKit/537.36 (KHTML, like Gecko) Chrome/149.0.0.0 Safari/537.36 Edg/149.0.0.0"
[2026-06-15 14:22:47] INFO: ::1 - - [15/Jun/2026:11:22:47 +0000] "GET /api/v1/provider/settings HTTP/1.1" - - "http://localhost:5173/" "Mozilla/5.0 (Windows NT 10.0; Win64; x64) AppleWebKit/537.36 (KHTML, like Gecko) Chrome/149.0.0.0 Safari/537.36 Edg/149.0.0.0"
[2026-06-15 14:22:47] INFO: ::1 - - [15/Jun/2026:11:22:47 +0000] "GET /api/v1/provider/profile HTTP/1.1" - - "http://localhost:5173/" "Mozilla/5.0 (Windows NT 10.0; Win64; x64) AppleWebKit/537.36 (KHTML, like Gecko) Chrome/149.0.0.0 Safari/537.36 Edg/149.0.0.0"
[2026-06-15 14:22:47] INFO: ::1 - - [15/Jun/2026:11:22:47 +0000] "GET /api/v1/provider/services/categories HTTP/1.1" - - "http://localhost:5173/" "Mozilla/5.0 (Windows NT 10.0; Win64; x64) AppleWebKit/537.36 (KHTML, like Gecko) Chrome/149.0.0.0 Safari/537.36 Edg/149.0.0.0"
[2026-06-15 14:22:47] INFO: ::1 - - [15/Jun/2026:11:22:47 +0000] "GET /api/v1/provider/discounts/special-entities HTTP/1.1" - - "http://localhost:5173/" "Mozilla/5.0 (Windows NT 10.0; Win64; x64) AppleWebKit/537.36 (KHTML, like Gecko) Chrome/149.0.0.0 Safari/537.36 Edg/149.0.0.0"
[2026-06-15 14:22:47] INFO: ::1 - - [15/Jun/2026:11:22:47 +0000] "GET /api/v1/provider/services HTTP/1.1" - - "http://localhost:5173/" "Mozilla/5.0 (Windows NT 10.0; Win64; x64) AppleWebKit/537.36 (KHTML, like Gecko) Chrome/149.0.0.0 Safari/537.36 Edg/149.0.0.0"
[2026-06-15 14:22:47] INFO: ::1 - - [15/Jun/2026:11:22:47 +0000] "GET /api/v1/provider/services/categories HTTP/1.1" - - "http://localhost:5173/" "Mozilla/5.0 (Windows NT 10.0; Win64; x64) AppleWebKit/537.36 (KHTML, like Gecko) Chrome/149.0.0.0 Safari/537.36 Edg/149.0.0.0"
[2026-06-15 14:22:47] INFO: ::1 - - [15/Jun/2026:11:22:47 +0000] "GET /api/v1/provider/dashboard HTTP/1.1" - - "http://localhost:5173/" "Mozilla/5.0 (Windows NT 10.0; Win64; x64) AppleWebKit/537.36 (KHTML, like Gecko) Chrome/149.0.0.0 Safari/537.36 Edg/149.0.0.0"
[2026-06-15 14:22:47] INFO: ::1 - - [15/Jun/2026:11:22:47 +0000] "GET /api/v1/provider/orders HTTP/1.1" - - "http://localhost:5173/" "Mozilla/5.0 (Windows NT 10.0; Win64; x64) AppleWebKit/537.36 (KHTML, like Gecko) Chrome/149.0.0.0 Safari/537.36 Edg/149.0.0.0"
[2026-06-15 14:22:47] INFO: ::1 - - [15/Jun/2026:11:22:47 +0000] "GET /api/v1/provider/discounts/tiers HTTP/1.1" - - "http://localhost:5173/" "Mozilla/5.0 (Windows NT 10.0; Win64; x64) AppleWebKit/537.36 (KHTML, like Gecko) Chrome/149.0.0.0 Safari/537.36 Edg/149.0.0.0"
[2026-06-15 14:22:50] INFO: ::1 - - [15/Jun/2026:11:22:50 +0000] "GET /api/v1/provider/discounts/tiers HTTP/1.1" 200 286 "http://localhost:5173/" "Mozilla/5.0 (Windows NT 10.0; Win64; x64) AppleWebKit/537.36 (KHTML, like Gecko) Chrome/149.0.0.0 Safari/537.36 Edg/149.0.0.0"
[2026-06-15 14:22:50] INFO: ::1 - - [15/Jun/2026:11:22:50 +0000] "GET /api/v1/provider/discounts/special-entities HTTP/1.1" 200 36 "http://localhost:5173/" "Mozilla/5.0 (Windows NT 10.0; Win64; x64) AppleWebKit/537.36 (KHTML, like Gecko) Chrome/149.0.0.0 Safari/537.36 Edg/149.0.0.0"
[2026-06-15 14:22:50] INFO: ::1 - - [15/Jun/2026:11:22:50 +0000] "GET /api/v1/provider/services HTTP/1.1" 200 96 "http://localhost:5173/" "Mozilla/5.0 (Windows NT 10.0; Win64; x64) AppleWebKit/537.36 (KHTML, like Gecko) Chrome/149.0.0.0 Safari/537.36 Edg/149.0.0.0"
[2026-06-15 14:22:50] INFO: ::1 - - [15/Jun/2026:11:22:50 +0000] "GET /api/v1/provider/orders HTTP/1.1" 200 2844 "http://localhost:5173/" "Mozilla/5.0 (Windows NT 10.0; Win64; x64) AppleWebKit/537.36 (KHTML, like Gecko) Chrome/149.0.0.0 Safari/537.36 Edg/149.0.0.0"
[2026-06-15 14:22:50] INFO: ::1 - - [15/Jun/2026:11:22:50 +0000] "GET /api/v1/provider/dashboard/live HTTP/1.1" 401 90 "http://localhost:5173/" "Mozilla/5.0 (Windows NT 10.0; Win64; x64) AppleWebKit/537.36 (KHTML, like Gecko) Chrome/149.0.0.0 Safari/537.36 Edg/149.0.0.0"
[2026-06-15 14:22:51] INFO: ::1 - - [15/Jun/2026:11:22:51 +0000] "GET /api/v1/provider/settings HTTP/1.1" 200 342 "http://localhost:5173/" "Mozilla/5.0 (Windows NT 10.0; Win64; x64) AppleWebKit/537.36 (KHTML, like Gecko) Chrome/149.0.0.0 Safari/537.36 Edg/149.0.0.0"
[2026-06-15 14:22:51] INFO: ::1 - - [15/Jun/2026:11:22:51 +0000] "GET /api/v1/provider/services/categories HTTP/1.1" 200 2117 "http://localhost:5173/" "Mozilla/5.0 (Windows NT 10.0; Win64; x64) AppleWebKit/537.36 (KHTML, like Gecko) Chrome/149.0.0.0 Safari/537.36 Edg/149.0.0.0"
[2026-06-15 14:22:51] INFO: ::1 - - [15/Jun/2026:11:22:51 +0000] "GET /api/v1/provider/reviews HTTP/1.1" 200 2204 "http://localhost:5173/" "Mozilla/5.0 (Windows NT 10.0; Win64; x64) AppleWebKit/537.36 (KHTML, like Gecko) Chrome/149.0.0.0 Safari/537.36 Edg/149.0.0.0"
[2026-06-15 14:22:51] INFO: ::1 - - [15/Jun/2026:11:22:51 +0000] "GET /api/v1/provider/discounts/tiers HTTP/1.1" 304 - "http://localhost:5173/" "Mozilla/5.0 (Windows NT 10.0; Win64; x64) AppleWebKit/537.36 (KHTML, like Gecko) Chrome/149.0.0.0 Safari/537.36 Edg/149.0.0.0"
[2026-06-15 14:22:51] INFO: ::1 - - [15/Jun/2026:11:22:51 +0000] "GET /api/v1/provider/profile HTTP/1.1" 200 304 "http://localhost:5173/" "Mozilla/5.0 (Windows NT 10.0; Win64; x64) AppleWebKit/537.36 (KHTML, like Gecko) Chrome/149.0.0.0 Safari/537.36 Edg/149.0.0.0"
[2026-06-15 14:22:52] INFO: ::1 - - [15/Jun/2026:11:22:52 +0000] "GET /api/v1/provider/discounts/special-entities HTTP/1.1" 304 - "http://localhost:5173/" "Mozilla/5.0 (Windows NT 10.0; Win64; x64) AppleWebKit/537.36 (KHTML, like Gecko) Chrome/149.0.0.0 Safari/537.36 Edg/149.0.0.0"
[2026-06-15 14:22:52] INFO: ::1 - - [15/Jun/2026:11:22:52 +0000] "GET /api/v1/provider/services HTTP/1.1" 304 - "http://localhost:5173/" "Mozilla/5.0 (Windows NT 10.0; Win64; x64) AppleWebKit/537.36 (KHTML, like Gecko) Chrome/149.0.0.0 Safari/537.36 Edg/149.0.0.0"
[2026-06-15 14:22:52] INFO: ::1 - - [15/Jun/2026:11:22:52 +0000] "GET /api/v1/provider/settings HTTP/1.1" 304 - "http://localhost:5173/" "Mozilla/5.0 (Windows NT 10.0; Win64; x64) AppleWebKit/537.36 (KHTML, like Gecko) Chrome/149.0.0.0 Safari/537.36 Edg/149.0.0.0"
[2026-06-15 14:22:52] INFO: ::1 - - [15/Jun/2026:11:22:52 +0000] "GET /api/v1/provider/orders HTTP/1.1" 304 - "http://localhost:5173/" "Mozilla/5.0 (Windows NT 10.0; Win64; x64) AppleWebKit/537.36 (KHTML, like Gecko) Chrome/149.0.0.0 Safari/537.36 Edg/149.0.0.0"
[2026-06-15 14:22:53] INFO: ::1 - - [15/Jun/2026:11:22:53 +0000] "GET /api/v1/provider/reviews HTTP/1.1" 304 - "http://localhost:5173/" "Mozilla/5.0 (Windows NT 10.0; Win64; x64) AppleWebKit/537.36 (KHTML, like Gecko) Chrome/149.0.0.0 Safari/537.36 Edg/149.0.0.0"
[2026-06-15 14:22:53] INFO: ::1 - - [15/Jun/2026:11:22:53 +0000] "GET /api/v1/provider/dashboard HTTP/1.1" 200 434 "http://localhost:5173/" "Mozilla/5.0 (Windows NT 10.0; Win64; x64) AppleWebKit/537.36 (KHTML, like Gecko) Chrome/149.0.0.0 Safari/537.36 Edg/149.0.0.0"
[2026-06-15 14:22:53] INFO: ::1 - - [15/Jun/2026:11:22:53 +0000] "GET /api/v1/provider/services/categories HTTP/1.1" 304 - "http://localhost:5173/" "Mozilla/5.0 (Windows NT 10.0; Win64; x64) AppleWebKit/537.36 (KHTML, like Gecko) Chrome/149.0.0.0 Safari/537.36 Edg/149.0.0.0"
[2026-06-15 14:22:53] INFO: ::1 - - [15/Jun/2026:11:22:53 +0000] "GET /api/v1/provider/profile HTTP/1.1" 304 - "http://localhost:5173/" "Mozilla/5.0 (Windows NT 10.0; Win64; x64) AppleWebKit/537.36 (KHTML, like Gecko) Chrome/149.0.0.0 Safari/537.36 Edg/149.0.0.0"
[2026-06-15 14:22:54] INFO: ::1 - - [15/Jun/2026:11:22:54 +0000] "GET /api/v1/provider/dashboard HTTP/1.1" 304 - "http://localhost:5173/" "Mozilla/5.0 (Windows NT 10.0; Win64; x64) AppleWebKit/537.36 (KHTML, like Gecko) Chrome/149.0.0.0 Safari/537.36 Edg/149.0.0.0"
[2026-06-15 14:22:58] INFO: ::1 - - [15/Jun/2026:11:22:58 +0000] "GET /api/v1/provider/orders/6a259bb48cbe7ff7f756417d HTTP/1.1" 200 3216 "http://localhost:5173/" "Mozilla/5.0 (Windows NT 10.0; Win64; x64) AppleWebKit/537.36 (KHTML, like Gecko) Chrome/149.0.0.0 Safari/537.36 Edg/149.0.0.0"
[2026-06-15 14:23:00] INFO: ::1 - - [15/Jun/2026:11:23:00 +0000] "GET /api/v1/provider/orders/6a259bb48cbe7ff7f756417d HTTP/1.1" 304 - "http://localhost:5173/" "Mozilla/5.0 (Windows NT 10.0; Win64; x64) AppleWebKit/537.36 (KHTML, like Gecko) Chrome/149.0.0.0 Safari/537.36 Edg/149.0.0.0"
[2026-06-15 14:23:02] INFO: ::1 - - [15/Jun/2026:11:23:02 +0000] "GET /api/v1/provider/orders/6a259bb48cbe7ff7f756417d HTTP/1.1" 304 - "http://localhost:5173/" "Mozilla/5.0 (Windows NT 10.0; Win64; x64) AppleWebKit/537.36 (KHTML, like Gecko) Chrome/149.0.0.0 Safari/537.36 Edg/149.0.0.0"
[2026-06-15 14:23:06] INFO: ::1 - - [15/Jun/2026:11:23:06 +0000] "GET /api/v1/provider/orders/6a259bb48cbe7ff7f756417d HTTP/1.1" 304 - "http://localhost:5173/" "Mozilla/5.0 (Windows NT 10.0; Win64; x64) AppleWebKit/537.36 (KHTML, like Gecko) Chrome/149.0.0.0 Safari/537.36 Edg/149.0.0.0"
[2026-06-15 14:23:07] INFO: ::1 - - [15/Jun/2026:11:23:07 +0000] "GET /api/v1/provider/dashboard/live HTTP/1.1" 401 90 "http://localhost:5173/" "Mozilla/5.0 (Windows NT 10.0; Win64; x64) AppleWebKit/537.36 (KHTML, like Gecko) Chrome/149.0.0.0 Safari/537.36 Edg/149.0.0.0"
[2026-06-15 14:23:08] INFO: ::1 - - [15/Jun/2026:11:23:08 +0000] "GET /api/v1/provider/discounts/tiers HTTP/1.1" 304 - "http://localhost:5173/" "Mozilla/5.0 (Windows NT 10.0; Win64; x64) AppleWebKit/537.36 (KHTML, like Gecko) Chrome/149.0.0.0 Safari/537.36 Edg/149.0.0.0"
[2026-06-15 14:23:08] INFO: ::1 - - [15/Jun/2026:11:23:08 +0000] "GET /api/v1/provider/discounts/special-entities HTTP/1.1" 304 - "http://localhost:5173/" "Mozilla/5.0 (Windows NT 10.0; Win64; x64) AppleWebKit/537.36 (KHTML, like Gecko) Chrome/149.0.0.0 Safari/537.36 Edg/149.0.0.0"
[2026-06-15 14:23:08] INFO: ::1 - - [15/Jun/2026:11:23:08 +0000] "GET /api/v1/provider/orders HTTP/1.1" 304 - "http://localhost:5173/" "Mozilla/5.0 (Windows NT 10.0; Win64; x64) AppleWebKit/537.36 (KHTML, like Gecko) Chrome/149.0.0.0 Safari/537.36 Edg/149.0.0.0"
[2026-06-15 14:23:08] INFO: ::1 - - [15/Jun/2026:11:23:08 +0000] "GET /api/v1/provider/profile HTTP/1.1" 304 - "http://localhost:5173/" "Mozilla/5.0 (Windows NT 10.0; Win64; x64) AppleWebKit/537.36 (KHTML, like Gecko) Chrome/149.0.0.0 Safari/537.36 Edg/149.0.0.0"
[2026-06-15 14:23:08] INFO: ::1 - - [15/Jun/2026:11:23:08 +0000] "GET /api/v1/provider/dashboard HTTP/1.1" 304 - "http://localhost:5173/" "Mozilla/5.0 (Windows NT 10.0; Win64; x64) AppleWebKit/537.36 (KHTML, like Gecko) Chrome/149.0.0.0 Safari/537.36 Edg/149.0.0.0"
[2026-06-15 14:23:08] INFO: ::1 - - [15/Jun/2026:11:23:08 +0000] "GET /api/v1/provider/settings HTTP/1.1" 304 - "http://localhost:5173/" "Mozilla/5.0 (Windows NT 10.0; Win64; x64) AppleWebKit/537.36 (KHTML, like Gecko) Chrome/149.0.0.0 Safari/537.36 Edg/149.0.0.0"
[2026-06-15 14:23:08] INFO: ::1 - - [15/Jun/2026:11:23:08 +0000] "GET /api/v1/provider/services/categories HTTP/1.1" 304 - "http://localhost:5173/" "Mozilla/5.0 (Windows NT 10.0; Win64; x64) AppleWebKit/537.36 (KHTML, like Gecko) Chrome/149.0.0.0 Safari/537.36 Edg/149.0.0.0"
[2026-06-15 14:23:09] INFO: ::1 - - [15/Jun/2026:11:23:09 +0000] "GET /api/v1/provider/services HTTP/1.1" 304 - "http://localhost:5173/" "Mozilla/5.0 (Windows NT 10.0; Win64; x64) AppleWebKit/537.36 (KHTML, like Gecko) Chrome/149.0.0.0 Safari/537.36 Edg/149.0.0.0"
[2026-06-15 14:23:09] INFO: ::1 - - [15/Jun/2026:11:23:09 +0000] "GET /api/v1/provider/reviews HTTP/1.1" 304 - "http://localhost:5173/" "Mozilla/5.0 (Windows NT 10.0; Win64; x64) AppleWebKit/537.36 (KHTML, like Gecko) Chrome/149.0.0.0 Safari/537.36 Edg/149.0.0.0"
[2026-06-15 14:23:09] INFO: ::1 - - [15/Jun/2026:11:23:09 +0000] "GET /api/v1/provider/discounts/tiers HTTP/1.1" 304 - "http://localhost:5173/" "Mozilla/5.0 (Windows NT 10.0; Win64; x64) AppleWebKit/537.36 (KHTML, like Gecko) Chrome/149.0.0.0 Safari/537.36 Edg/149.0.0.0"
[2026-06-15 14:23:09] INFO: ::1 - - [15/Jun/2026:11:23:09 +0000] "GET /api/v1/provider/discounts/special-entities HTTP/1.1" 304 - "http://localhost:5173/" "Mozilla/5.0 (Windows NT 10.0; Win64; x64) AppleWebKit/537.36 (KHTML, like Gecko) Chrome/149.0.0.0 Safari/537.36 Edg/149.0.0.0"
[2026-06-15 14:23:09] INFO: ::1 - - [15/Jun/2026:11:23:09 +0000] "GET /api/v1/provider/settings HTTP/1.1" 304 - "http://localhost:5173/" "Mozilla/5.0 (Windows NT 10.0; Win64; x64) AppleWebKit/537.36 (KHTML, like Gecko) Chrome/149.0.0.0 Safari/537.36 Edg/149.0.0.0"
[2026-06-15 14:23:10] INFO: ::1 - - [15/Jun/2026:11:23:10 +0000] "GET /api/v1/provider/orders HTTP/1.1" 304 - "http://localhost:5173/" "Mozilla/5.0 (Windows NT 10.0; Win64; x64) AppleWebKit/537.36 (KHTML, like Gecko) Chrome/149.0.0.0 Safari/537.36 Edg/149.0.0.0"
[2026-06-15 14:23:10] INFO: ::1 - - [15/Jun/2026:11:23:10 +0000] "GET /api/v1/provider/profile HTTP/1.1" 304 - "http://localhost:5173/" "Mozilla/5.0 (Windows NT 10.0; Win64; x64) AppleWebKit/537.36 (KHTML, like Gecko) Chrome/149.0.0.0 Safari/537.36 Edg/149.0.0.0"
[2026-06-15 14:23:10] INFO: ::1 - - [15/Jun/2026:11:23:10 +0000] "GET /api/v1/provider/dashboard HTTP/1.1" 304 - "http://localhost:5173/" "Mozilla/5.0 (Windows NT 10.0; Win64; x64) AppleWebKit/537.36 (KHTML, like Gecko) Chrome/149.0.0.0 Safari/537.36 Edg/149.0.0.0"
[2026-06-15 14:23:10] INFO: ::1 - - [15/Jun/2026:11:23:10 +0000] "GET /api/v1/provider/services HTTP/1.1" 304 - "http://localhost:5173/" "Mozilla/5.0 (Windows NT 10.0; Win64; x64) AppleWebKit/537.36 (KHTML, like Gecko) Chrome/149.0.0.0 Safari/537.36 Edg/149.0.0.0"
[2026-06-15 14:23:10] INFO: ::1 - - [15/Jun/2026:11:23:10 +0000] "GET /api/v1/provider/reviews HTTP/1.1" 304 - "http://localhost:5173/" "Mozilla/5.0 (Windows NT 10.0; Win64; x64) AppleWebKit/537.36 (KHTML, like Gecko) Chrome/149.0.0.0 Safari/537.36 Edg/149.0.0.0"
[2026-06-15 14:23:11] INFO: ::1 - - [15/Jun/2026:11:23:11 +0000] "GET /api/v1/provider/orders/6a259bb48cbe7ff7f756417d HTTP/1.1" 304 - "http://localhost:5173/" "Mozilla/5.0 (Windows NT 10.0; Win64; x64) AppleWebKit/537.36 (KHTML, like Gecko) Chrome/149.0.0.0 Safari/537.36 Edg/149.0.0.0"
[2026-06-15 14:23:11] INFO: ::1 - - [15/Jun/2026:11:23:11 +0000] "GET /api/v1/provider/services/categories HTTP/1.1" 304 - "http://localhost:5173/" "Mozilla/5.0 (Windows NT 10.0; Win64; x64) AppleWebKit/537.36 (KHTML, like Gecko) Chrome/149.0.0.0 Safari/537.36 Edg/149.0.0.0"
[2026-06-15 14:23:12] INFO: ::1 - - [15/Jun/2026:11:23:12 +0000] "GET /api/v1/provider/orders/6a2694d950653555e6062a4a HTTP/1.1" 200 591 "http://localhost:5173/" "Mozilla/5.0 (Windows NT 10.0; Win64; x64) AppleWebKit/537.36 (KHTML, like Gecko) Chrome/149.0.0.0 Safari/537.36 Edg/149.0.0.0"
[2026-06-15 14:26:26] INFO: ::1 - - [15/Jun/2026:11:26:26 +0000] "GET /api/v1/provider/orders/6a259bb48cbe7ff7f756417d HTTP/1.1" 304 - "http://localhost:5173/" "Mozilla/5.0 (Windows NT 10.0; Win64; x64) AppleWebKit/537.36 (KHTML, like Gecko) Chrome/149.0.0.0 Safari/537.36 Edg/149.0.0.0"
[2026-06-15 14:26:27] INFO: ::1 - - [15/Jun/2026:11:26:27 +0000] "GET /api/v1/provider/orders/6a2694d950653555e6062a4a HTTP/1.1" 304 - "http://localhost:5173/" "Mozilla/5.0 (Windows NT 10.0; Win64; x64) AppleWebKit/537.36 (KHTML, like Gecko) Chrome/149.0.0.0 Safari/537.36 Edg/149.0.0.0"
[2026-06-15 14:26:28] INFO: ::1 - - [15/Jun/2026:11:26:28 +0000] "GET /api/v1/provider/orders/6a2fc4997f275be6370cb9c7 HTTP/1.1" 304 - "http://localhost:5173/" "Mozilla/5.0 (Windows NT 10.0; Win64; x64) AppleWebKit/537.36 (KHTML, like Gecko) Chrome/149.0.0.0 Safari/537.36 Edg/149.0.0.0"
[2026-06-15 14:26:30] INFO: ::1 - - [15/Jun/2026:11:26:30 +0000] "GET /api/v1/provider/orders/6a27c97ff7a830d27ba20396 HTTP/1.1" 304 - "http://localhost:5173/" "Mozilla/5.0 (Windows NT 10.0; Win64; x64) AppleWebKit/537.36 (KHTML, like Gecko) Chrome/149.0.0.0 Safari/537.36 Edg/149.0.0.0"
[2026-06-15 14:26:31] INFO: ::1 - - [15/Jun/2026:11:26:31 +0000] "GET /api/v1/provider/orders/6a27c670f7a830d27ba20391 HTTP/1.1" 304 - "http://localhost:5173/" "Mozilla/5.0 (Windows NT 10.0; Win64; x64) AppleWebKit/537.36 (KHTML, like Gecko) Chrome/149.0.0.0 Safari/537.36 Edg/149.0.0.0"
[2026-06-15 14:26:32] INFO: ::1 - - [15/Jun/2026:11:26:32 +0000] "GET /api/v1/provider/orders/6a27c670f7a830d27ba20391 HTTP/1.1" 304 - "http://localhost:5173/" "Mozilla/5.0 (Windows NT 10.0; Win64; x64) AppleWebKit/537.36 (KHTML, like Gecko) Chrome/149.0.0.0 Safari/537.36 Edg/149.0.0.0"
[2026-06-15 14:26:34] INFO: ::1 - - [15/Jun/2026:11:26:34 +0000] "GET /api/v1/provider/orders/6a27c97ff7a830d27ba20396 HTTP/1.1" 304 - "http://localhost:5173/" "Mozilla/5.0 (Windows NT 10.0; Win64; x64) AppleWebKit/537.36 (KHTML, like Gecko) Chrome/149.0.0.0 Safari/537.36 Edg/149.0.0.0"
[2026-06-15 14:26:35] INFO: ::1 - - [15/Jun/2026:11:26:35 +0000] "GET /api/v1/provider/orders/6a2fc4997f275be6370cb9c7 HTTP/1.1" 304 - "http://localhost:5173/" "Mozilla/5.0 (Windows NT 10.0; Win64; x64) AppleWebKit/537.36 (KHTML, like Gecko) Chrome/149.0.0.0 Safari/537.36 Edg/149.0.0.0"
[2026-06-15 14:26:38] INFO: ::1 - - [15/Jun/2026:11:26:38 +0000] "GET /api/v1/provider/orders/6a259bb48cbe7ff7f756417d HTTP/1.1" 304 - "http://localhost:5173/" "Mozilla/5.0 (Windows NT 10.0; Win64; x64) AppleWebKit/537.36 (KHTML, like Gecko) Chrome/149.0.0.0 Safari/537.36 Edg/149.0.0.0"
[2026-06-15 14:30:08] INFO: ::1 - - [15/Jun/2026:11:30:08 +0000] "GET /api/v1/provider/orders/6a259bb48cbe7ff7f756417d HTTP/1.1" 304 - "http://localhost:5173/" "Mozilla/5.0 (Windows NT 10.0; Win64; x64) AppleWebKit/537.36 (KHTML, like Gecko) Chrome/149.0.0.0 Safari/537.36 Edg/149.0.0.0"
[2026-06-15 14:30:08] INFO: ::1 - - [15/Jun/2026:11:30:08 +0000] "GET /api/v1/provider/orders/6a259bb48cbe7ff7f756417d HTTP/1.1" 429 108 "http://localhost:5173/" "Mozilla/5.0 (Windows NT 10.0; Win64; x64) AppleWebKit/537.36 (KHTML, like Gecko) Chrome/149.0.0.0 Safari/537.36 Edg/149.0.0.0"
[2026-06-15 14:30:08] INFO: ::1 - - [15/Jun/2026:11:30:08 +0000] "GET /api/v1/provider/orders/6a259bb48cbe7ff7f756417d HTTP/1.1" 429 108 "http://localhost:5173/" "Mozilla/5.0 (Windows NT 10.0; Win64; x64) AppleWebKit/537.36 (KHTML, like Gecko) Chrome/149.0.0.0 Safari/537.36 Edg/149.0.0.0"
[2026-06-15 14:33:03] INFO: ::1 - - [15/Jun/2026:11:33:03 +0000] "GET /api/v1/provider/orders/6a2694d950653555e6062a4a HTTP/1.1" 429 108 "http://localhost:5173/" "Mozilla/5.0 (Windows NT 10.0; Win64; x64) AppleWebKit/537.36 (KHTML, like Gecko) Chrome/149.0.0.0 Safari/537.36 Edg/149.0.0.0"
[2026-06-15 14:33:06] INFO: ::1 - - [15/Jun/2026:11:33:06 +0000] "GET /api/v1/provider/orders/6a259bb48cbe7ff7f756417d HTTP/1.1" 429 108 "http://localhost:5173/" "Mozilla/5.0 (Windows NT 10.0; Win64; x64) AppleWebKit/537.36 (KHTML, like Gecko) Chrome/149.0.0.0 Safari/537.36 Edg/149.0.0.0"
[2026-06-15 14:33:09] INFO: ::1 - - [15/Jun/2026:11:33:09 +0000] "GET /api/v1/provider/orders/6a2694d950653555e6062a4a HTTP/1.1" 429 108 "http://localhost:5173/" "Mozilla/5.0 (Windows NT 10.0; Win64; x64) AppleWebKit/537.36 (KHTML, like Gecko) Chrome/149.0.0.0 Safari/537.36 Edg/149.0.0.0"
[2026-06-15 14:33:52] INFO: ::1 - - [15/Jun/2026:11:33:52 +0000] "GET /api/v1/provider/orders HTTP/1.1" 429 108 "http://localhost:5173/" "Mozilla/5.0 (Windows NT 10.0; Win64; x64) AppleWebKit/537.36 (KHTML, like Gecko) Chrome/149.0.0.0 Safari/537.36 Edg/149.0.0.0"
[2026-06-15 14:33:52] INFO: ::1 - - [15/Jun/2026:11:33:52 +0000] "GET /api/v1/provider/dashboard HTTP/1.1" 429 108 "http://localhost:5173/" "Mozilla/5.0 (Windows NT 10.0; Win64; x64) AppleWebKit/537.36 (KHTML, like Gecko) Chrome/149.0.0.0 Safari/537.36 Edg/149.0.0.0"
[2026-06-15 14:33:52] INFO: ::1 - - [15/Jun/2026:11:33:52 +0000] "GET /api/v1/provider/discounts/tiers HTTP/1.1" 429 108 "http://localhost:5173/" "Mozilla/5.0 (Windows NT 10.0; Win64; x64) AppleWebKit/537.36 (KHTML, like Gecko) Chrome/149.0.0.0 Safari/537.36 Edg/149.0.0.0"
[2026-06-15 14:33:52] INFO: ::1 - - [15/Jun/2026:11:33:52 +0000] "GET /api/v1/provider/services/categories HTTP/1.1" 429 108 "http://localhost:5173/" "Mozilla/5.0 (Windows NT 10.0; Win64; x64) AppleWebKit/537.36 (KHTML, like Gecko) Chrome/149.0.0.0 Safari/537.36 Edg/149.0.0.0"
[2026-06-15 14:33:52] INFO: ::1 - - [15/Jun/2026:11:33:52 +0000] "GET /api/v1/provider/discounts/special-entities HTTP/1.1" 429 108 "http://localhost:5173/" "Mozilla/5.0 (Windows NT 10.0; Win64; x64) AppleWebKit/537.36 (KHTML, like Gecko) Chrome/149.0.0.0 Safari/537.36 Edg/149.0.0.0"
[2026-06-15 14:33:52] INFO: ::1 - - [15/Jun/2026:11:33:52 +0000] "GET /api/v1/provider/services HTTP/1.1" 429 108 "http://localhost:5173/" "Mozilla/5.0 (Windows NT 10.0; Win64; x64) AppleWebKit/537.36 (KHTML, like Gecko) Chrome/149.0.0.0 Safari/537.36 Edg/149.0.0.0"
[2026-06-15 14:33:52] INFO: ::1 - - [15/Jun/2026:11:33:52 +0000] "GET /api/v1/provider/orders HTTP/1.1" 429 108 "http://localhost:5173/" "Mozilla/5.0 (Windows NT 10.0; Win64; x64) AppleWebKit/537.36 (KHTML, like Gecko) Chrome/149.0.0.0 Safari/537.36 Edg/149.0.0.0"
[2026-06-15 14:33:52] INFO: ::1 - - [15/Jun/2026:11:33:52 +0000] "GET /api/v1/provider/dashboard HTTP/1.1" 429 108 "http://localhost:5173/" "Mozilla/5.0 (Windows NT 10.0; Win64; x64) AppleWebKit/537.36 (KHTML, like Gecko) Chrome/149.0.0.0 Safari/537.36 Edg/149.0.0.0"
[2026-06-15 14:33:52] INFO: ::1 - - [15/Jun/2026:11:33:52 +0000] "GET /api/v1/provider/discounts/tiers HTTP/1.1" 429 108 "http://localhost:5173/" "Mozilla/5.0 (Windows NT 10.0; Win64; x64) AppleWebKit/537.36 (KHTML, like Gecko) Chrome/149.0.0.0 Safari/537.36 Edg/149.0.0.0"
[2026-06-15 14:33:52] INFO: ::1 - - [15/Jun/2026:11:33:52 +0000] "GET /api/v1/provider/services/categories HTTP/1.1" 429 108 "http://localhost:5173/" "Mozilla/5.0 (Windows NT 10.0; Win64; x64) AppleWebKit/537.36 (KHTML, like Gecko) Chrome/149.0.0.0 Safari/537.36 Edg/149.0.0.0"
[2026-06-15 14:33:52] INFO: ::1 - - [15/Jun/2026:11:33:52 +0000] "GET /api/v1/provider/discounts/special-entities HTTP/1.1" 429 108 "http://localhost:5173/" "Mozilla/5.0 (Windows NT 10.0; Win64; x64) AppleWebKit/537.36 (KHTML, like Gecko) Chrome/149.0.0.0 Safari/537.36 Edg/149.0.0.0"
[2026-06-15 14:33:52] INFO: ::1 - - [15/Jun/2026:11:33:52 +0000] "GET /api/v1/provider/dashboard/live HTTP/1.1" 429 108 "http://localhost:5173/" "Mozilla/5.0 (Windows NT 10.0; Win64; x64) AppleWebKit/537.36 (KHTML, like Gecko) Chrome/149.0.0.0 Safari/537.36 Edg/149.0.0.0"
[2026-06-15 14:33:52] INFO: ::1 - - [15/Jun/2026:11:33:52 +0000] "GET /api/v1/provider/services HTTP/1.1" 429 108 "http://localhost:5173/" "Mozilla/5.0 (Windows NT 10.0; Win64; x64) AppleWebKit/537.36 (KHTML, like Gecko) Chrome/149.0.0.0 Safari/537.36 Edg/149.0.0.0"
[2026-06-15 14:33:52] INFO: ::1 - - [15/Jun/2026:11:33:52 +0000] "GET /api/v1/provider/settings HTTP/1.1" 429 108 "http://localhost:5173/" "Mozilla/5.0 (Windows NT 10.0; Win64; x64) AppleWebKit/537.36 (KHTML, like Gecko) Chrome/149.0.0.0 Safari/537.36 Edg/149.0.0.0"
[2026-06-15 14:33:52] INFO: ::1 - - [15/Jun/2026:11:33:52 +0000] "GET /api/v1/provider/profile HTTP/1.1" 429 108 "http://localhost:5173/" "Mozilla/5.0 (Windows NT 10.0; Win64; x64) AppleWebKit/537.36 (KHTML, like Gecko) Chrome/149.0.0.0 Safari/537.36 Edg/149.0.0.0"
[2026-06-15 14:33:52] INFO: ::1 - - [15/Jun/2026:11:33:52 +0000] "GET /api/v1/provider/reviews HTTP/1.1" 429 108 "http://localhost:5173/" "Mozilla/5.0 (Windows NT 10.0; Win64; x64) AppleWebKit/537.36 (KHTML, like Gecko) Chrome/149.0.0.0 Safari/537.36 Edg/149.0.0.0"
[2026-06-15 14:33:52] INFO: ::1 - - [15/Jun/2026:11:33:52 +0000] "GET /api/v1/provider/settings HTTP/1.1" 429 108 "http://localhost:5173/" "Mozilla/5.0 (Windows NT 10.0; Win64; x64) AppleWebKit/537.36 (KHTML, like Gecko) Chrome/149.0.0.0 Safari/537.36 Edg/149.0.0.0"
[2026-06-15 14:33:52] INFO: ::1 - - [15/Jun/2026:11:33:52 +0000] "GET /api/v1/provider/profile HTTP/1.1" 429 108 "http://localhost:5173/" "Mozilla/5.0 (Windows NT 10.0; Win64; x64) AppleWebKit/537.36 (KHTML, like Gecko) Chrome/149.0.0.0 Safari/537.36 Edg/149.0.0.0"
[2026-06-15 14:33:52] INFO: ::1 - - [15/Jun/2026:11:33:52 +0000] "GET /api/v1/provider/reviews HTTP/1.1" 429 108 "http://localhost:5173/" "Mozilla/5.0 (Windows NT 10.0; Win64; x64) AppleWebKit/537.36 (KHTML, like Gecko) Chrome/149.0.0.0 Safari/537.36 Edg/149.0.0.0"
[2026-06-15 14:34:07] INFO: ::1 - - [15/Jun/2026:11:34:07 +0000] "GET /api/v1/provider/orders HTTP/1.1" 429 108 "http://localhost:5173/" "Mozilla/5.0 (Windows NT 10.0; Win64; x64) AppleWebKit/537.36 (KHTML, like Gecko) Chrome/149.0.0.0 Safari/537.36 Edg/149.0.0.0"
[2026-06-15 14:34:07] INFO: ::1 - - [15/Jun/2026:11:34:07 +0000] "GET /api/v1/provider/dashboard HTTP/1.1" 429 108 "http://localhost:5173/" "Mozilla/5.0 (Windows NT 10.0; Win64; x64) AppleWebKit/537.36 (KHTML, like Gecko) Chrome/149.0.0.0 Safari/537.36 Edg/149.0.0.0"
[2026-06-15 14:34:07] INFO: ::1 - - [15/Jun/2026:11:34:07 +0000] "GET /api/v1/provider/discounts/tiers HTTP/1.1" 429 108 "http://localhost:5173/" "Mozilla/5.0 (Windows NT 10.0; Win64; x64) AppleWebKit/537.36 (KHTML, like Gecko) Chrome/149.0.0.0 Safari/537.36 Edg/149.0.0.0"
[2026-06-15 14:34:07] INFO: ::1 - - [15/Jun/2026:11:34:07 +0000] "GET /api/v1/provider/discounts/special-entities HTTP/1.1" 429 108 "http://localhost:5173/" "Mozilla/5.0 (Windows NT 10.0; Win64; x64) AppleWebKit/537.36 (KHTML, like Gecko) Chrome/149.0.0.0 Safari/537.36 Edg/149.0.0.0"
[2026-06-15 14:34:07] INFO: ::1 - - [15/Jun/2026:11:34:07 +0000] "GET /api/v1/provider/services/categories HTTP/1.1" 429 108 "http://localhost:5173/" "Mozilla/5.0 (Windows NT 10.0; Win64; x64) AppleWebKit/537.36 (KHTML, like Gecko) Chrome/149.0.0.0 Safari/537.36 Edg/149.0.0.0"
[2026-06-15 14:34:07] INFO: ::1 - - [15/Jun/2026:11:34:07 +0000] "GET /api/v1/provider/orders HTTP/1.1" 429 108 "http://localhost:5173/" "Mozilla/5.0 (Windows NT 10.0; Win64; x64) AppleWebKit/537.36 (KHTML, like Gecko) Chrome/149.0.0.0 Safari/537.36 Edg/149.0.0.0"
[2026-06-15 14:34:07] INFO: ::1 - - [15/Jun/2026:11:34:07 +0000] "GET /api/v1/provider/dashboard HTTP/1.1" 429 108 "http://localhost:5173/" "Mozilla/5.0 (Windows NT 10.0; Win64; x64) AppleWebKit/537.36 (KHTML, like Gecko) Chrome/149.0.0.0 Safari/537.36 Edg/149.0.0.0"
[2026-06-15 14:34:07] INFO: ::1 - - [15/Jun/2026:11:34:07 +0000] "GET /api/v1/provider/discounts/tiers HTTP/1.1" 429 108 "http://localhost:5173/" "Mozilla/5.0 (Windows NT 10.0; Win64; x64) AppleWebKit/537.36 (KHTML, like Gecko) Chrome/149.0.0.0 Safari/537.36 Edg/149.0.0.0"
[2026-06-15 14:34:07] INFO: ::1 - - [15/Jun/2026:11:34:07 +0000] "GET /api/v1/provider/services HTTP/1.1" 429 108 "http://localhost:5173/" "Mozilla/5.0 (Windows NT 10.0; Win64; x64) AppleWebKit/537.36 (KHTML, like Gecko) Chrome/149.0.0.0 Safari/537.36 Edg/149.0.0.0"
[2026-06-15 14:34:07] INFO: ::1 - - [15/Jun/2026:11:34:07 +0000] "GET /api/v1/provider/profile HTTP/1.1" 429 108 "http://localhost:5173/" "Mozilla/5.0 (Windows NT 10.0; Win64; x64) AppleWebKit/537.36 (KHTML, like Gecko) Chrome/149.0.0.0 Safari/537.36 Edg/149.0.0.0"
[2026-06-15 14:34:07] INFO: ::1 - - [15/Jun/2026:11:34:07 +0000] "GET /api/v1/provider/settings HTTP/1.1" 429 108 "http://localhost:5173/" "Mozilla/5.0 (Windows NT 10.0; Win64; x64) AppleWebKit/537.36 (KHTML, like Gecko) Chrome/149.0.0.0 Safari/537.36 Edg/149.0.0.0"
[2026-06-15 14:34:07] INFO: ::1 - - [15/Jun/2026:11:34:07 +0000] "GET /api/v1/provider/discounts/special-entities HTTP/1.1" 429 108 "http://localhost:5173/" "Mozilla/5.0 (Windows NT 10.0; Win64; x64) AppleWebKit/537.36 (KHTML, like Gecko) Chrome/149.0.0.0 Safari/537.36 Edg/149.0.0.0"
[2026-06-15 14:34:07] INFO: ::1 - - [15/Jun/2026:11:34:07 +0000] "GET /api/v1/provider/services/categories HTTP/1.1" 429 108 "http://localhost:5173/" "Mozilla/5.0 (Windows NT 10.0; Win64; x64) AppleWebKit/537.36 (KHTML, like Gecko) Chrome/149.0.0.0 Safari/537.36 Edg/149.0.0.0"
[2026-06-15 14:34:07] INFO: ::1 - - [15/Jun/2026:11:34:07 +0000] "GET /api/v1/provider/dashboard/live HTTP/1.1" 429 108 "http://localhost:5173/" "Mozilla/5.0 (Windows NT 10.0; Win64; x64) AppleWebKit/537.36 (KHTML, like Gecko) Chrome/149.0.0.0 Safari/537.36 Edg/149.0.0.0"
[2026-06-15 14:34:07] INFO: ::1 - - [15/Jun/2026:11:34:07 +0000] "GET /api/v1/provider/reviews HTTP/1.1" 429 108 "http://localhost:5173/" "Mozilla/5.0 (Windows NT 10.0; Win64; x64) AppleWebKit/537.36 (KHTML, like Gecko) Chrome/149.0.0.0 Safari/537.36 Edg/149.0.0.0"
[2026-06-15 14:34:07] INFO: ::1 - - [15/Jun/2026:11:34:07 +0000] "GET /api/v1/provider/services HTTP/1.1" 429 108 "http://localhost:5173/" "Mozilla/5.0 (Windows NT 10.0; Win64; x64) AppleWebKit/537.36 (KHTML, like Gecko) Chrome/149.0.0.0 Safari/537.36 Edg/149.0.0.0"
[2026-06-15 14:34:07] INFO: ::1 - - [15/Jun/2026:11:34:07 +0000] "GET /api/v1/provider/profile HTTP/1.1" 429 108 "http://localhost:5173/" "Mozilla/5.0 (Windows NT 10.0; Win64; x64) AppleWebKit/537.36 (KHTML, like Gecko) Chrome/149.0.0.0 Safari/537.36 Edg/149.0.0.0"
[2026-06-15 14:34:07] INFO: ::1 - - [15/Jun/2026:11:34:07 +0000] "GET /api/v1/provider/settings HTTP/1.1" 429 108 "http://localhost:5173/" "Mozilla/5.0 (Windows NT 10.0; Win64; x64) AppleWebKit/537.36 (KHTML, like Gecko) Chrome/149.0.0.0 Safari/537.36 Edg/149.0.0.0"
[2026-06-15 14:34:07] INFO: ::1 - - [15/Jun/2026:11:34:07 +0000] "GET /api/v1/provider/reviews HTTP/1.1" 429 108 "http://localhost:5173/" "Mozilla/5.0 (Windows NT 10.0; Win64; x64) AppleWebKit/537.36 (KHTML, like Gecko) Chrome/149.0.0.0 Safari/537.36 Edg/149.0.0.0"
[2026-06-15 14:34:38] INFO: ::1 - - [15/Jun/2026:11:34:38 +0000] "GET /api/v1/provider/orders HTTP/1.1" 429 108 "http://localhost:5173/" "Mozilla/5.0 (Windows NT 10.0; Win64; x64) AppleWebKit/537.36 (KHTML, like Gecko) Chrome/149.0.0.0 Safari/537.36 Edg/149.0.0.0"
[2026-06-15 14:34:38] INFO: ::1 - - [15/Jun/2026:11:34:38 +0000] "GET /api/v1/provider/dashboard HTTP/1.1" 429 108 "http://localhost:5173/" "Mozilla/5.0 (Windows NT 10.0; Win64; x64) AppleWebKit/537.36 (KHTML, like Gecko) Chrome/149.0.0.0 Safari/537.36 Edg/149.0.0.0"
[2026-06-15 14:34:38] INFO: ::1 - - [15/Jun/2026:11:34:38 +0000] "GET /api/v1/provider/discounts/tiers HTTP/1.1" 429 108 "http://localhost:5173/" "Mozilla/5.0 (Windows NT 10.0; Win64; x64) AppleWebKit/537.36 (KHTML, like Gecko) Chrome/149.0.0.0 Safari/537.36 Edg/149.0.0.0"
[2026-06-15 14:34:38] INFO: ::1 - - [15/Jun/2026:11:34:38 +0000] "GET /api/v1/provider/discounts/special-entities HTTP/1.1" 429 108 "http://localhost:5173/" "Mozilla/5.0 (Windows NT 10.0; Win64; x64) AppleWebKit/537.36 (KHTML, like Gecko) Chrome/149.0.0.0 Safari/537.36 Edg/149.0.0.0"
[2026-06-15 14:34:38] INFO: ::1 - - [15/Jun/2026:11:34:38 +0000] "GET /api/v1/provider/orders HTTP/1.1" 429 108 "http://localhost:5173/" "Mozilla/5.0 (Windows NT 10.0; Win64; x64) AppleWebKit/537.36 (KHTML, like Gecko) Chrome/149.0.0.0 Safari/537.36 Edg/149.0.0.0"
[2026-06-15 14:34:38] INFO: ::1 - - [15/Jun/2026:11:34:38 +0000] "GET /api/v1/provider/services/categories HTTP/1.1" 429 108 "http://localhost:5173/" "Mozilla/5.0 (Windows NT 10.0; Win64; x64) AppleWebKit/537.36 (KHTML, like Gecko) Chrome/149.0.0.0 Safari/537.36 Edg/149.0.0.0"
[2026-06-15 14:34:38] INFO: ::1 - - [15/Jun/2026:11:34:38 +0000] "GET /api/v1/provider/dashboard HTTP/1.1" 429 108 "http://localhost:5173/" "Mozilla/5.0 (Windows NT 10.0; Win64; x64) AppleWebKit/537.36 (KHTML, like Gecko) Chrome/149.0.0.0 Safari/537.36 Edg/149.0.0.0"
[2026-06-15 14:34:38] INFO: ::1 - - [15/Jun/2026:11:34:38 +0000] "GET /api/v1/provider/dashboard/live HTTP/1.1" 429 108 "http://localhost:5173/" "Mozilla/5.0 (Windows NT 10.0; Win64; x64) AppleWebKit/537.36 (KHTML, like Gecko) Chrome/149.0.0.0 Safari/537.36 Edg/149.0.0.0"
[2026-06-15 14:34:38] INFO: ::1 - - [15/Jun/2026:11:34:38 +0000] "GET /api/v1/provider/services HTTP/1.1" 429 108 "http://localhost:5173/" "Mozilla/5.0 (Windows NT 10.0; Win64; x64) AppleWebKit/537.36 (KHTML, like Gecko) Chrome/149.0.0.0 Safari/537.36 Edg/149.0.0.0"
[2026-06-15 14:34:38] INFO: ::1 - - [15/Jun/2026:11:34:38 +0000] "GET /api/v1/provider/discounts/tiers HTTP/1.1" 429 108 "http://localhost:5173/" "Mozilla/5.0 (Windows NT 10.0; Win64; x64) AppleWebKit/537.36 (KHTML, like Gecko) Chrome/149.0.0.0 Safari/537.36 Edg/149.0.0.0"
[2026-06-15 14:34:38] INFO: ::1 - - [15/Jun/2026:11:34:38 +0000] "GET /api/v1/provider/discounts/special-entities HTTP/1.1" 429 108 "http://localhost:5173/" "Mozilla/5.0 (Windows NT 10.0; Win64; x64) AppleWebKit/537.36 (KHTML, like Gecko) Chrome/149.0.0.0 Safari/537.36 Edg/149.0.0.0"
[2026-06-15 14:34:38] INFO: ::1 - - [15/Jun/2026:11:34:38 +0000] "GET /api/v1/provider/profile HTTP/1.1" 429 108 "http://localhost:5173/" "Mozilla/5.0 (Windows NT 10.0; Win64; x64) AppleWebKit/537.36 (KHTML, like Gecko) Chrome/149.0.0.0 Safari/537.36 Edg/149.0.0.0"
[2026-06-15 14:34:38] INFO: ::1 - - [15/Jun/2026:11:34:38 +0000] "GET /api/v1/provider/settings HTTP/1.1" 429 108 "http://localhost:5173/" "Mozilla/5.0 (Windows NT 10.0; Win64; x64) AppleWebKit/537.36 (KHTML, like Gecko) Chrome/149.0.0.0 Safari/537.36 Edg/149.0.0.0"
[2026-06-15 14:34:38] INFO: ::1 - - [15/Jun/2026:11:34:38 +0000] "GET /api/v1/provider/reviews HTTP/1.1" 429 108 "http://localhost:5173/" "Mozilla/5.0 (Windows NT 10.0; Win64; x64) AppleWebKit/537.36 (KHTML, like Gecko) Chrome/149.0.0.0 Safari/537.36 Edg/149.0.0.0"
[2026-06-15 14:34:38] INFO: ::1 - - [15/Jun/2026:11:34:38 +0000] "GET /api/v1/provider/services/categories HTTP/1.1" 429 108 "http://localhost:5173/" "Mozilla/5.0 (Windows NT 10.0; Win64; x64) AppleWebKit/537.36 (KHTML, like Gecko) Chrome/149.0.0.0 Safari/537.36 Edg/149.0.0.0"
[2026-06-15 14:34:38] INFO: ::1 - - [15/Jun/2026:11:34:38 +0000] "GET /api/v1/provider/profile HTTP/1.1" 429 108 "http://localhost:5173/" "Mozilla/5.0 (Windows NT 10.0; Win64; x64) AppleWebKit/537.36 (KHTML, like Gecko) Chrome/149.0.0.0 Safari/537.36 Edg/149.0.0.0"
[2026-06-15 14:34:38] INFO: ::1 - - [15/Jun/2026:11:34:38 +0000] "GET /api/v1/provider/services HTTP/1.1" 429 108 "http://localhost:5173/" "Mozilla/5.0 (Windows NT 10.0; Win64; x64) AppleWebKit/537.36 (KHTML, like Gecko) Chrome/149.0.0.0 Safari/537.36 Edg/149.0.0.0"
[2026-06-15 14:34:38] INFO: ::1 - - [15/Jun/2026:11:34:38 +0000] "GET /api/v1/provider/settings HTTP/1.1" 429 108 "http://localhost:5173/" "Mozilla/5.0 (Windows NT 10.0; Win64; x64) AppleWebKit/537.36 (KHTML, like Gecko) Chrome/149.0.0.0 Safari/537.36 Edg/149.0.0.0"
[2026-06-15 14:34:38] INFO: ::1 - - [15/Jun/2026:11:34:38 +0000] "GET /api/v1/provider/reviews HTTP/1.1" 429 108 "http://localhost:5173/" "Mozilla/5.0 (Windows NT 10.0; Win64; x64) AppleWebKit/537.36 (KHTML, like Gecko) Chrome/149.0.0.0 Safari/537.36 Edg/149.0.0.0"
[2026-06-15 14:34:41] INFO: ::1 - - [15/Jun/2026:11:34:41 +0000] "GET /api/v1/provider/orders HTTP/1.1" 429 108 "http://localhost:5173/" "Mozilla/5.0 (Windows NT 10.0; Win64; x64) AppleWebKit/537.36 (KHTML, like Gecko) Chrome/149.0.0.0 Safari/537.36 Edg/149.0.0.0"
[2026-06-15 14:34:41] INFO: ::1 - - [15/Jun/2026:11:34:41 +0000] "GET /api/v1/provider/dashboard HTTP/1.1" 429 108 "http://localhost:5173/" "Mozilla/5.0 (Windows NT 10.0; Win64; x64) AppleWebKit/537.36 (KHTML, like Gecko) Chrome/149.0.0.0 Safari/537.36 Edg/149.0.0.0"
[2026-06-15 14:34:41] INFO: ::1 - - [15/Jun/2026:11:34:41 +0000] "GET /api/v1/provider/discounts/tiers HTTP/1.1" 429 108 "http://localhost:5173/" "Mozilla/5.0 (Windows NT 10.0; Win64; x64) AppleWebKit/537.36 (KHTML, like Gecko) Chrome/149.0.0.0 Safari/537.36 Edg/149.0.0.0"
[2026-06-15 14:34:41] INFO: ::1 - - [15/Jun/2026:11:34:41 +0000] "GET /api/v1/provider/discounts/special-entities HTTP/1.1" 429 108 "http://localhost:5173/" "Mozilla/5.0 (Windows NT 10.0; Win64; x64) AppleWebKit/537.36 (KHTML, like Gecko) Chrome/149.0.0.0 Safari/537.36 Edg/149.0.0.0"
[2026-06-15 14:34:41] INFO: ::1 - - [15/Jun/2026:11:34:41 +0000] "GET /api/v1/provider/services/categories HTTP/1.1" 429 108 "http://localhost:5173/" "Mozilla/5.0 (Windows NT 10.0; Win64; x64) AppleWebKit/537.36 (KHTML, like Gecko) Chrome/149.0.0.0 Safari/537.36 Edg/149.0.0.0"
[2026-06-15 14:34:41] INFO: ::1 - - [15/Jun/2026:11:34:41 +0000] "GET /api/v1/provider/services HTTP/1.1" 429 108 "http://localhost:5173/" "Mozilla/5.0 (Windows NT 10.0; Win64; x64) AppleWebKit/537.36 (KHTML, like Gecko) Chrome/149.0.0.0 Safari/537.36 Edg/149.0.0.0"
[2026-06-15 14:34:41] INFO: ::1 - - [15/Jun/2026:11:34:41 +0000] "GET /api/v1/provider/profile HTTP/1.1" 429 108 "http://localhost:5173/" "Mozilla/5.0 (Windows NT 10.0; Win64; x64) AppleWebKit/537.36 (KHTML, like Gecko) Chrome/149.0.0.0 Safari/537.36 Edg/149.0.0.0"
[2026-06-15 14:34:41] INFO: ::1 - - [15/Jun/2026:11:34:41 +0000] "GET /api/v1/provider/settings HTTP/1.1" 429 108 "http://localhost:5173/" "Mozilla/5.0 (Windows NT 10.0; Win64; x64) AppleWebKit/537.36 (KHTML, like Gecko) Chrome/149.0.0.0 Safari/537.36 Edg/149.0.0.0"
[2026-06-15 14:34:41] INFO: ::1 - - [15/Jun/2026:11:34:41 +0000] "GET /api/v1/provider/dashboard HTTP/1.1" 429 108 "http://localhost:5173/" "Mozilla/5.0 (Windows NT 10.0; Win64; x64) AppleWebKit/537.36 (KHTML, like Gecko) Chrome/149.0.0.0 Safari/537.36 Edg/149.0.0.0"
[2026-06-15 14:34:41] INFO: ::1 - - [15/Jun/2026:11:34:41 +0000] "GET /api/v1/provider/discounts/special-entities HTTP/1.1" 429 108 "http://localhost:5173/" "Mozilla/5.0 (Windows NT 10.0; Win64; x64) AppleWebKit/537.36 (KHTML, like Gecko) Chrome/149.0.0.0 Safari/537.36 Edg/149.0.0.0"
[2026-06-15 14:34:41] INFO: ::1 - - [15/Jun/2026:11:34:41 +0000] "GET /api/v1/provider/services HTTP/1.1" 429 108 "http://localhost:5173/" "Mozilla/5.0 (Windows NT 10.0; Win64; x64) AppleWebKit/537.36 (KHTML, like Gecko) Chrome/149.0.0.0 Safari/537.36 Edg/149.0.0.0"
[2026-06-15 14:34:41] INFO: ::1 - - [15/Jun/2026:11:34:41 +0000] "GET /api/v1/provider/reviews HTTP/1.1" 429 108 "http://localhost:5173/" "Mozilla/5.0 (Windows NT 10.0; Win64; x64) AppleWebKit/537.36 (KHTML, like Gecko) Chrome/149.0.0.0 Safari/537.36 Edg/149.0.0.0"
[2026-06-15 14:34:41] INFO: ::1 - - [15/Jun/2026:11:34:41 +0000] "GET /api/v1/provider/orders HTTP/1.1" 429 108 "http://localhost:5173/" "Mozilla/5.0 (Windows NT 10.0; Win64; x64) AppleWebKit/537.36 (KHTML, like Gecko) Chrome/149.0.0.0 Safari/537.36 Edg/149.0.0.0"
[2026-06-15 14:34:41] INFO: ::1 - - [15/Jun/2026:11:34:41 +0000] "GET /api/v1/provider/discounts/tiers HTTP/1.1" 429 108 "http://localhost:5173/" "Mozilla/5.0 (Windows NT 10.0; Win64; x64) AppleWebKit/537.36 (KHTML, like Gecko) Chrome/149.0.0.0 Safari/537.36 Edg/149.0.0.0"
[2026-06-15 14:34:41] INFO: ::1 - - [15/Jun/2026:11:34:41 +0000] "GET /api/v1/provider/services/categories HTTP/1.1" 429 108 "http://localhost:5173/" "Mozilla/5.0 (Windows NT 10.0; Win64; x64) AppleWebKit/537.36 (KHTML, like Gecko) Chrome/149.0.0.0 Safari/537.36 Edg/149.0.0.0"
[2026-06-15 14:34:41] INFO: ::1 - - [15/Jun/2026:11:34:41 +0000] "GET /api/v1/provider/dashboard/live HTTP/1.1" 429 108 "http://localhost:5173/" "Mozilla/5.0 (Windows NT 10.0; Win64; x64) AppleWebKit/537.36 (KHTML, like Gecko) Chrome/149.0.0.0 Safari/537.36 Edg/149.0.0.0"
[2026-06-15 14:34:41] INFO: ::1 - - [15/Jun/2026:11:34:41 +0000] "GET /api/v1/provider/profile HTTP/1.1" 429 108 "http://localhost:5173/" "Mozilla/5.0 (Windows NT 10.0; Win64; x64) AppleWebKit/537.36 (KHTML, like Gecko) Chrome/149.0.0.0 Safari/537.36 Edg/149.0.0.0"
[2026-06-15 14:34:41] INFO: ::1 - - [15/Jun/2026:11:34:41 +0000] "GET /api/v1/provider/settings HTTP/1.1" 429 108 "http://localhost:5173/" "Mozilla/5.0 (Windows NT 10.0; Win64; x64) AppleWebKit/537.36 (KHTML, like Gecko) Chrome/149.0.0.0 Safari/537.36 Edg/149.0.0.0"
[2026-06-15 14:34:41] INFO: ::1 - - [15/Jun/2026:11:34:41 +0000] "GET /api/v1/provider/reviews HTTP/1.1" 429 108 "http://localhost:5173/" "Mozilla/5.0 (Windows NT 10.0; Win64; x64) AppleWebKit/537.36 (KHTML, like Gecko) Chrome/149.0.0.0 Safari/537.36 Edg/149.0.0.0"
[2026-06-15 14:34:42] INFO: ::1 - - [15/Jun/2026:11:34:42 +0000] "GET /api/v1/provider/orders HTTP/1.1" 429 108 "http://localhost:5173/" "Mozilla/5.0 (Windows NT 10.0; Win64; x64) AppleWebKit/537.36 (KHTML, like Gecko) Chrome/149.0.0.0 Safari/537.36 Edg/149.0.0.0"
[2026-06-15 14:34:42] INFO: ::1 - - [15/Jun/2026:11:34:42 +0000] "GET /api/v1/provider/dashboard HTTP/1.1" 429 108 "http://localhost:5173/" "Mozilla/5.0 (Windows NT 10.0; Win64; x64) AppleWebKit/537.36 (KHTML, like Gecko) Chrome/149.0.0.0 Safari/537.36 Edg/149.0.0.0"
[2026-06-15 14:34:42] INFO: ::1 - - [15/Jun/2026:11:34:42 +0000] "GET /api/v1/provider/discounts/tiers HTTP/1.1" 429 108 "http://localhost:5173/" "Mozilla/5.0 (Windows NT 10.0; Win64; x64) AppleWebKit/537.36 (KHTML, like Gecko) Chrome/149.0.0.0 Safari/537.36 Edg/149.0.0.0"
[2026-06-15 14:34:42] INFO: ::1 - - [15/Jun/2026:11:34:42 +0000] "GET /api/v1/provider/settings HTTP/1.1" 429 108 "http://localhost:5173/" "Mozilla/5.0 (Windows NT 10.0; Win64; x64) AppleWebKit/537.36 (KHTML, like Gecko) Chrome/149.0.0.0 Safari/537.36 Edg/149.0.0.0"
[2026-06-15 14:34:42] INFO: ::1 - - [15/Jun/2026:11:34:42 +0000] "GET /api/v1/provider/reviews HTTP/1.1" 429 108 "http://localhost:5173/" "Mozilla/5.0 (Windows NT 10.0; Win64; x64) AppleWebKit/537.36 (KHTML, like Gecko) Chrome/149.0.0.0 Safari/537.36 Edg/149.0.0.0"
[2026-06-15 14:34:42] INFO: ::1 - - [15/Jun/2026:11:34:42 +0000] "GET /api/v1/provider/discounts/special-entities HTTP/1.1" 429 108 "http://localhost:5173/" "Mozilla/5.0 (Windows NT 10.0; Win64; x64) AppleWebKit/537.36 (KHTML, like Gecko) Chrome/149.0.0.0 Safari/537.36 Edg/149.0.0.0"
[2026-06-15 14:34:42] INFO: ::1 - - [15/Jun/2026:11:34:42 +0000] "GET /api/v1/provider/services/categories HTTP/1.1" 429 108 "http://localhost:5173/" "Mozilla/5.0 (Windows NT 10.0; Win64; x64) AppleWebKit/537.36 (KHTML, like Gecko) Chrome/149.0.0.0 Safari/537.36 Edg/149.0.0.0"
[2026-06-15 14:34:42] INFO: ::1 - - [15/Jun/2026:11:34:42 +0000] "GET /api/v1/provider/services HTTP/1.1" 429 108 "http://localhost:5173/" "Mozilla/5.0 (Windows NT 10.0; Win64; x64) AppleWebKit/537.36 (KHTML, like Gecko) Chrome/149.0.0.0 Safari/537.36 Edg/149.0.0.0"
[2026-06-15 14:34:42] INFO: ::1 - - [15/Jun/2026:11:34:42 +0000] "GET /api/v1/provider/profile HTTP/1.1" 429 108 "http://localhost:5173/" "Mozilla/5.0 (Windows NT 10.0; Win64; x64) AppleWebKit/537.36 (KHTML, like Gecko) Chrome/149.0.0.0 Safari/537.36 Edg/149.0.0.0"
[2026-06-15 14:34:42] INFO: ::1 - - [15/Jun/2026:11:34:42 +0000] "GET /api/v1/provider/orders HTTP/1.1" 429 108 "http://localhost:5173/" "Mozilla/5.0 (Windows NT 10.0; Win64; x64) AppleWebKit/537.36 (KHTML, like Gecko) Chrome/149.0.0.0 Safari/537.36 Edg/149.0.0.0"
[2026-06-15 14:34:42] INFO: ::1 - - [15/Jun/2026:11:34:42 +0000] "GET /api/v1/provider/dashboard HTTP/1.1" 429 108 "http://localhost:5173/" "Mozilla/5.0 (Windows NT 10.0; Win64; x64) AppleWebKit/537.36 (KHTML, like Gecko) Chrome/149.0.0.0 Safari/537.36 Edg/149.0.0.0"
[2026-06-15 14:34:42] INFO: ::1 - - [15/Jun/2026:11:34:42 +0000] "GET /api/v1/provider/dashboard/live HTTP/1.1" 429 108 "http://localhost:5173/" "Mozilla/5.0 (Windows NT 10.0; Win64; x64) AppleWebKit/537.36 (KHTML, like Gecko) Chrome/149.0.0.0 Safari/537.36 Edg/149.0.0.0"
[2026-06-15 14:34:42] INFO: ::1 - - [15/Jun/2026:11:34:42 +0000] "GET /api/v1/provider/discounts/tiers HTTP/1.1" 429 108 "http://localhost:5173/" "Mozilla/5.0 (Windows NT 10.0; Win64; x64) AppleWebKit/537.36 (KHTML, like Gecko) Chrome/149.0.0.0 Safari/537.36 Edg/149.0.0.0"
[2026-06-15 14:34:42] INFO: ::1 - - [15/Jun/2026:11:34:42 +0000] "GET /api/v1/provider/settings HTTP/1.1" 429 108 "http://localhost:5173/" "Mozilla/5.0 (Windows NT 10.0; Win64; x64) AppleWebKit/537.36 (KHTML, like Gecko) Chrome/149.0.0.0 Safari/537.36 Edg/149.0.0.0"
[2026-06-15 14:34:42] INFO: ::1 - - [15/Jun/2026:11:34:42 +0000] "GET /api/v1/provider/reviews HTTP/1.1" 429 108 "http://localhost:5173/" "Mozilla/5.0 (Windows NT 10.0; Win64; x64) AppleWebKit/537.36 (KHTML, like Gecko) Chrome/149.0.0.0 Safari/537.36 Edg/149.0.0.0"
[2026-06-15 14:34:42] INFO: ::1 - - [15/Jun/2026:11:34:42 +0000] "GET /api/v1/provider/services HTTP/1.1" 429 108 "http://localhost:5173/" "Mozilla/5.0 (Windows NT 10.0; Win64; x64) AppleWebKit/537.36 (KHTML, like Gecko) Chrome/149.0.0.0 Safari/537.36 Edg/149.0.0.0"
[2026-06-15 14:34:42] INFO: ::1 - - [15/Jun/2026:11:34:42 +0000] "GET /api/v1/provider/discounts/special-entities HTTP/1.1" 429 108 "http://localhost:5173/" "Mozilla/5.0 (Windows NT 10.0; Win64; x64) AppleWebKit/537.36 (KHTML, like Gecko) Chrome/149.0.0.0 Safari/537.36 Edg/149.0.0.0"
[2026-06-15 14:34:42] INFO: ::1 - - [15/Jun/2026:11:34:42 +0000] "GET /api/v1/provider/services/categories HTTP/1.1" 429 108 "http://localhost:5173/" "Mozilla/5.0 (Windows NT 10.0; Win64; x64) AppleWebKit/537.36 (KHTML, like Gecko) Chrome/149.0.0.0 Safari/537.36 Edg/149.0.0.0"
[2026-06-15 14:34:42] INFO: ::1 - - [15/Jun/2026:11:34:42 +0000] "GET /api/v1/provider/profile HTTP/1.1" 429 108 "http://localhost:5173/" "Mozilla/5.0 (Windows NT 10.0; Win64; x64) AppleWebKit/537.36 (KHTML, like Gecko) Chrome/149.0.0.0 Safari/537.36 Edg/149.0.0.0"
[2026-06-15 14:34:42] INFO: ::1 - - [15/Jun/2026:11:34:42 +0000] "GET /api/v1/provider/orders HTTP/1.1" 429 108 "http://localhost:5173/" "Mozilla/5.0 (Windows NT 10.0; Win64; x64) AppleWebKit/537.36 (KHTML, like Gecko) Chrome/149.0.0.0 Safari/537.36 Edg/149.0.0.0"
[2026-06-15 14:34:42] INFO: ::1 - - [15/Jun/2026:11:34:42 +0000] "GET /api/v1/provider/profile HTTP/1.1" 429 108 "http://localhost:5173/" "Mozilla/5.0 (Windows NT 10.0; Win64; x64) AppleWebKit/537.36 (KHTML, like Gecko) Chrome/149.0.0.0 Safari/537.36 Edg/149.0.0.0"
[2026-06-15 14:34:42] INFO: ::1 - - [15/Jun/2026:11:34:42 +0000] "GET /api/v1/provider/settings HTTP/1.1" 429 108 "http://localhost:5173/" "Mozilla/5.0 (Windows NT 10.0; Win64; x64) AppleWebKit/537.36 (KHTML, like Gecko) Chrome/149.0.0.0 Safari/537.36 Edg/149.0.0.0"
[2026-06-15 14:34:42] INFO: ::1 - - [15/Jun/2026:11:34:42 +0000] "GET /api/v1/provider/reviews HTTP/1.1" 429 108 "http://localhost:5173/" "Mozilla/5.0 (Windows NT 10.0; Win64; x64) AppleWebKit/537.36 (KHTML, like Gecko) Chrome/149.0.0.0 Safari/537.36 Edg/149.0.0.0"
[2026-06-15 14:34:42] INFO: ::1 - - [15/Jun/2026:11:34:42 +0000] "GET /api/v1/provider/dashboard HTTP/1.1" 429 108 "http://localhost:5173/" "Mozilla/5.0 (Windows NT 10.0; Win64; x64) AppleWebKit/537.36 (KHTML, like Gecko) Chrome/149.0.0.0 Safari/537.36 Edg/149.0.0.0"
[2026-06-15 14:34:42] INFO: ::1 - - [15/Jun/2026:11:34:42 +0000] "GET /api/v1/provider/discounts/tiers HTTP/1.1" 429 108 "http://localhost:5173/" "Mozilla/5.0 (Windows NT 10.0; Win64; x64) AppleWebKit/537.36 (KHTML, like Gecko) Chrome/149.0.0.0 Safari/537.36 Edg/149.0.0.0"
[2026-06-15 14:34:42] INFO: ::1 - - [15/Jun/2026:11:34:42 +0000] "GET /api/v1/provider/discounts/special-entities HTTP/1.1" 429 108 "http://localhost:5173/" "Mozilla/5.0 (Windows NT 10.0; Win64; x64) AppleWebKit/537.36 (KHTML, like Gecko) Chrome/149.0.0.0 Safari/537.36 Edg/149.0.0.0"
[2026-06-15 14:34:42] INFO: ::1 - - [15/Jun/2026:11:34:42 +0000] "GET /api/v1/provider/services/categories HTTP/1.1" 429 108 "http://localhost:5173/" "Mozilla/5.0 (Windows NT 10.0; Win64; x64) AppleWebKit/537.36 (KHTML, like Gecko) Chrome/149.0.0.0 Safari/537.36 Edg/149.0.0.0"
[2026-06-15 14:34:42] INFO: ::1 - - [15/Jun/2026:11:34:42 +0000] "GET /api/v1/provider/services HTTP/1.1" 429 108 "http://localhost:5173/" "Mozilla/5.0 (Windows NT 10.0; Win64; x64) AppleWebKit/537.36 (KHTML, like Gecko) Chrome/149.0.0.0 Safari/537.36 Edg/149.0.0.0"
[2026-06-15 14:34:42] INFO: ::1 - - [15/Jun/2026:11:34:42 +0000] "GET /api/v1/provider/profile HTTP/1.1" 429 108 "http://localhost:5173/" "Mozilla/5.0 (Windows NT 10.0; Win64; x64) AppleWebKit/537.36 (KHTML, like Gecko) Chrome/149.0.0.0 Safari/537.36 Edg/149.0.0.0"
[2026-06-15 14:34:42] INFO: ::1 - - [15/Jun/2026:11:34:42 +0000] "GET /api/v1/provider/dashboard/live HTTP/1.1" 429 108 "http://localhost:5173/" "Mozilla/5.0 (Windows NT 10.0; Win64; x64) AppleWebKit/537.36 (KHTML, like Gecko) Chrome/149.0.0.0 Safari/537.36 Edg/149.0.0.0"
[2026-06-15 14:34:42] INFO: ::1 - - [15/Jun/2026:11:34:42 +0000] "GET /api/v1/provider/settings HTTP/1.1" 429 108 "http://localhost:5173/" "Mozilla/5.0 (Windows NT 10.0; Win64; x64) AppleWebKit/537.36 (KHTML, like Gecko) Chrome/149.0.0.0 Safari/537.36 Edg/149.0.0.0"
[2026-06-15 14:34:42] INFO: ::1 - - [15/Jun/2026:11:34:42 +0000] "GET /api/v1/provider/reviews HTTP/1.1" 429 108 "http://localhost:5173/" "Mozilla/5.0 (Windows NT 10.0; Win64; x64) AppleWebKit/537.36 (KHTML, like Gecko) Chrome/149.0.0.0 Safari/537.36 Edg/149.0.0.0"
[2026-06-15 14:34:42] INFO: ::1 - - [15/Jun/2026:11:34:42 +0000] "GET /api/v1/provider/orders HTTP/1.1" 429 108 "http://localhost:5173/" "Mozilla/5.0 (Windows NT 10.0; Win64; x64) AppleWebKit/537.36 (KHTML, like Gecko) Chrome/149.0.0.0 Safari/537.36 Edg/149.0.0.0"
[2026-06-15 14:34:42] INFO: ::1 - - [15/Jun/2026:11:34:42 +0000] "GET /api/v1/provider/dashboard HTTP/1.1" 429 108 "http://localhost:5173/" "Mozilla/5.0 (Windows NT 10.0; Win64; x64) AppleWebKit/537.36 (KHTML, like Gecko) Chrome/149.0.0.0 Safari/537.36 Edg/149.0.0.0"
[2026-06-15 14:34:42] INFO: ::1 - - [15/Jun/2026:11:34:42 +0000] "GET /api/v1/provider/discounts/tiers HTTP/1.1" 429 108 "http://localhost:5173/" "Mozilla/5.0 (Windows NT 10.0; Win64; x64) AppleWebKit/537.36 (KHTML, like Gecko) Chrome/149.0.0.0 Safari/537.36 Edg/149.0.0.0"
[2026-06-15 14:34:42] INFO: ::1 - - [15/Jun/2026:11:34:42 +0000] "GET /api/v1/provider/discounts/special-entities HTTP/1.1" 429 108 "http://localhost:5173/" "Mozilla/5.0 (Windows NT 10.0; Win64; x64) AppleWebKit/537.36 (KHTML, like Gecko) Chrome/149.0.0.0 Safari/537.36 Edg/149.0.0.0"
[2026-06-15 14:34:42] INFO: ::1 - - [15/Jun/2026:11:34:42 +0000] "GET /api/v1/provider/services/categories HTTP/1.1" 429 108 "http://localhost:5173/" "Mozilla/5.0 (Windows NT 10.0; Win64; x64) AppleWebKit/537.36 (KHTML, like Gecko) Chrome/149.0.0.0 Safari/537.36 Edg/149.0.0.0"
[2026-06-15 14:34:42] INFO: ::1 - - [15/Jun/2026:11:34:42 +0000] "GET /api/v1/provider/services HTTP/1.1" 429 108 "http://localhost:5173/" "Mozilla/5.0 (Windows NT 10.0; Win64; x64) AppleWebKit/537.36 (KHTML, like Gecko) Chrome/149.0.0.0 Safari/537.36 Edg/149.0.0.0"
[2026-06-15 14:34:42] INFO: ::1 - - [15/Jun/2026:11:34:42 +0000] "GET /api/v1/provider/orders HTTP/1.1" 429 108 "http://localhost:5173/" "Mozilla/5.0 (Windows NT 10.0; Win64; x64) AppleWebKit/537.36 (KHTML, like Gecko) Chrome/149.0.0.0 Safari/537.36 Edg/149.0.0.0"
[2026-06-15 14:34:42] INFO: ::1 - - [15/Jun/2026:11:34:42 +0000] "GET /api/v1/provider/dashboard HTTP/1.1" 429 108 "http://localhost:5173/" "Mozilla/5.0 (Windows NT 10.0; Win64; x64) AppleWebKit/537.36 (KHTML, like Gecko) Chrome/149.0.0.0 Safari/537.36 Edg/149.0.0.0"
[2026-06-15 14:34:42] INFO: ::1 - - [15/Jun/2026:11:34:42 +0000] "GET /api/v1/provider/discounts/tiers HTTP/1.1" 429 108 "http://localhost:5173/" "Mozilla/5.0 (Windows NT 10.0; Win64; x64) AppleWebKit/537.36 (KHTML, like Gecko) Chrome/149.0.0.0 Safari/537.36 Edg/149.0.0.0"
[2026-06-15 14:34:42] INFO: ::1 - - [15/Jun/2026:11:34:42 +0000] "GET /api/v1/provider/reviews HTTP/1.1" 429 108 "http://localhost:5173/" "Mozilla/5.0 (Windows NT 10.0; Win64; x64) AppleWebKit/537.36 (KHTML, like Gecko) Chrome/149.0.0.0 Safari/537.36 Edg/149.0.0.0"
[2026-06-15 14:34:42] INFO: ::1 - - [15/Jun/2026:11:34:42 +0000] "GET /api/v1/provider/discounts/special-entities HTTP/1.1" 429 108 "http://localhost:5173/" "Mozilla/5.0 (Windows NT 10.0; Win64; x64) AppleWebKit/537.36 (KHTML, like Gecko) Chrome/149.0.0.0 Safari/537.36 Edg/149.0.0.0"
[2026-06-15 14:34:42] INFO: ::1 - - [15/Jun/2026:11:34:42 +0000] "GET /api/v1/provider/services/categories HTTP/1.1" 429 108 "http://localhost:5173/" "Mozilla/5.0 (Windows NT 10.0; Win64; x64) AppleWebKit/537.36 (KHTML, like Gecko) Chrome/149.0.0.0 Safari/537.36 Edg/149.0.0.0"
[2026-06-15 14:34:42] INFO: ::1 - - [15/Jun/2026:11:34:42 +0000] "GET /api/v1/provider/services HTTP/1.1" 429 108 "http://localhost:5173/" "Mozilla/5.0 (Windows NT 10.0; Win64; x64) AppleWebKit/537.36 (KHTML, like Gecko) Chrome/149.0.0.0 Safari/537.36 Edg/149.0.0.0"
[2026-06-15 14:34:42] INFO: ::1 - - [15/Jun/2026:11:34:42 +0000] "GET /api/v1/provider/profile HTTP/1.1" 429 108 "http://localhost:5173/" "Mozilla/5.0 (Windows NT 10.0; Win64; x64) AppleWebKit/537.36 (KHTML, like Gecko) Chrome/149.0.0.0 Safari/537.36 Edg/149.0.0.0"
[2026-06-15 14:34:42] INFO: ::1 - - [15/Jun/2026:11:34:42 +0000] "GET /api/v1/provider/settings HTTP/1.1" 429 108 "http://localhost:5173/" "Mozilla/5.0 (Windows NT 10.0; Win64; x64) AppleWebKit/537.36 (KHTML, like Gecko) Chrome/149.0.0.0 Safari/537.36 Edg/149.0.0.0"
[2026-06-15 14:34:42] INFO: ::1 - - [15/Jun/2026:11:34:42 +0000] "GET /api/v1/provider/discounts/tiers HTTP/1.1" 429 108 "http://localhost:5173/" "Mozilla/5.0 (Windows NT 10.0; Win64; x64) AppleWebKit/537.36 (KHTML, like Gecko) Chrome/149.0.0.0 Safari/537.36 Edg/149.0.0.0"
[2026-06-15 14:34:42] INFO: ::1 - - [15/Jun/2026:11:34:42 +0000] "GET /api/v1/provider/dashboard/live HTTP/1.1" 429 108 "http://localhost:5173/" "Mozilla/5.0 (Windows NT 10.0; Win64; x64) AppleWebKit/537.36 (KHTML, like Gecko) Chrome/149.0.0.0 Safari/537.36 Edg/149.0.0.0"
[2026-06-15 14:34:42] INFO: ::1 - - [15/Jun/2026:11:34:42 +0000] "GET /api/v1/provider/services/categories HTTP/1.1" 429 108 "http://localhost:5173/" "Mozilla/5.0 (Windows NT 10.0; Win64; x64) AppleWebKit/537.36 (KHTML, like Gecko) Chrome/149.0.0.0 Safari/537.36 Edg/149.0.0.0"
[2026-06-15 14:34:42] INFO: ::1 - - [15/Jun/2026:11:34:42 +0000] "GET /api/v1/provider/services HTTP/1.1" 429 108 "http://localhost:5173/" "Mozilla/5.0 (Windows NT 10.0; Win64; x64) AppleWebKit/537.36 (KHTML, like Gecko) Chrome/149.0.0.0 Safari/537.36 Edg/149.0.0.0"
[2026-06-15 14:34:42] INFO: ::1 - - [15/Jun/2026:11:34:42 +0000] "GET /api/v1/provider/settings HTTP/1.1" 429 108 "http://localhost:5173/" "Mozilla/5.0 (Windows NT 10.0; Win64; x64) AppleWebKit/537.36 (KHTML, like Gecko) Chrome/149.0.0.0 Safari/537.36 Edg/149.0.0.0"
[2026-06-15 14:34:42] INFO: ::1 - - [15/Jun/2026:11:34:42 +0000] "GET /api/v1/provider/orders HTTP/1.1" 429 108 "http://localhost:5173/" "Mozilla/5.0 (Windows NT 10.0; Win64; x64) AppleWebKit/537.36 (KHTML, like Gecko) Chrome/149.0.0.0 Safari/537.36 Edg/149.0.0.0"
[2026-06-15 14:34:42] INFO: ::1 - - [15/Jun/2026:11:34:42 +0000] "GET /api/v1/provider/dashboard HTTP/1.1" 429 108 "http://localhost:5173/" "Mozilla/5.0 (Windows NT 10.0; Win64; x64) AppleWebKit/537.36 (KHTML, like Gecko) Chrome/149.0.0.0 Safari/537.36 Edg/149.0.0.0"
[2026-06-15 14:34:42] INFO: ::1 - - [15/Jun/2026:11:34:42 +0000] "GET /api/v1/provider/reviews HTTP/1.1" 429 108 "http://localhost:5173/" "Mozilla/5.0 (Windows NT 10.0; Win64; x64) AppleWebKit/537.36 (KHTML, like Gecko) Chrome/149.0.0.0 Safari/537.36 Edg/149.0.0.0"
[2026-06-15 14:34:42] INFO: ::1 - - [15/Jun/2026:11:34:42 +0000] "GET /api/v1/provider/discounts/special-entities HTTP/1.1" 429 108 "http://localhost:5173/" "Mozilla/5.0 (Windows NT 10.0; Win64; x64) AppleWebKit/537.36 (KHTML, like Gecko) Chrome/149.0.0.0 Safari/537.36 Edg/149.0.0.0"
[2026-06-15 14:34:42] INFO: ::1 - - [15/Jun/2026:11:34:42 +0000] "GET /api/v1/provider/profile HTTP/1.1" 429 108 "http://localhost:5173/" "Mozilla/5.0 (Windows NT 10.0; Win64; x64) AppleWebKit/537.36 (KHTML, like Gecko) Chrome/149.0.0.0 Safari/537.36 Edg/149.0.0.0"
[2026-06-15 14:34:42] INFO: ::1 - - [15/Jun/2026:11:34:42 +0000] "GET /api/v1/provider/orders HTTP/1.1" 429 108 "http://localhost:5173/" "Mozilla/5.0 (Windows NT 10.0; Win64; x64) AppleWebKit/537.36 (KHTML, like Gecko) Chrome/149.0.0.0 Safari/537.36 Edg/149.0.0.0"
[2026-06-15 14:34:42] INFO: ::1 - - [15/Jun/2026:11:34:42 +0000] "GET /api/v1/provider/profile HTTP/1.1" 429 108 "http://localhost:5173/" "Mozilla/5.0 (Windows NT 10.0; Win64; x64) AppleWebKit/537.36 (KHTML, like Gecko) Chrome/149.0.0.0 Safari/537.36 Edg/149.0.0.0"
[2026-06-15 14:34:42] INFO: ::1 - - [15/Jun/2026:11:34:42 +0000] "GET /api/v1/provider/settings HTTP/1.1" 429 108 "http://localhost:5173/" "Mozilla/5.0 (Windows NT 10.0; Win64; x64) AppleWebKit/537.36 (KHTML, like Gecko) Chrome/149.0.0.0 Safari/537.36 Edg/149.0.0.0"
[2026-06-15 14:34:42] INFO: ::1 - - [15/Jun/2026:11:34:42 +0000] "GET /api/v1/provider/reviews HTTP/1.1" 429 108 "http://localhost:5173/" "Mozilla/5.0 (Windows NT 10.0; Win64; x64) AppleWebKit/537.36 (KHTML, like Gecko) Chrome/149.0.0.0 Safari/537.36 Edg/149.0.0.0"
[2026-06-15 14:34:42] INFO: ::1 - - [15/Jun/2026:11:34:42 +0000] "GET /api/v1/provider/dashboard HTTP/1.1" 429 108 "http://localhost:5173/" "Mozilla/5.0 (Windows NT 10.0; Win64; x64) AppleWebKit/537.36 (KHTML, like Gecko) Chrome/149.0.0.0 Safari/537.36 Edg/149.0.0.0"
[2026-06-15 14:34:42] INFO: ::1 - - [15/Jun/2026:11:34:42 +0000] "GET /api/v1/provider/discounts/tiers HTTP/1.1" 429 108 "http://localhost:5173/" "Mozilla/5.0 (Windows NT 10.0; Win64; x64) AppleWebKit/537.36 (KHTML, like Gecko) Chrome/149.0.0.0 Safari/537.36 Edg/149.0.0.0"
[2026-06-15 14:34:42] INFO: ::1 - - [15/Jun/2026:11:34:42 +0000] "GET /api/v1/provider/discounts/special-entities HTTP/1.1" 429 108 "http://localhost:5173/" "Mozilla/5.0 (Windows NT 10.0; Win64; x64) AppleWebKit/537.36 (KHTML, like Gecko) Chrome/149.0.0.0 Safari/537.36 Edg/149.0.0.0"
[2026-06-15 14:34:42] INFO: ::1 - - [15/Jun/2026:11:34:42 +0000] "GET /api/v1/provider/services/categories HTTP/1.1" 429 108 "http://localhost:5173/" "Mozilla/5.0 (Windows NT 10.0; Win64; x64) AppleWebKit/537.36 (KHTML, like Gecko) Chrome/149.0.0.0 Safari/537.36 Edg/149.0.0.0"
[2026-06-15 14:34:42] INFO: ::1 - - [15/Jun/2026:11:34:42 +0000] "GET /api/v1/provider/services HTTP/1.1" 429 108 "http://localhost:5173/" "Mozilla/5.0 (Windows NT 10.0; Win64; x64) AppleWebKit/537.36 (KHTML, like Gecko) Chrome/149.0.0.0 Safari/537.36 Edg/149.0.0.0"
[2026-06-15 14:34:42] INFO: ::1 - - [15/Jun/2026:11:34:42 +0000] "GET /api/v1/provider/orders HTTP/1.1" 429 108 "http://localhost:5173/" "Mozilla/5.0 (Windows NT 10.0; Win64; x64) AppleWebKit/537.36 (KHTML, like Gecko) Chrome/149.0.0.0 Safari/537.36 Edg/149.0.0.0"
[2026-06-15 14:34:42] INFO: ::1 - - [15/Jun/2026:11:34:42 +0000] "GET /api/v1/provider/settings HTTP/1.1" 429 108 "http://localhost:5173/" "Mozilla/5.0 (Windows NT 10.0; Win64; x64) AppleWebKit/537.36 (KHTML, like Gecko) Chrome/149.0.0.0 Safari/537.36 Edg/149.0.0.0"
[2026-06-15 14:34:42] INFO: ::1 - - [15/Jun/2026:11:34:42 +0000] "GET /api/v1/provider/reviews HTTP/1.1" 429 108 "http://localhost:5173/" "Mozilla/5.0 (Windows NT 10.0; Win64; x64) AppleWebKit/537.36 (KHTML, like Gecko) Chrome/149.0.0.0 Safari/537.36 Edg/149.0.0.0"
[2026-06-15 14:34:42] INFO: ::1 - - [15/Jun/2026:11:34:42 +0000] "GET /api/v1/provider/discounts/tiers HTTP/1.1" 429 108 "http://localhost:5173/" "Mozilla/5.0 (Windows NT 10.0; Win64; x64) AppleWebKit/537.36 (KHTML, like Gecko) Chrome/149.0.0.0 Safari/537.36 Edg/149.0.0.0"
[2026-06-15 14:34:42] INFO: ::1 - - [15/Jun/2026:11:34:42 +0000] "GET /api/v1/provider/services/categories HTTP/1.1" 429 108 "http://localhost:5173/" "Mozilla/5.0 (Windows NT 10.0; Win64; x64) AppleWebKit/537.36 (KHTML, like Gecko) Chrome/149.0.0.0 Safari/537.36 Edg/149.0.0.0"
[2026-06-15 14:34:42] INFO: ::1 - - [15/Jun/2026:11:34:42 +0000] "GET /api/v1/provider/services HTTP/1.1" 429 108 "http://localhost:5173/" "Mozilla/5.0 (Windows NT 10.0; Win64; x64) AppleWebKit/537.36 (KHTML, like Gecko) Chrome/149.0.0.0 Safari/537.36 Edg/149.0.0.0"
[2026-06-15 14:34:42] INFO: ::1 - - [15/Jun/2026:11:34:42 +0000] "GET /api/v1/provider/dashboard/live HTTP/1.1" 429 108 "http://localhost:5173/" "Mozilla/5.0 (Windows NT 10.0; Win64; x64) AppleWebKit/537.36 (KHTML, like Gecko) Chrome/149.0.0.0 Safari/537.36 Edg/149.0.0.0"
[2026-06-15 14:34:42] INFO: ::1 - - [15/Jun/2026:11:34:42 +0000] "GET /api/v1/provider/profile HTTP/1.1" 429 108 "http://localhost:5173/" "Mozilla/5.0 (Windows NT 10.0; Win64; x64) AppleWebKit/537.36 (KHTML, like Gecko) Chrome/149.0.0.0 Safari/537.36 Edg/149.0.0.0"
[2026-06-15 14:34:42] INFO: ::1 - - [15/Jun/2026:11:34:42 +0000] "GET /api/v1/provider/dashboard HTTP/1.1" 429 108 "http://localhost:5173/" "Mozilla/5.0 (Windows NT 10.0; Win64; x64) AppleWebKit/537.36 (KHTML, like Gecko) Chrome/149.0.0.0 Safari/537.36 Edg/149.0.0.0"
[2026-06-15 14:34:42] INFO: ::1 - - [15/Jun/2026:11:34:42 +0000] "GET /api/v1/provider/discounts/special-entities HTTP/1.1" 429 108 "http://localhost:5173/" "Mozilla/5.0 (Windows NT 10.0; Win64; x64) AppleWebKit/537.36 (KHTML, like Gecko) Chrome/149.0.0.0 Safari/537.36 Edg/149.0.0.0"
[2026-06-15 14:34:42] INFO: ::1 - - [15/Jun/2026:11:34:42 +0000] "GET /api/v1/provider/orders HTTP/1.1" 429 108 "http://localhost:5173/" "Mozilla/5.0 (Windows NT 10.0; Win64; x64) AppleWebKit/537.36 (KHTML, like Gecko) Chrome/149.0.0.0 Safari/537.36 Edg/149.0.0.0"
[2026-06-15 14:34:42] INFO: ::1 - - [15/Jun/2026:11:34:42 +0000] "GET /api/v1/provider/profile HTTP/1.1" 429 108 "http://localhost:5173/" "Mozilla/5.0 (Windows NT 10.0; Win64; x64) AppleWebKit/537.36 (KHTML, like Gecko) Chrome/149.0.0.0 Safari/537.36 Edg/149.0.0.0"
[2026-06-15 14:34:42] INFO: ::1 - - [15/Jun/2026:11:34:42 +0000] "GET /api/v1/provider/dashboard HTTP/1.1" 429 108 "http://localhost:5173/" "Mozilla/5.0 (Windows NT 10.0; Win64; x64) AppleWebKit/537.36 (KHTML, like Gecko) Chrome/149.0.0.0 Safari/537.36 Edg/149.0.0.0"
[2026-06-15 14:34:42] INFO: ::1 - - [15/Jun/2026:11:34:42 +0000] "GET /api/v1/provider/discounts/tiers HTTP/1.1" 429 108 "http://localhost:5173/" "Mozilla/5.0 (Windows NT 10.0; Win64; x64) AppleWebKit/537.36 (KHTML, like Gecko) Chrome/149.0.0.0 Safari/537.36 Edg/149.0.0.0"
[2026-06-15 14:34:42] INFO: ::1 - - [15/Jun/2026:11:34:42 +0000] "GET /api/v1/provider/discounts/special-entities HTTP/1.1" 429 108 "http://localhost:5173/" "Mozilla/5.0 (Windows NT 10.0; Win64; x64) AppleWebKit/537.36 (KHTML, like Gecko) Chrome/149.0.0.0 Safari/537.36 Edg/149.0.0.0"
[2026-06-15 14:34:42] INFO: ::1 - - [15/Jun/2026:11:34:42 +0000] "GET /api/v1/provider/services/categories HTTP/1.1" 429 108 "http://localhost:5173/" "Mozilla/5.0 (Windows NT 10.0; Win64; x64) AppleWebKit/537.36 (KHTML, like Gecko) Chrome/149.0.0.0 Safari/537.36 Edg/149.0.0.0"
[2026-06-15 14:34:42] INFO: ::1 - - [15/Jun/2026:11:34:42 +0000] "GET /api/v1/provider/services HTTP/1.1" 429 108 "http://localhost:5173/" "Mozilla/5.0 (Windows NT 10.0; Win64; x64) AppleWebKit/537.36 (KHTML, like Gecko) Chrome/149.0.0.0 Safari/537.36 Edg/149.0.0.0"
[2026-06-15 14:34:42] INFO: ::1 - - [15/Jun/2026:11:34:42 +0000] "GET /api/v1/provider/orders HTTP/1.1" 429 108 "http://localhost:5173/" "Mozilla/5.0 (Windows NT 10.0; Win64; x64) AppleWebKit/537.36 (KHTML, like Gecko) Chrome/149.0.0.0 Safari/537.36 Edg/149.0.0.0"
[2026-06-15 14:34:42] INFO: ::1 - - [15/Jun/2026:11:34:42 +0000] "GET /api/v1/provider/settings HTTP/1.1" 429 108 "http://localhost:5173/" "Mozilla/5.0 (Windows NT 10.0; Win64; x64) AppleWebKit/537.36 (KHTML, like Gecko) Chrome/149.0.0.0 Safari/537.36 Edg/149.0.0.0"
[2026-06-15 14:34:42] INFO: ::1 - - [15/Jun/2026:11:34:42 +0000] "GET /api/v1/provider/reviews HTTP/1.1" 429 108 "http://localhost:5173/" "Mozilla/5.0 (Windows NT 10.0; Win64; x64) AppleWebKit/537.36 (KHTML, like Gecko) Chrome/149.0.0.0 Safari/537.36 Edg/149.0.0.0"
[2026-06-15 14:34:42] INFO: ::1 - - [15/Jun/2026:11:34:42 +0000] "GET /api/v1/provider/profile HTTP/1.1" 429 108 "http://localhost:5173/" "Mozilla/5.0 (Windows NT 10.0; Win64; x64) AppleWebKit/537.36 (KHTML, like Gecko) Chrome/149.0.0.0 Safari/537.36 Edg/149.0.0.0"
[2026-06-15 14:34:42] INFO: ::1 - - [15/Jun/2026:11:34:42 +0000] "GET /api/v1/provider/dashboard/live HTTP/1.1" 429 108 "http://localhost:5173/" "Mozilla/5.0 (Windows NT 10.0; Win64; x64) AppleWebKit/537.36 (KHTML, like Gecko) Chrome/149.0.0.0 Safari/537.36 Edg/149.0.0.0"
[2026-06-15 14:34:42] INFO: ::1 - - [15/Jun/2026:11:34:42 +0000] "GET /api/v1/provider/dashboard HTTP/1.1" 429 108 "http://localhost:5173/" "Mozilla/5.0 (Windows NT 10.0; Win64; x64) AppleWebKit/537.36 (KHTML, like Gecko) Chrome/149.0.0.0 Safari/537.36 Edg/149.0.0.0"
[2026-06-15 14:34:42] INFO: ::1 - - [15/Jun/2026:11:34:42 +0000] "GET /api/v1/provider/discounts/tiers HTTP/1.1" 429 108 "http://localhost:5173/" "Mozilla/5.0 (Windows NT 10.0; Win64; x64) AppleWebKit/537.36 (KHTML, like Gecko) Chrome/149.0.0.0 Safari/537.36 Edg/149.0.0.0"
[2026-06-15 14:34:42] INFO: ::1 - - [15/Jun/2026:11:34:42 +0000] "GET /api/v1/provider/discounts/special-entities HTTP/1.1" 429 108 "http://localhost:5173/" "Mozilla/5.0 (Windows NT 10.0; Win64; x64) AppleWebKit/537.36 (KHTML, like Gecko) Chrome/149.0.0.0 Safari/537.36 Edg/149.0.0.0"
[2026-06-15 14:34:42] INFO: ::1 - - [15/Jun/2026:11:34:42 +0000] "GET /api/v1/provider/services/categories HTTP/1.1" 429 108 "http://localhost:5173/" "Mozilla/5.0 (Windows NT 10.0; Win64; x64) AppleWebKit/537.36 (KHTML, like Gecko) Chrome/149.0.0.0 Safari/537.36 Edg/149.0.0.0"
[2026-06-15 14:34:42] INFO: ::1 - - [15/Jun/2026:11:34:42 +0000] "GET /api/v1/provider/services HTTP/1.1" 429 108 "http://localhost:5173/" "Mozilla/5.0 (Windows NT 10.0; Win64; x64) AppleWebKit/537.36 (KHTML, like Gecko) Chrome/149.0.0.0 Safari/537.36 Edg/149.0.0.0"
[2026-06-15 14:34:42] INFO: ::1 - - [15/Jun/2026:11:34:42 +0000] "GET /api/v1/provider/settings HTTP/1.1" 429 108 "http://localhost:5173/" "Mozilla/5.0 (Windows NT 10.0; Win64; x64) AppleWebKit/537.36 (KHTML, like Gecko) Chrome/149.0.0.0 Safari/537.36 Edg/149.0.0.0"
[2026-06-15 14:34:42] INFO: ::1 - - [15/Jun/2026:11:34:42 +0000] "GET /api/v1/provider/reviews HTTP/1.1" 429 108 "http://localhost:5173/" "Mozilla/5.0 (Windows NT 10.0; Win64; x64) AppleWebKit/537.36 (KHTML, like Gecko) Chrome/149.0.0.0 Safari/537.36 Edg/149.0.0.0"
[2026-06-15 14:34:42] INFO: ::1 - - [15/Jun/2026:11:34:42 +0000] "GET /api/v1/provider/orders HTTP/1.1" 429 108 "http://localhost:5173/" "Mozilla/5.0 (Windows NT 10.0; Win64; x64) AppleWebKit/537.36 (KHTML, like Gecko) Chrome/149.0.0.0 Safari/537.36 Edg/149.0.0.0"
[2026-06-15 14:34:42] INFO: ::1 - - [15/Jun/2026:11:34:42 +0000] "GET /api/v1/provider/dashboard HTTP/1.1" 429 108 "http://localhost:5173/" "Mozilla/5.0 (Windows NT 10.0; Win64; x64) AppleWebKit/537.36 (KHTML, like Gecko) Chrome/149.0.0.0 Safari/537.36 Edg/149.0.0.0"
[2026-06-15 14:34:42] INFO: ::1 - - [15/Jun/2026:11:34:42 +0000] "GET /api/v1/provider/discounts/tiers HTTP/1.1" 429 108 "http://localhost:5173/" "Mozilla/5.0 (Windows NT 10.0; Win64; x64) AppleWebKit/537.36 (KHTML, like Gecko) Chrome/149.0.0.0 Safari/537.36 Edg/149.0.0.0"
[2026-06-15 14:34:42] INFO: ::1 - - [15/Jun/2026:11:34:42 +0000] "GET /api/v1/provider/orders HTTP/1.1" 429 108 "http://localhost:5173/" "Mozilla/5.0 (Windows NT 10.0; Win64; x64) AppleWebKit/537.36 (KHTML, like Gecko) Chrome/149.0.0.0 Safari/537.36 Edg/149.0.0.0"
[2026-06-15 14:34:42] INFO: ::1 - - [15/Jun/2026:11:34:42 +0000] "GET /api/v1/provider/reviews HTTP/1.1" 429 108 "http://localhost:5173/" "Mozilla/5.0 (Windows NT 10.0; Win64; x64) AppleWebKit/537.36 (KHTML, like Gecko) Chrome/149.0.0.0 Safari/537.36 Edg/149.0.0.0"
[2026-06-15 14:34:42] INFO: ::1 - - [15/Jun/2026:11:34:42 +0000] "GET /api/v1/provider/dashboard HTTP/1.1" 429 108 "http://localhost:5173/" "Mozilla/5.0 (Windows NT 10.0; Win64; x64) AppleWebKit/537.36 (KHTML, like Gecko) Chrome/149.0.0.0 Safari/537.36 Edg/149.0.0.0"
[2026-06-15 14:34:42] INFO: ::1 - - [15/Jun/2026:11:34:42 +0000] "GET /api/v1/provider/discounts/special-entities HTTP/1.1" 429 108 "http://localhost:5173/" "Mozilla/5.0 (Windows NT 10.0; Win64; x64) AppleWebKit/537.36 (KHTML, like Gecko) Chrome/149.0.0.0 Safari/537.36 Edg/149.0.0.0"
[2026-06-15 14:34:42] INFO: ::1 - - [15/Jun/2026:11:34:42 +0000] "GET /api/v1/provider/services/categories HTTP/1.1" 429 108 "http://localhost:5173/" "Mozilla/5.0 (Windows NT 10.0; Win64; x64) AppleWebKit/537.36 (KHTML, like Gecko) Chrome/149.0.0.0 Safari/537.36 Edg/149.0.0.0"
[2026-06-15 14:34:42] INFO: ::1 - - [15/Jun/2026:11:34:42 +0000] "GET /api/v1/provider/services HTTP/1.1" 429 108 "http://localhost:5173/" "Mozilla/5.0 (Windows NT 10.0; Win64; x64) AppleWebKit/537.36 (KHTML, like Gecko) Chrome/149.0.0.0 Safari/537.36 Edg/149.0.0.0"
[2026-06-15 14:34:42] INFO: ::1 - - [15/Jun/2026:11:34:42 +0000] "GET /api/v1/provider/profile HTTP/1.1" 429 108 "http://localhost:5173/" "Mozilla/5.0 (Windows NT 10.0; Win64; x64) AppleWebKit/537.36 (KHTML, like Gecko) Chrome/149.0.0.0 Safari/537.36 Edg/149.0.0.0"
[2026-06-15 14:34:42] INFO: ::1 - - [15/Jun/2026:11:34:42 +0000] "GET /api/v1/provider/settings HTTP/1.1" 429 108 "http://localhost:5173/" "Mozilla/5.0 (Windows NT 10.0; Win64; x64) AppleWebKit/537.36 (KHTML, like Gecko) Chrome/149.0.0.0 Safari/537.36 Edg/149.0.0.0"
[2026-06-15 14:34:42] INFO: ::1 - - [15/Jun/2026:11:34:42 +0000] "GET /api/v1/provider/discounts/tiers HTTP/1.1" 429 108 "http://localhost:5173/" "Mozilla/5.0 (Windows NT 10.0; Win64; x64) AppleWebKit/537.36 (KHTML, like Gecko) Chrome/149.0.0.0 Safari/537.36 Edg/149.0.0.0"
[2026-06-15 14:34:42] INFO: ::1 - - [15/Jun/2026:11:34:42 +0000] "GET /api/v1/provider/dashboard/live HTTP/1.1" 429 108 "http://localhost:5173/" "Mozilla/5.0 (Windows NT 10.0; Win64; x64) AppleWebKit/537.36 (KHTML, like Gecko) Chrome/149.0.0.0 Safari/537.36 Edg/149.0.0.0"
[2026-06-15 14:34:42] INFO: ::1 - - [15/Jun/2026:11:34:42 +0000] "GET /api/v1/provider/reviews HTTP/1.1" 429 108 "http://localhost:5173/" "Mozilla/5.0 (Windows NT 10.0; Win64; x64) AppleWebKit/537.36 (KHTML, like Gecko) Chrome/149.0.0.0 Safari/537.36 Edg/149.0.0.0"
[2026-06-15 14:34:42] INFO: ::1 - - [15/Jun/2026:11:34:42 +0000] "GET /api/v1/provider/discounts/special-entities HTTP/1.1" 429 108 "http://localhost:5173/" "Mozilla/5.0 (Windows NT 10.0; Win64; x64) AppleWebKit/537.36 (KHTML, like Gecko) Chrome/149.0.0.0 Safari/537.36 Edg/149.0.0.0"
[2026-06-15 14:34:42] INFO: ::1 - - [15/Jun/2026:11:34:42 +0000] "GET /api/v1/provider/services/categories HTTP/1.1" 429 108 "http://localhost:5173/" "Mozilla/5.0 (Windows NT 10.0; Win64; x64) AppleWebKit/537.36 (KHTML, like Gecko) Chrome/149.0.0.0 Safari/537.36 Edg/149.0.0.0"
[2026-06-15 14:34:42] INFO: ::1 - - [15/Jun/2026:11:34:42 +0000] "GET /api/v1/provider/settings HTTP/1.1" 429 108 "http://localhost:5173/" "Mozilla/5.0 (Windows NT 10.0; Win64; x64) AppleWebKit/537.36 (KHTML, like Gecko) Chrome/149.0.0.0 Safari/537.36 Edg/149.0.0.0"
[2026-06-15 14:34:42] INFO: ::1 - - [15/Jun/2026:11:34:42 +0000] "GET /api/v1/provider/services HTTP/1.1" 429 108 "http://localhost:5173/" "Mozilla/5.0 (Windows NT 10.0; Win64; x64) AppleWebKit/537.36 (KHTML, like Gecko) Chrome/149.0.0.0 Safari/537.36 Edg/149.0.0.0"
[2026-06-15 14:34:42] INFO: ::1 - - [15/Jun/2026:11:34:42 +0000] "GET /api/v1/provider/profile HTTP/1.1" 429 108 "http://localhost:5173/" "Mozilla/5.0 (Windows NT 10.0; Win64; x64) AppleWebKit/537.36 (KHTML, like Gecko) Chrome/149.0.0.0 Safari/537.36 Edg/149.0.0.0"
[2026-06-15 14:35:43] INFO: ::1 - - [15/Jun/2026:11:35:43 +0000] "GET /api/v1/provider/orders HTTP/1.1" 429 108 "http://localhost:5173/" "Mozilla/5.0 (Windows NT 10.0; Win64; x64) AppleWebKit/537.36 (KHTML, like Gecko) Chrome/149.0.0.0 Safari/537.36 Edg/149.0.0.0"
[2026-06-15 14:35:43] INFO: ::1 - - [15/Jun/2026:11:35:43 +0000] "GET /api/v1/provider/dashboard HTTP/1.1" 429 108 "http://localhost:5173/" "Mozilla/5.0 (Windows NT 10.0; Win64; x64) AppleWebKit/537.36 (KHTML, like Gecko) Chrome/149.0.0.0 Safari/537.36 Edg/149.0.0.0"
[2026-06-15 14:35:43] INFO: ::1 - - [15/Jun/2026:11:35:43 +0000] "GET /api/v1/provider/discounts/tiers HTTP/1.1" 429 108 "http://localhost:5173/" "Mozilla/5.0 (Windows NT 10.0; Win64; x64) AppleWebKit/537.36 (KHTML, like Gecko) Chrome/149.0.0.0 Safari/537.36 Edg/149.0.0.0"
[2026-06-15 14:35:43] INFO: ::1 - - [15/Jun/2026:11:35:43 +0000] "GET /api/v1/provider/discounts/special-entities HTTP/1.1" 429 108 "http://localhost:5173/" "Mozilla/5.0 (Windows NT 10.0; Win64; x64) AppleWebKit/537.36 (KHTML, like Gecko) Chrome/149.0.0.0 Safari/537.36 Edg/149.0.0.0"
[2026-06-15 14:35:43] INFO: ::1 - - [15/Jun/2026:11:35:43 +0000] "GET /api/v1/provider/services/categories HTTP/1.1" 429 108 "http://localhost:5173/" "Mozilla/5.0 (Windows NT 10.0; Win64; x64) AppleWebKit/537.36 (KHTML, like Gecko) Chrome/149.0.0.0 Safari/537.36 Edg/149.0.0.0"
[2026-06-15 14:35:43] INFO: ::1 - - [15/Jun/2026:11:35:43 +0000] "GET /api/v1/provider/orders HTTP/1.1" 429 108 "http://localhost:5173/" "Mozilla/5.0 (Windows NT 10.0; Win64; x64) AppleWebKit/537.36 (KHTML, like Gecko) Chrome/149.0.0.0 Safari/537.36 Edg/149.0.0.0"
[2026-06-15 14:35:43] INFO: ::1 - - [15/Jun/2026:11:35:43 +0000] "GET /api/v1/provider/dashboard HTTP/1.1" 429 108 "http://localhost:5173/" "Mozilla/5.0 (Windows NT 10.0; Win64; x64) AppleWebKit/537.36 (KHTML, like Gecko) Chrome/149.0.0.0 Safari/537.36 Edg/149.0.0.0"
[2026-06-15 14:35:43] INFO: ::1 - - [15/Jun/2026:11:35:43 +0000] "GET /api/v1/provider/discounts/tiers HTTP/1.1" 429 108 "http://localhost:5173/" "Mozilla/5.0 (Windows NT 10.0; Win64; x64) AppleWebKit/537.36 (KHTML, like Gecko) Chrome/149.0.0.0 Safari/537.36 Edg/149.0.0.0"
[2026-06-15 14:35:43] INFO: ::1 - - [15/Jun/2026:11:35:43 +0000] "GET /api/v1/provider/discounts/special-entities HTTP/1.1" 429 108 "http://localhost:5173/" "Mozilla/5.0 (Windows NT 10.0; Win64; x64) AppleWebKit/537.36 (KHTML, like Gecko) Chrome/149.0.0.0 Safari/537.36 Edg/149.0.0.0"
[2026-06-15 14:35:43] INFO: ::1 - - [15/Jun/2026:11:35:43 +0000] "GET /api/v1/provider/services HTTP/1.1" 429 108 "http://localhost:5173/" "Mozilla/5.0 (Windows NT 10.0; Win64; x64) AppleWebKit/537.36 (KHTML, like Gecko) Chrome/149.0.0.0 Safari/537.36 Edg/149.0.0.0"
[2026-06-15 14:35:43] INFO: ::1 - - [15/Jun/2026:11:35:43 +0000] "GET /api/v1/provider/profile HTTP/1.1" 429 108 "http://localhost:5173/" "Mozilla/5.0 (Windows NT 10.0; Win64; x64) AppleWebKit/537.36 (KHTML, like Gecko) Chrome/149.0.0.0 Safari/537.36 Edg/149.0.0.0"
[2026-06-15 14:35:43] INFO: ::1 - - [15/Jun/2026:11:35:43 +0000] "GET /api/v1/provider/settings HTTP/1.1" 429 108 "http://localhost:5173/" "Mozilla/5.0 (Windows NT 10.0; Win64; x64) AppleWebKit/537.36 (KHTML, like Gecko) Chrome/149.0.0.0 Safari/537.36 Edg/149.0.0.0"
[2026-06-15 14:35:43] INFO: ::1 - - [15/Jun/2026:11:35:43 +0000] "GET /api/v1/provider/reviews HTTP/1.1" 429 108 "http://localhost:5173/" "Mozilla/5.0 (Windows NT 10.0; Win64; x64) AppleWebKit/537.36 (KHTML, like Gecko) Chrome/149.0.0.0 Safari/537.36 Edg/149.0.0.0"
[2026-06-15 14:35:43] INFO: ::1 - - [15/Jun/2026:11:35:43 +0000] "GET /api/v1/provider/services/categories HTTP/1.1" 429 108 "http://localhost:5173/" "Mozilla/5.0 (Windows NT 10.0; Win64; x64) AppleWebKit/537.36 (KHTML, like Gecko) Chrome/149.0.0.0 Safari/537.36 Edg/149.0.0.0"
[2026-06-15 14:35:43] INFO: ::1 - - [15/Jun/2026:11:35:43 +0000] "GET /api/v1/provider/dashboard/live HTTP/1.1" 429 108 "http://localhost:5173/" "Mozilla/5.0 (Windows NT 10.0; Win64; x64) AppleWebKit/537.36 (KHTML, like Gecko) Chrome/149.0.0.0 Safari/537.36 Edg/149.0.0.0"
[2026-06-15 14:35:43] INFO: ::1 - - [15/Jun/2026:11:35:43 +0000] "GET /api/v1/provider/services HTTP/1.1" 429 108 "http://localhost:5173/" "Mozilla/5.0 (Windows NT 10.0; Win64; x64) AppleWebKit/537.36 (KHTML, like Gecko) Chrome/149.0.0.0 Safari/537.36 Edg/149.0.0.0"
[2026-06-15 14:35:43] INFO: ::1 - - [15/Jun/2026:11:35:43 +0000] "GET /api/v1/provider/profile HTTP/1.1" 429 108 "http://localhost:5173/" "Mozilla/5.0 (Windows NT 10.0; Win64; x64) AppleWebKit/537.36 (KHTML, like Gecko) Chrome/149.0.0.0 Safari/537.36 Edg/149.0.0.0"
[2026-06-15 14:35:43] INFO: ::1 - - [15/Jun/2026:11:35:43 +0000] "GET /api/v1/provider/settings HTTP/1.1" 429 108 "http://localhost:5173/" "Mozilla/5.0 (Windows NT 10.0; Win64; x64) AppleWebKit/537.36 (KHTML, like Gecko) Chrome/149.0.0.0 Safari/537.36 Edg/149.0.0.0"
[2026-06-15 14:35:43] INFO: ::1 - - [15/Jun/2026:11:35:43 +0000] "GET /api/v1/provider/reviews HTTP/1.1" 429 108 "http://localhost:5173/" "Mozilla/5.0 (Windows NT 10.0; Win64; x64) AppleWebKit/537.36 (KHTML, like Gecko) Chrome/149.0.0.0 Safari/537.36 Edg/149.0.0.0"
[2026-06-15 14:35:43] INFO: ::1 - - [15/Jun/2026:11:35:43 +0000] "GET /api/v1/provider/orders HTTP/1.1" 429 108 "http://localhost:5173/" "Mozilla/5.0 (Windows NT 10.0; Win64; x64) AppleWebKit/537.36 (KHTML, like Gecko) Chrome/149.0.0.0 Safari/537.36 Edg/149.0.0.0"
[2026-06-15 14:35:43] INFO: ::1 - - [15/Jun/2026:11:35:43 +0000] "GET /api/v1/provider/dashboard HTTP/1.1" 429 108 "http://localhost:5173/" "Mozilla/5.0 (Windows NT 10.0; Win64; x64) AppleWebKit/537.36 (KHTML, like Gecko) Chrome/149.0.0.0 Safari/537.36 Edg/149.0.0.0"
[2026-06-15 14:35:43] INFO: ::1 - - [15/Jun/2026:11:35:43 +0000] "GET /api/v1/provider/discounts/tiers HTTP/1.1" 429 108 "http://localhost:5173/" "Mozilla/5.0 (Windows NT 10.0; Win64; x64) AppleWebKit/537.36 (KHTML, like Gecko) Chrome/149.0.0.0 Safari/537.36 Edg/149.0.0.0"
[2026-06-15 14:35:43] INFO: ::1 - - [15/Jun/2026:11:35:43 +0000] "GET /api/v1/provider/discounts/special-entities HTTP/1.1" 429 108 "http://localhost:5173/" "Mozilla/5.0 (Windows NT 10.0; Win64; x64) AppleWebKit/537.36 (KHTML, like Gecko) Chrome/149.0.0.0 Safari/537.36 Edg/149.0.0.0"
[2026-06-15 14:35:43] INFO: ::1 - - [15/Jun/2026:11:35:43 +0000] "GET /api/v1/provider/services/categories HTTP/1.1" 429 108 "http://localhost:5173/" "Mozilla/5.0 (Windows NT 10.0; Win64; x64) AppleWebKit/537.36 (KHTML, like Gecko) Chrome/149.0.0.0 Safari/537.36 Edg/149.0.0.0"
[2026-06-15 14:35:43] INFO: ::1 - - [15/Jun/2026:11:35:43 +0000] "GET /api/v1/provider/services HTTP/1.1" 429 108 "http://localhost:5173/" "Mozilla/5.0 (Windows NT 10.0; Win64; x64) AppleWebKit/537.36 (KHTML, like Gecko) Chrome/149.0.0.0 Safari/537.36 Edg/149.0.0.0"
[2026-06-15 14:35:43] INFO: ::1 - - [15/Jun/2026:11:35:43 +0000] "GET /api/v1/provider/profile HTTP/1.1" 429 108 "http://localhost:5173/" "Mozilla/5.0 (Windows NT 10.0; Win64; x64) AppleWebKit/537.36 (KHTML, like Gecko) Chrome/149.0.0.0 Safari/537.36 Edg/149.0.0.0"
[2026-06-15 14:35:43] INFO: ::1 - - [15/Jun/2026:11:35:43 +0000] "GET /api/v1/provider/settings HTTP/1.1" 429 108 "http://localhost:5173/" "Mozilla/5.0 (Windows NT 10.0; Win64; x64) AppleWebKit/537.36 (KHTML, like Gecko) Chrome/149.0.0.0 Safari/537.36 Edg/149.0.0.0"
[2026-06-15 14:35:43] INFO: ::1 - - [15/Jun/2026:11:35:43 +0000] "GET /api/v1/provider/reviews HTTP/1.1" 429 108 "http://localhost:5173/" "Mozilla/5.0 (Windows NT 10.0; Win64; x64) AppleWebKit/537.36 (KHTML, like Gecko) Chrome/149.0.0.0 Safari/537.36 Edg/149.0.0.0"
[2026-06-15 14:35:43] INFO: ::1 - - [15/Jun/2026:11:35:43 +0000] "GET /api/v1/provider/orders HTTP/1.1" 429 108 "http://localhost:5173/" "Mozilla/5.0 (Windows NT 10.0; Win64; x64) AppleWebKit/537.36 (KHTML, like Gecko) Chrome/149.0.0.0 Safari/537.36 Edg/149.0.0.0"
[2026-06-15 14:35:43] INFO: ::1 - - [15/Jun/2026:11:35:43 +0000] "GET /api/v1/provider/services/categories HTTP/1.1" 429 108 "http://localhost:5173/" "Mozilla/5.0 (Windows NT 10.0; Win64; x64) AppleWebKit/537.36 (KHTML, like Gecko) Chrome/149.0.0.0 Safari/537.36 Edg/149.0.0.0"
[2026-06-15 14:35:43] INFO: ::1 - - [15/Jun/2026:11:35:43 +0000] "GET /api/v1/provider/dashboard HTTP/1.1" 429 108 "http://localhost:5173/" "Mozilla/5.0 (Windows NT 10.0; Win64; x64) AppleWebKit/537.36 (KHTML, like Gecko) Chrome/149.0.0.0 Safari/537.36 Edg/149.0.0.0"
[2026-06-15 14:35:43] INFO: ::1 - - [15/Jun/2026:11:35:43 +0000] "GET /api/v1/provider/discounts/tiers HTTP/1.1" 429 108 "http://localhost:5173/" "Mozilla/5.0 (Windows NT 10.0; Win64; x64) AppleWebKit/537.36 (KHTML, like Gecko) Chrome/149.0.0.0 Safari/537.36 Edg/149.0.0.0"
[2026-06-15 14:35:43] INFO: ::1 - - [15/Jun/2026:11:35:43 +0000] "GET /api/v1/provider/discounts/special-entities HTTP/1.1" 429 108 "http://localhost:5173/" "Mozilla/5.0 (Windows NT 10.0; Win64; x64) AppleWebKit/537.36 (KHTML, like Gecko) Chrome/149.0.0.0 Safari/537.36 Edg/149.0.0.0"
[2026-06-15 14:35:43] INFO: ::1 - - [15/Jun/2026:11:35:43 +0000] "GET /api/v1/provider/services HTTP/1.1" 429 108 "http://localhost:5173/" "Mozilla/5.0 (Windows NT 10.0; Win64; x64) AppleWebKit/537.36 (KHTML, like Gecko) Chrome/149.0.0.0 Safari/537.36 Edg/149.0.0.0"
[2026-06-15 14:35:43] INFO: ::1 - - [15/Jun/2026:11:35:43 +0000] "GET /api/v1/provider/dashboard/live HTTP/1.1" 429 108 "http://localhost:5173/" "Mozilla/5.0 (Windows NT 10.0; Win64; x64) AppleWebKit/537.36 (KHTML, like Gecko) Chrome/149.0.0.0 Safari/537.36 Edg/149.0.0.0"
[2026-06-15 14:35:43] INFO: ::1 - - [15/Jun/2026:11:35:43 +0000] "GET /api/v1/provider/settings HTTP/1.1" 429 108 "http://localhost:5173/" "Mozilla/5.0 (Windows NT 10.0; Win64; x64) AppleWebKit/537.36 (KHTML, like Gecko) Chrome/149.0.0.0 Safari/537.36 Edg/149.0.0.0"
[2026-06-15 14:35:43] INFO: ::1 - - [15/Jun/2026:11:35:43 +0000] "GET /api/v1/provider/profile HTTP/1.1" 429 108 "http://localhost:5173/" "Mozilla/5.0 (Windows NT 10.0; Win64; x64) AppleWebKit/537.36 (KHTML, like Gecko) Chrome/149.0.0.0 Safari/537.36 Edg/149.0.0.0"
[2026-06-15 14:35:43] INFO: ::1 - - [15/Jun/2026:11:35:43 +0000] "GET /api/v1/provider/reviews HTTP/1.1" 429 108 "http://localhost:5173/" "Mozilla/5.0 (Windows NT 10.0; Win64; x64) AppleWebKit/537.36 (KHTML, like Gecko) Chrome/149.0.0.0 Safari/537.36 Edg/149.0.0.0"
[2026-06-15 14:35:44] INFO: ::1 - - [15/Jun/2026:11:35:44 +0000] "GET /api/v1/provider/orders HTTP/1.1" 429 108 "http://localhost:5173/" "Mozilla/5.0 (Windows NT 10.0; Win64; x64) AppleWebKit/537.36 (KHTML, like Gecko) Chrome/149.0.0.0 Safari/537.36 Edg/149.0.0.0"
[2026-06-15 14:35:44] INFO: ::1 - - [15/Jun/2026:11:35:44 +0000] "GET /api/v1/provider/profile HTTP/1.1" 429 108 "http://localhost:5173/" "Mozilla/5.0 (Windows NT 10.0; Win64; x64) AppleWebKit/537.36 (KHTML, like Gecko) Chrome/149.0.0.0 Safari/537.36 Edg/149.0.0.0"
[2026-06-15 14:35:44] INFO: ::1 - - [15/Jun/2026:11:35:44 +0000] "GET /api/v1/provider/dashboard HTTP/1.1" 429 108 "http://localhost:5173/" "Mozilla/5.0 (Windows NT 10.0; Win64; x64) AppleWebKit/537.36 (KHTML, like Gecko) Chrome/149.0.0.0 Safari/537.36 Edg/149.0.0.0"
[2026-06-15 14:35:44] INFO: ::1 - - [15/Jun/2026:11:35:44 +0000] "GET /api/v1/provider/discounts/tiers HTTP/1.1" 429 108 "http://localhost:5173/" "Mozilla/5.0 (Windows NT 10.0; Win64; x64) AppleWebKit/537.36 (KHTML, like Gecko) Chrome/149.0.0.0 Safari/537.36 Edg/149.0.0.0"
[2026-06-15 14:35:44] INFO: ::1 - - [15/Jun/2026:11:35:44 +0000] "GET /api/v1/provider/discounts/special-entities HTTP/1.1" 429 108 "http://localhost:5173/" "Mozilla/5.0 (Windows NT 10.0; Win64; x64) AppleWebKit/537.36 (KHTML, like Gecko) Chrome/149.0.0.0 Safari/537.36 Edg/149.0.0.0"
[2026-06-15 14:35:44] INFO: ::1 - - [15/Jun/2026:11:35:44 +0000] "GET /api/v1/provider/services/categories HTTP/1.1" 429 108 "http://localhost:5173/" "Mozilla/5.0 (Windows NT 10.0; Win64; x64) AppleWebKit/537.36 (KHTML, like Gecko) Chrome/149.0.0.0 Safari/537.36 Edg/149.0.0.0"
[2026-06-15 14:35:44] INFO: ::1 - - [15/Jun/2026:11:35:44 +0000] "GET /api/v1/provider/services HTTP/1.1" 429 108 "http://localhost:5173/" "Mozilla/5.0 (Windows NT 10.0; Win64; x64) AppleWebKit/537.36 (KHTML, like Gecko) Chrome/149.0.0.0 Safari/537.36 Edg/149.0.0.0"
[2026-06-15 14:35:44] INFO: ::1 - - [15/Jun/2026:11:35:44 +0000] "GET /api/v1/provider/settings HTTP/1.1" 429 108 "http://localhost:5173/" "Mozilla/5.0 (Windows NT 10.0; Win64; x64) AppleWebKit/537.36 (KHTML, like Gecko) Chrome/149.0.0.0 Safari/537.36 Edg/149.0.0.0"
[2026-06-15 14:35:44] INFO: ::1 - - [15/Jun/2026:11:35:44 +0000] "GET /api/v1/provider/reviews HTTP/1.1" 429 108 "http://localhost:5173/" "Mozilla/5.0 (Windows NT 10.0; Win64; x64) AppleWebKit/537.36 (KHTML, like Gecko) Chrome/149.0.0.0 Safari/537.36 Edg/149.0.0.0"
[2026-06-15 14:35:44] INFO: ::1 - - [15/Jun/2026:11:35:44 +0000] "GET /api/v1/provider/orders HTTP/1.1" 429 108 "http://localhost:5173/" "Mozilla/5.0 (Windows NT 10.0; Win64; x64) AppleWebKit/537.36 (KHTML, like Gecko) Chrome/149.0.0.0 Safari/537.36 Edg/149.0.0.0"
[2026-06-15 14:35:44] INFO: ::1 - - [15/Jun/2026:11:35:44 +0000] "GET /api/v1/provider/profile HTTP/1.1" 429 108 "http://localhost:5173/" "Mozilla/5.0 (Windows NT 10.0; Win64; x64) AppleWebKit/537.36 (KHTML, like Gecko) Chrome/149.0.0.0 Safari/537.36 Edg/149.0.0.0"
[2026-06-15 14:35:44] INFO: ::1 - - [15/Jun/2026:11:35:44 +0000] "GET /api/v1/provider/dashboard HTTP/1.1" 429 108 "http://localhost:5173/" "Mozilla/5.0 (Windows NT 10.0; Win64; x64) AppleWebKit/537.36 (KHTML, like Gecko) Chrome/149.0.0.0 Safari/537.36 Edg/149.0.0.0"
[2026-06-15 14:35:44] INFO: ::1 - - [15/Jun/2026:11:35:44 +0000] "GET /api/v1/provider/discounts/tiers HTTP/1.1" 429 108 "http://localhost:5173/" "Mozilla/5.0 (Windows NT 10.0; Win64; x64) AppleWebKit/537.36 (KHTML, like Gecko) Chrome/149.0.0.0 Safari/537.36 Edg/149.0.0.0"
[2026-06-15 14:35:44] INFO: ::1 - - [15/Jun/2026:11:35:44 +0000] "GET /api/v1/provider/dashboard/live HTTP/1.1" 429 108 "http://localhost:5173/" "Mozilla/5.0 (Windows NT 10.0; Win64; x64) AppleWebKit/537.36 (KHTML, like Gecko) Chrome/149.0.0.0 Safari/537.36 Edg/149.0.0.0"
[2026-06-15 14:35:44] INFO: ::1 - - [15/Jun/2026:11:35:44 +0000] "GET /api/v1/provider/discounts/special-entities HTTP/1.1" 429 108 "http://localhost:5173/" "Mozilla/5.0 (Windows NT 10.0; Win64; x64) AppleWebKit/537.36 (KHTML, like Gecko) Chrome/149.0.0.0 Safari/537.36 Edg/149.0.0.0"
[2026-06-15 14:35:44] INFO: ::1 - - [15/Jun/2026:11:35:44 +0000] "GET /api/v1/provider/services/categories HTTP/1.1" 429 108 "http://localhost:5173/" "Mozilla/5.0 (Windows NT 10.0; Win64; x64) AppleWebKit/537.36 (KHTML, like Gecko) Chrome/149.0.0.0 Safari/537.36 Edg/149.0.0.0"
[2026-06-15 14:35:44] INFO: ::1 - - [15/Jun/2026:11:35:44 +0000] "GET /api/v1/provider/services HTTP/1.1" 429 108 "http://localhost:5173/" "Mozilla/5.0 (Windows NT 10.0; Win64; x64) AppleWebKit/537.36 (KHTML, like Gecko) Chrome/149.0.0.0 Safari/537.36 Edg/149.0.0.0"
[2026-06-15 14:35:44] INFO: ::1 - - [15/Jun/2026:11:35:44 +0000] "GET /api/v1/provider/settings HTTP/1.1" 429 108 "http://localhost:5173/" "Mozilla/5.0 (Windows NT 10.0; Win64; x64) AppleWebKit/537.36 (KHTML, like Gecko) Chrome/149.0.0.0 Safari/537.36 Edg/149.0.0.0"
[2026-06-15 14:35:44] INFO: ::1 - - [15/Jun/2026:11:35:44 +0000] "GET /api/v1/provider/reviews HTTP/1.1" 429 108 "http://localhost:5173/" "Mozilla/5.0 (Windows NT 10.0; Win64; x64) AppleWebKit/537.36 (KHTML, like Gecko) Chrome/149.0.0.0 Safari/537.36 Edg/149.0.0.0"
[2026-06-15 14:37:00] INFO: ::1 - - [15/Jun/2026:11:37:00 +0000] "POST /api/v1/auth/login HTTP/1.1" 429 108 "http://localhost:5173/" "Mozilla/5.0 (Windows NT 10.0; Win64; x64) AppleWebKit/537.36 (KHTML, like Gecko) Code/1.124.2 Chrome/148.0.7778.97 Electron/42.2.0 Safari/537.36"
[2026-06-15 14:39:06] INFO: ::1 - - [15/Jun/2026:11:39:06 +0000] "POST /api/v1/auth/login HTTP/1.1" 401 73 "http://localhost:5173/" "Mozilla/5.0 (Windows NT 10.0; Win64; x64) AppleWebKit/537.36 (KHTML, like Gecko) Code/1.124.2 Chrome/148.0.7778.97 Electron/42.2.0 Safari/537.36"
[2026-06-15 14:39:44] INFO: ::1 - - [15/Jun/2026:11:39:44 +0000] "POST /api/v1/auth/login HTTP/1.1" 401 73 "http://localhost:5173/" "Mozilla/5.0 (Windows NT 10.0; Win64; x64) AppleWebKit/537.36 (KHTML, like Gecko) Code/1.124.2 Chrome/148.0.7778.97 Electron/42.2.0 Safari/537.36"
[2026-06-15 14:40:21] INFO: ::1 - - [15/Jun/2026:11:40:21 +0000] "POST /api/v1/auth/login HTTP/1.1" 401 73 "http://localhost:5173/" "Mozilla/5.0 (Windows NT 10.0; Win64; x64) AppleWebKit/537.36 (KHTML, like Gecko) Code/1.124.2 Chrome/148.0.7778.97 Electron/42.2.0 Safari/537.36"
[2026-06-15 14:40:48] INFO: ::1 - - [15/Jun/2026:11:40:48 +0000] "POST /api/v1/auth/login HTTP/1.1" 401 73 "http://localhost:5173/" "Mozilla/5.0 (Windows NT 10.0; Win64; x64) AppleWebKit/537.36 (KHTML, like Gecko) Code/1.124.2 Chrome/148.0.7778.97 Electron/42.2.0 Safari/537.36"
[2026-06-15 14:41:08] INFO: ::1 - - [15/Jun/2026:11:41:08 +0000] "POST /api/v1/auth/login HTTP/1.1" 200 928 "http://localhost:5173/" "Mozilla/5.0 (Windows NT 10.0; Win64; x64) AppleWebKit/537.36 (KHTML, like Gecko) Code/1.124.2 Chrome/148.0.7778.97 Electron/42.2.0 Safari/537.36"
[2026-06-15 14:41:09] INFO: ::1 - - [15/Jun/2026:11:41:09 +0000] "GET /api/v1/provider/discounts/tiers HTTP/1.1" 200 286 "http://localhost:5173/" "Mozilla/5.0 (Windows NT 10.0; Win64; x64) AppleWebKit/537.36 (KHTML, like Gecko) Code/1.124.2 Chrome/148.0.7778.97 Electron/42.2.0 Safari/537.36"
[2026-06-15 14:41:09] INFO: ::1 - - [15/Jun/2026:11:41:09 +0000] "GET /api/v1/provider/discounts/special-entities HTTP/1.1" 200 36 "http://localhost:5173/" "Mozilla/5.0 (Windows NT 10.0; Win64; x64) AppleWebKit/537.36 (KHTML, like Gecko) Code/1.124.2 Chrome/148.0.7778.97 Electron/42.2.0 Safari/537.36"
[2026-06-15 14:41:09] INFO: ::1 - - [15/Jun/2026:11:41:09 +0000] "GET /api/v1/provider/services HTTP/1.1" 200 96 "http://localhost:5173/" "Mozilla/5.0 (Windows NT 10.0; Win64; x64) AppleWebKit/537.36 (KHTML, like Gecko) Code/1.124.2 Chrome/148.0.7778.97 Electron/42.2.0 Safari/537.36"
[2026-06-15 14:41:09] INFO: ::1 - - [15/Jun/2026:11:41:09 +0000] "GET /api/v1/provider/dashboard/live HTTP/1.1" 401 90 "http://localhost:5173/" "Mozilla/5.0 (Windows NT 10.0; Win64; x64) AppleWebKit/537.36 (KHTML, like Gecko) Code/1.124.2 Chrome/148.0.7778.97 Electron/42.2.0 Safari/537.36"
[2026-06-15 14:41:09] INFO: ::1 - - [15/Jun/2026:11:41:09 +0000] "GET /api/v1/provider/orders HTTP/1.1" 200 2844 "http://localhost:5173/" "Mozilla/5.0 (Windows NT 10.0; Win64; x64) AppleWebKit/537.36 (KHTML, like Gecko) Code/1.124.2 Chrome/148.0.7778.97 Electron/42.2.0 Safari/537.36"
[2026-06-15 14:41:09] INFO: ::1 - - [15/Jun/2026:11:41:09 +0000] "GET /api/v1/provider/settings HTTP/1.1" 200 342 "http://localhost:5173/" "Mozilla/5.0 (Windows NT 10.0; Win64; x64) AppleWebKit/537.36 (KHTML, like Gecko) Code/1.124.2 Chrome/148.0.7778.97 Electron/42.2.0 Safari/537.36"
[2026-06-15 14:41:09] INFO: ::1 - - [15/Jun/2026:11:41:09 +0000] "GET /api/v1/provider/dashboard HTTP/1.1" 200 434 "http://localhost:5173/" "Mozilla/5.0 (Windows NT 10.0; Win64; x64) AppleWebKit/537.36 (KHTML, like Gecko) Code/1.124.2 Chrome/148.0.7778.97 Electron/42.2.0 Safari/537.36"
[2026-06-15 14:41:09] INFO: ::1 - - [15/Jun/2026:11:41:09 +0000] "GET /api/v1/provider/services/categories HTTP/1.1" 200 2117 "http://localhost:5173/" "Mozilla/5.0 (Windows NT 10.0; Win64; x64) AppleWebKit/537.36 (KHTML, like Gecko) Code/1.124.2 Chrome/148.0.7778.97 Electron/42.2.0 Safari/537.36"
[2026-06-15 14:41:10] INFO: ::1 - - [15/Jun/2026:11:41:10 +0000] "GET /api/v1/provider/reviews HTTP/1.1" 200 2204 "http://localhost:5173/" "Mozilla/5.0 (Windows NT 10.0; Win64; x64) AppleWebKit/537.36 (KHTML, like Gecko) Code/1.124.2 Chrome/148.0.7778.97 Electron/42.2.0 Safari/537.36"
[2026-06-15 14:41:10] INFO: ::1 - - [15/Jun/2026:11:41:10 +0000] "GET /api/v1/provider/profile HTTP/1.1" 200 304 "http://localhost:5173/" "Mozilla/5.0 (Windows NT 10.0; Win64; x64) AppleWebKit/537.36 (KHTML, like Gecko) Code/1.124.2 Chrome/148.0.7778.97 Electron/42.2.0 Safari/537.36"
[2026-06-15 14:41:10] INFO: ::1 - - [15/Jun/2026:11:41:10 +0000] "GET /api/v1/provider/discounts/tiers HTTP/1.1" 304 - "http://localhost:5173/" "Mozilla/5.0 (Windows NT 10.0; Win64; x64) AppleWebKit/537.36 (KHTML, like Gecko) Code/1.124.2 Chrome/148.0.7778.97 Electron/42.2.0 Safari/537.36"
[2026-06-15 14:41:10] INFO: ::1 - - [15/Jun/2026:11:41:10 +0000] "GET /api/v1/provider/discounts/special-entities HTTP/1.1" 304 - "http://localhost:5173/" "Mozilla/5.0 (Windows NT 10.0; Win64; x64) AppleWebKit/537.36 (KHTML, like Gecko) Code/1.124.2 Chrome/148.0.7778.97 Electron/42.2.0 Safari/537.36"
[2026-06-15 14:41:10] INFO: ::1 - - [15/Jun/2026:11:41:10 +0000] "GET /api/v1/provider/settings HTTP/1.1" 304 - "http://localhost:5173/" "Mozilla/5.0 (Windows NT 10.0; Win64; x64) AppleWebKit/537.36 (KHTML, like Gecko) Code/1.124.2 Chrome/148.0.7778.97 Electron/42.2.0 Safari/537.36"
[2026-06-15 14:41:10] INFO: ::1 - - [15/Jun/2026:11:41:10 +0000] "GET /api/v1/provider/services HTTP/1.1" 304 - "http://localhost:5173/" "Mozilla/5.0 (Windows NT 10.0; Win64; x64) AppleWebKit/537.36 (KHTML, like Gecko) Code/1.124.2 Chrome/148.0.7778.97 Electron/42.2.0 Safari/537.36"
[2026-06-15 14:41:10] INFO: ::1 - - [15/Jun/2026:11:41:10 +0000] "GET /api/v1/provider/orders HTTP/1.1" 304 - "http://localhost:5173/" "Mozilla/5.0 (Windows NT 10.0; Win64; x64) AppleWebKit/537.36 (KHTML, like Gecko) Code/1.124.2 Chrome/148.0.7778.97 Electron/42.2.0 Safari/537.36"
[2026-06-15 14:41:11] INFO: ::1 - - [15/Jun/2026:11:41:11 +0000] "GET /api/v1/provider/reviews HTTP/1.1" 304 - "http://localhost:5173/" "Mozilla/5.0 (Windows NT 10.0; Win64; x64) AppleWebKit/537.36 (KHTML, like Gecko) Code/1.124.2 Chrome/148.0.7778.97 Electron/42.2.0 Safari/537.36"
[2026-06-15 14:41:11] INFO: ::1 - - [15/Jun/2026:11:41:11 +0000] "GET /api/v1/provider/dashboard HTTP/1.1" 304 - "http://localhost:5173/" "Mozilla/5.0 (Windows NT 10.0; Win64; x64) AppleWebKit/537.36 (KHTML, like Gecko) Code/1.124.2 Chrome/148.0.7778.97 Electron/42.2.0 Safari/537.36"
[2026-06-15 14:41:11] INFO: ::1 - - [15/Jun/2026:11:41:11 +0000] "GET /api/v1/provider/profile HTTP/1.1" 304 - "http://localhost:5173/" "Mozilla/5.0 (Windows NT 10.0; Win64; x64) AppleWebKit/537.36 (KHTML, like Gecko) Code/1.124.2 Chrome/148.0.7778.97 Electron/42.2.0 Safari/537.36"
[2026-06-15 14:41:11] INFO: ::1 - - [15/Jun/2026:11:41:11 +0000] "GET /api/v1/provider/services/categories HTTP/1.1" 304 - "http://localhost:5173/" "Mozilla/5.0 (Windows NT 10.0; Win64; x64) AppleWebKit/537.36 (KHTML, like Gecko) Code/1.124.2 Chrome/148.0.7778.97 Electron/42.2.0 Safari/537.36"
[2026-06-15 14:41:14] INFO: ::1 - - [15/Jun/2026:11:41:14 +0000] "GET /api/v1/provider/discounts/special-entities HTTP/1.1" 200 36 "http://localhost:5173/" "Mozilla/5.0 (Windows NT 10.0; Win64; x64) AppleWebKit/537.36 (KHTML, like Gecko) Chrome/149.0.0.0 Safari/537.36 Edg/149.0.0.0"
[2026-06-15 14:41:14] INFO: ::1 - - [15/Jun/2026:11:41:14 +0000] "GET /api/v1/provider/dashboard/live HTTP/1.1" 401 90 "http://localhost:5173/" "Mozilla/5.0 (Windows NT 10.0; Win64; x64) AppleWebKit/537.36 (KHTML, like Gecko) Chrome/149.0.0.0 Safari/537.36 Edg/149.0.0.0"
[2026-06-15 14:41:14] INFO: ::1 - - [15/Jun/2026:11:41:14 +0000] "GET /api/v1/provider/discounts/tiers HTTP/1.1" 200 286 "http://localhost:5173/" "Mozilla/5.0 (Windows NT 10.0; Win64; x64) AppleWebKit/537.36 (KHTML, like Gecko) Chrome/149.0.0.0 Safari/537.36 Edg/149.0.0.0"
[2026-06-15 14:41:14] INFO: ::1 - - [15/Jun/2026:11:41:14 +0000] "GET /api/v1/provider/services HTTP/1.1" 200 96 "http://localhost:5173/" "Mozilla/5.0 (Windows NT 10.0; Win64; x64) AppleWebKit/537.36 (KHTML, like Gecko) Chrome/149.0.0.0 Safari/537.36 Edg/149.0.0.0"
[2026-06-15 14:41:14] INFO: ::1 - - [15/Jun/2026:11:41:14 +0000] "GET /api/v1/provider/orders HTTP/1.1" 200 2844 "http://localhost:5173/" "Mozilla/5.0 (Windows NT 10.0; Win64; x64) AppleWebKit/537.36 (KHTML, like Gecko) Chrome/149.0.0.0 Safari/537.36 Edg/149.0.0.0"
[2026-06-15 14:41:15] INFO: ::1 - - [15/Jun/2026:11:41:15 +0000] "GET /api/v1/provider/dashboard HTTP/1.1" 200 434 "http://localhost:5173/" "Mozilla/5.0 (Windows NT 10.0; Win64; x64) AppleWebKit/537.36 (KHTML, like Gecko) Chrome/149.0.0.0 Safari/537.36 Edg/149.0.0.0"
[2026-06-15 14:41:15] INFO: ::1 - - [15/Jun/2026:11:41:15 +0000] "GET /api/v1/provider/settings HTTP/1.1" 200 342 "http://localhost:5173/" "Mozilla/5.0 (Windows NT 10.0; Win64; x64) AppleWebKit/537.36 (KHTML, like Gecko) Chrome/149.0.0.0 Safari/537.36 Edg/149.0.0.0"
[2026-06-15 14:41:15] INFO: ::1 - - [15/Jun/2026:11:41:15 +0000] "GET /api/v1/provider/discounts/tiers HTTP/1.1" - - "http://localhost:5173/" "Mozilla/5.0 (Windows NT 10.0; Win64; x64) AppleWebKit/537.36 (KHTML, like Gecko) Chrome/149.0.0.0 Safari/537.36 Edg/149.0.0.0"
[2026-06-15 14:41:15] INFO: ::1 - - [15/Jun/2026:11:41:15 +0000] "GET /api/v1/provider/dashboard HTTP/1.1" - - "http://localhost:5173/" "Mozilla/5.0 (Windows NT 10.0; Win64; x64) AppleWebKit/537.36 (KHTML, like Gecko) Chrome/149.0.0.0 Safari/537.36 Edg/149.0.0.0"
[2026-06-15 14:41:15] INFO: ::1 - - [15/Jun/2026:11:41:15 +0000] "GET /api/v1/provider/orders HTTP/1.1" - - "http://localhost:5173/" "Mozilla/5.0 (Windows NT 10.0; Win64; x64) AppleWebKit/537.36 (KHTML, like Gecko) Chrome/149.0.0.0 Safari/537.36 Edg/149.0.0.0"
[2026-06-15 14:41:15] INFO: ::1 - - [15/Jun/2026:11:41:15 +0000] "GET /api/v1/provider/services HTTP/1.1" - - "http://localhost:5173/" "Mozilla/5.0 (Windows NT 10.0; Win64; x64) AppleWebKit/537.36 (KHTML, like Gecko) Chrome/149.0.0.0 Safari/537.36 Edg/149.0.0.0"
[2026-06-15 14:41:15] INFO: ::1 - - [15/Jun/2026:11:41:15 +0000] "GET /api/v1/provider/profile HTTP/1.1" - - "http://localhost:5173/" "Mozilla/5.0 (Windows NT 10.0; Win64; x64) AppleWebKit/537.36 (KHTML, like Gecko) Chrome/149.0.0.0 Safari/537.36 Edg/149.0.0.0"
[2026-06-15 14:41:15] INFO: ::1 - - [15/Jun/2026:11:41:15 +0000] "GET /api/v1/provider/reviews HTTP/1.1" - - "http://localhost:5173/" "Mozilla/5.0 (Windows NT 10.0; Win64; x64) AppleWebKit/537.36 (KHTML, like Gecko) Chrome/149.0.0.0 Safari/537.36 Edg/149.0.0.0"
[2026-06-15 14:41:15] INFO: ::1 - - [15/Jun/2026:11:41:15 +0000] "GET /api/v1/provider/discounts/special-entities HTTP/1.1" - - "http://localhost:5173/" "Mozilla/5.0 (Windows NT 10.0; Win64; x64) AppleWebKit/537.36 (KHTML, like Gecko) Chrome/149.0.0.0 Safari/537.36 Edg/149.0.0.0"
[2026-06-15 14:41:15] INFO: ::1 - - [15/Jun/2026:11:41:15 +0000] "GET /api/v1/provider/services/categories HTTP/1.1" 200 2117 "http://localhost:5173/" "Mozilla/5.0 (Windows NT 10.0; Win64; x64) AppleWebKit/537.36 (KHTML, like Gecko) Chrome/149.0.0.0 Safari/537.36 Edg/149.0.0.0"
[2026-06-15 14:41:16] INFO: ::1 - - [15/Jun/2026:11:41:16 +0000] "GET /api/v1/provider/discounts/special-entities HTTP/1.1" 200 36 "http://localhost:5173/" "Mozilla/5.0 (Windows NT 10.0; Win64; x64) AppleWebKit/537.36 (KHTML, like Gecko) Chrome/149.0.0.0 Safari/537.36 Edg/149.0.0.0"
[2026-06-15 14:41:16] INFO: ::1 - - [15/Jun/2026:11:41:16 +0000] "GET /api/v1/provider/services HTTP/1.1" 200 96 "http://localhost:5173/" "Mozilla/5.0 (Windows NT 10.0; Win64; x64) AppleWebKit/537.36 (KHTML, like Gecko) Chrome/149.0.0.0 Safari/537.36 Edg/149.0.0.0"
[2026-06-15 14:41:16] INFO: ::1 - - [15/Jun/2026:11:41:16 +0000] "GET /api/v1/provider/discounts/tiers HTTP/1.1" 200 286 "http://localhost:5173/" "Mozilla/5.0 (Windows NT 10.0; Win64; x64) AppleWebKit/537.36 (KHTML, like Gecko) Chrome/149.0.0.0 Safari/537.36 Edg/149.0.0.0"
[2026-06-15 14:41:16] INFO: ::1 - - [15/Jun/2026:11:41:16 +0000] "GET /api/v1/provider/reviews HTTP/1.1" - - "http://localhost:5173/" "Mozilla/5.0 (Windows NT 10.0; Win64; x64) AppleWebKit/537.36 (KHTML, like Gecko) Chrome/149.0.0.0 Safari/537.36 Edg/149.0.0.0"
[2026-06-15 14:41:16] INFO: ::1 - - [15/Jun/2026:11:41:16 +0000] "GET /api/v1/provider/dashboard/live HTTP/1.1" 401 90 "http://localhost:5173/" "Mozilla/5.0 (Windows NT 10.0; Win64; x64) AppleWebKit/537.36 (KHTML, like Gecko) Chrome/149.0.0.0 Safari/537.36 Edg/149.0.0.0"
[2026-06-15 14:41:16] INFO: ::1 - - [15/Jun/2026:11:41:16 +0000] "GET /api/v1/provider/services HTTP/1.1" - - "http://localhost:5173/" "Mozilla/5.0 (Windows NT 10.0; Win64; x64) AppleWebKit/537.36 (KHTML, like Gecko) Chrome/149.0.0.0 Safari/537.36 Edg/149.0.0.0"
[2026-06-15 14:41:16] INFO: ::1 - - [15/Jun/2026:11:41:16 +0000] "GET /api/v1/provider/discounts/special-entities HTTP/1.1" - - "http://localhost:5173/" "Mozilla/5.0 (Windows NT 10.0; Win64; x64) AppleWebKit/537.36 (KHTML, like Gecko) Chrome/149.0.0.0 Safari/537.36 Edg/149.0.0.0"
[2026-06-15 14:41:16] INFO: ::1 - - [15/Jun/2026:11:41:16 +0000] "GET /api/v1/provider/profile HTTP/1.1" - - "http://localhost:5173/" "Mozilla/5.0 (Windows NT 10.0; Win64; x64) AppleWebKit/537.36 (KHTML, like Gecko) Chrome/149.0.0.0 Safari/537.36 Edg/149.0.0.0"
[2026-06-15 14:41:16] INFO: ::1 - - [15/Jun/2026:11:41:16 +0000] "GET /api/v1/provider/orders HTTP/1.1" - - "http://localhost:5173/" "Mozilla/5.0 (Windows NT 10.0; Win64; x64) AppleWebKit/537.36 (KHTML, like Gecko) Chrome/149.0.0.0 Safari/537.36 Edg/149.0.0.0"
[2026-06-15 14:41:16] INFO: ::1 - - [15/Jun/2026:11:41:16 +0000] "GET /api/v1/provider/settings HTTP/1.1" - - "http://localhost:5173/" "Mozilla/5.0 (Windows NT 10.0; Win64; x64) AppleWebKit/537.36 (KHTML, like Gecko) Chrome/149.0.0.0 Safari/537.36 Edg/149.0.0.0"
[2026-06-15 14:41:16] INFO: ::1 - - [15/Jun/2026:11:41:16 +0000] "GET /api/v1/provider/services/categories HTTP/1.1" - - "http://localhost:5173/" "Mozilla/5.0 (Windows NT 10.0; Win64; x64) AppleWebKit/537.36 (KHTML, like Gecko) Chrome/149.0.0.0 Safari/537.36 Edg/149.0.0.0"
[2026-06-15 14:41:16] INFO: ::1 - - [15/Jun/2026:11:41:16 +0000] "GET /api/v1/provider/dashboard HTTP/1.1" - - "http://localhost:5173/" "Mozilla/5.0 (Windows NT 10.0; Win64; x64) AppleWebKit/537.36 (KHTML, like Gecko) Chrome/149.0.0.0 Safari/537.36 Edg/149.0.0.0"
[2026-06-15 14:41:17] INFO: ::1 - - [15/Jun/2026:11:41:17 +0000] "GET /api/v1/provider/discounts/special-entities HTTP/1.1" 200 36 "http://localhost:5173/" "Mozilla/5.0 (Windows NT 10.0; Win64; x64) AppleWebKit/537.36 (KHTML, like Gecko) Chrome/149.0.0.0 Safari/537.36 Edg/149.0.0.0"
[2026-06-15 14:41:17] INFO: ::1 - - [15/Jun/2026:11:41:17 +0000] "GET /api/v1/provider/services HTTP/1.1" 200 96 "http://localhost:5173/" "Mozilla/5.0 (Windows NT 10.0; Win64; x64) AppleWebKit/537.36 (KHTML, like Gecko) Chrome/149.0.0.0 Safari/537.36 Edg/149.0.0.0"
[2026-06-15 14:41:17] INFO: ::1 - - [15/Jun/2026:11:41:17 +0000] "GET /api/v1/provider/orders HTTP/1.1" 200 2844 "http://localhost:5173/" "Mozilla/5.0 (Windows NT 10.0; Win64; x64) AppleWebKit/537.36 (KHTML, like Gecko) Chrome/149.0.0.0 Safari/537.36 Edg/149.0.0.0"
[2026-06-15 14:41:17] INFO: ::1 - - [15/Jun/2026:11:41:17 +0000] "GET /api/v1/provider/services/categories HTTP/1.1" 200 2117 "http://localhost:5173/" "Mozilla/5.0 (Windows NT 10.0; Win64; x64) AppleWebKit/537.36 (KHTML, like Gecko) Chrome/149.0.0.0 Safari/537.36 Edg/149.0.0.0"
[2026-06-15 14:41:17] INFO: ::1 - - [15/Jun/2026:11:41:17 +0000] "GET /api/v1/provider/settings HTTP/1.1" 200 342 "http://localhost:5173/" "Mozilla/5.0 (Windows NT 10.0; Win64; x64) AppleWebKit/537.36 (KHTML, like Gecko) Chrome/149.0.0.0 Safari/537.36 Edg/149.0.0.0"
[2026-06-15 14:41:17] INFO: ::1 - - [15/Jun/2026:11:41:17 +0000] "GET /api/v1/provider/dashboard/live HTTP/1.1" 401 90 "http://localhost:5173/" "Mozilla/5.0 (Windows NT 10.0; Win64; x64) AppleWebKit/537.36 (KHTML, like Gecko) Chrome/149.0.0.0 Safari/537.36 Edg/149.0.0.0"
[2026-06-15 14:41:18] INFO: ::1 - - [15/Jun/2026:11:41:18 +0000] "GET /api/v1/provider/reviews HTTP/1.1" 200 2204 "http://localhost:5173/" "Mozilla/5.0 (Windows NT 10.0; Win64; x64) AppleWebKit/537.36 (KHTML, like Gecko) Chrome/149.0.0.0 Safari/537.36 Edg/149.0.0.0"
[2026-06-15 14:41:18] INFO: ::1 - - [15/Jun/2026:11:41:18 +0000] "GET /api/v1/provider/profile HTTP/1.1" 200 304 "http://localhost:5173/" "Mozilla/5.0 (Windows NT 10.0; Win64; x64) AppleWebKit/537.36 (KHTML, like Gecko) Chrome/149.0.0.0 Safari/537.36 Edg/149.0.0.0"
[2026-06-15 14:41:18] INFO: ::1 - - [15/Jun/2026:11:41:18 +0000] "GET /api/v1/provider/services HTTP/1.1" 304 - "http://localhost:5173/" "Mozilla/5.0 (Windows NT 10.0; Win64; x64) AppleWebKit/537.36 (KHTML, like Gecko) Chrome/149.0.0.0 Safari/537.36 Edg/149.0.0.0"
[2026-06-15 14:41:18] INFO: ::1 - - [15/Jun/2026:11:41:18 +0000] "GET /api/v1/provider/discounts/special-entities HTTP/1.1" 304 - "http://localhost:5173/" "Mozilla/5.0 (Windows NT 10.0; Win64; x64) AppleWebKit/537.36 (KHTML, like Gecko) Chrome/149.0.0.0 Safari/537.36 Edg/149.0.0.0"
[2026-06-15 14:41:19] INFO: ::1 - - [15/Jun/2026:11:41:19 +0000] "GET /api/v1/provider/settings HTTP/1.1" 304 - "http://localhost:5173/" "Mozilla/5.0 (Windows NT 10.0; Win64; x64) AppleWebKit/537.36 (KHTML, like Gecko) Chrome/149.0.0.0 Safari/537.36 Edg/149.0.0.0"
[2026-06-15 14:41:19] INFO: ::1 - - [15/Jun/2026:11:41:19 +0000] "GET /api/v1/provider/discounts/tiers HTTP/1.1" 200 286 "http://localhost:5173/" "Mozilla/5.0 (Windows NT 10.0; Win64; x64) AppleWebKit/537.36 (KHTML, like Gecko) Chrome/149.0.0.0 Safari/537.36 Edg/149.0.0.0"
[2026-06-15 14:41:19] INFO: ::1 - - [15/Jun/2026:11:41:19 +0000] "GET /api/v1/provider/orders HTTP/1.1" 304 - "http://localhost:5173/" "Mozilla/5.0 (Windows NT 10.0; Win64; x64) AppleWebKit/537.36 (KHTML, like Gecko) Chrome/149.0.0.0 Safari/537.36 Edg/149.0.0.0"
[2026-06-15 14:41:19] INFO: ::1 - - [15/Jun/2026:11:41:19 +0000] "GET /api/v1/provider/reviews HTTP/1.1" 304 - "http://localhost:5173/" "Mozilla/5.0 (Windows NT 10.0; Win64; x64) AppleWebKit/537.36 (KHTML, like Gecko) Chrome/149.0.0.0 Safari/537.36 Edg/149.0.0.0"
[2026-06-15 14:41:19] INFO: ::1 - - [15/Jun/2026:11:41:19 +0000] "GET /api/v1/provider/services/categories HTTP/1.1" 304 - "http://localhost:5173/" "Mozilla/5.0 (Windows NT 10.0; Win64; x64) AppleWebKit/537.36 (KHTML, like Gecko) Chrome/149.0.0.0 Safari/537.36 Edg/149.0.0.0"
[2026-06-15 14:41:19] INFO: ::1 - - [15/Jun/2026:11:41:19 +0000] "GET /api/v1/provider/dashboard HTTP/1.1" 200 434 "http://localhost:5173/" "Mozilla/5.0 (Windows NT 10.0; Win64; x64) AppleWebKit/537.36 (KHTML, like Gecko) Chrome/149.0.0.0 Safari/537.36 Edg/149.0.0.0"
[2026-06-15 14:41:20] INFO: ::1 - - [15/Jun/2026:11:41:20 +0000] "GET /api/v1/provider/discounts/tiers HTTP/1.1" 304 - "http://localhost:5173/" "Mozilla/5.0 (Windows NT 10.0; Win64; x64) AppleWebKit/537.36 (KHTML, like Gecko) Chrome/149.0.0.0 Safari/537.36 Edg/149.0.0.0"
[2026-06-15 14:41:20] INFO: ::1 - - [15/Jun/2026:11:41:20 +0000] "GET /api/v1/provider/profile HTTP/1.1" 304 - "http://localhost:5173/" "Mozilla/5.0 (Windows NT 10.0; Win64; x64) AppleWebKit/537.36 (KHTML, like Gecko) Chrome/149.0.0.0 Safari/537.36 Edg/149.0.0.0"
[2026-06-15 14:41:21] INFO: ::1 - - [15/Jun/2026:11:41:21 +0000] "GET /api/v1/provider/dashboard HTTP/1.1" 304 - "http://localhost:5173/" "Mozilla/5.0 (Windows NT 10.0; Win64; x64) AppleWebKit/537.36 (KHTML, like Gecko) Chrome/149.0.0.0 Safari/537.36 Edg/149.0.0.0"
[2026-06-15 14:41:25] INFO: ::1 - - [15/Jun/2026:11:41:25 +0000] "GET /api/v1/provider/orders/6a259bb48cbe7ff7f756417d HTTP/1.1" 200 3216 "http://localhost:5173/" "Mozilla/5.0 (Windows NT 10.0; Win64; x64) AppleWebKit/537.36 (KHTML, like Gecko) Chrome/149.0.0.0 Safari/537.36 Edg/149.0.0.0"
[2026-06-15 14:41:28] INFO: ::1 - - [15/Jun/2026:11:41:28 +0000] "GET /api/v1/provider/orders/6a259bb48cbe7ff7f756417d HTTP/1.1" 304 - "http://localhost:5173/" "Mozilla/5.0 (Windows NT 10.0; Win64; x64) AppleWebKit/537.36 (KHTML, like Gecko) Chrome/149.0.0.0 Safari/537.36 Edg/149.0.0.0"
[2026-06-15 14:41:30] INFO: ::1 - - [15/Jun/2026:11:41:30 +0000] "GET /api/v1/provider/orders/6a259bb48cbe7ff7f756417d HTTP/1.1" 304 - "http://localhost:5173/" "Mozilla/5.0 (Windows NT 10.0; Win64; x64) AppleWebKit/537.36 (KHTML, like Gecko) Chrome/149.0.0.0 Safari/537.36 Edg/149.0.0.0"
[2026-06-15 16:48:57] INFO: 
SIGINT received. Shutting down gracefully...
[2026-06-15 16:50:20] INFO: 
         claenovy API SERVER
   Status  : Running
   Port    : 3000
   Env     : development
   Version : v1
      
[2026-06-15 16:50:38] INFO: ::1 - - [15/Jun/2026:13:50:38 +0000] "GET /api/v1/provider/dashboard/live HTTP/1.1" 401 90 "http://localhost:5173/" "Mozilla/5.0 (Windows NT 10.0; Win64; x64) AppleWebKit/537.36 (KHTML, like Gecko) Code/1.124.2 Chrome/148.0.7778.97 Electron/42.2.0 Safari/537.36"
[2026-06-15 16:50:39] INFO: ::1 - - [15/Jun/2026:13:50:39 +0000] "GET /api/v1/provider/discounts/tiers HTTP/1.1" 304 - "http://localhost:5173/" "Mozilla/5.0 (Windows NT 10.0; Win64; x64) AppleWebKit/537.36 (KHTML, like Gecko) Code/1.124.2 Chrome/148.0.7778.97 Electron/42.2.0 Safari/537.36"
[2026-06-15 16:50:40] INFO: ::1 - - [15/Jun/2026:13:50:40 +0000] "GET /api/v1/provider/profile HTTP/1.1" 304 - "http://localhost:5173/" "Mozilla/5.0 (Windows NT 10.0; Win64; x64) AppleWebKit/537.36 (KHTML, like Gecko) Code/1.124.2 Chrome/148.0.7778.97 Electron/42.2.0 Safari/537.36"
[2026-06-15 16:50:40] INFO: ::1 - - [15/Jun/2026:13:50:40 +0000] "GET /api/v1/provider/dashboard HTTP/1.1" 304 - "http://localhost:5173/" "Mozilla/5.0 (Windows NT 10.0; Win64; x64) AppleWebKit/537.36 (KHTML, like Gecko) Code/1.124.2 Chrome/148.0.7778.97 Electron/42.2.0 Safari/537.36"
[2026-06-15 16:50:40] INFO: ::1 - - [15/Jun/2026:13:50:40 +0000] "GET /api/v1/provider/services/categories HTTP/1.1" 304 - "http://localhost:5173/" "Mozilla/5.0 (Windows NT 10.0; Win64; x64) AppleWebKit/537.36 (KHTML, like Gecko) Code/1.124.2 Chrome/148.0.7778.97 Electron/42.2.0 Safari/537.36"
[2026-06-15 16:50:40] INFO: ::1 - - [15/Jun/2026:13:50:40 +0000] "GET /api/v1/provider/settings HTTP/1.1" 304 - "http://localhost:5173/" "Mozilla/5.0 (Windows NT 10.0; Win64; x64) AppleWebKit/537.36 (KHTML, like Gecko) Code/1.124.2 Chrome/148.0.7778.97 Electron/42.2.0 Safari/537.36"
[2026-06-15 16:50:40] INFO: ::1 - - [15/Jun/2026:13:50:40 +0000] "GET /api/v1/provider/services HTTP/1.1" 304 - "http://localhost:5173/" "Mozilla/5.0 (Windows NT 10.0; Win64; x64) AppleWebKit/537.36 (KHTML, like Gecko) Code/1.124.2 Chrome/148.0.7778.97 Electron/42.2.0 Safari/537.36"
[2026-06-15 16:50:41] INFO: ::1 - - [15/Jun/2026:13:50:41 +0000] "GET /api/v1/provider/reviews HTTP/1.1" 304 - "http://localhost:5173/" "Mozilla/5.0 (Windows NT 10.0; Win64; x64) AppleWebKit/537.36 (KHTML, like Gecko) Code/1.124.2 Chrome/148.0.7778.97 Electron/42.2.0 Safari/537.36"
[2026-06-15 16:50:41] INFO: ::1 - - [15/Jun/2026:13:50:41 +0000] "GET /api/v1/provider/discounts/tiers HTTP/1.1" 304 - "http://localhost:5173/" "Mozilla/5.0 (Windows NT 10.0; Win64; x64) AppleWebKit/537.36 (KHTML, like Gecko) Code/1.124.2 Chrome/148.0.7778.97 Electron/42.2.0 Safari/537.36"
[2026-06-15 16:50:41] INFO: ::1 - - [15/Jun/2026:13:50:41 +0000] "GET /api/v1/provider/discounts/special-entities HTTP/1.1" 304 - "http://localhost:5173/" "Mozilla/5.0 (Windows NT 10.0; Win64; x64) AppleWebKit/537.36 (KHTML, like Gecko) Code/1.124.2 Chrome/148.0.7778.97 Electron/42.2.0 Safari/537.36"
[2026-06-15 16:50:42] INFO: ::1 - - [15/Jun/2026:13:50:42 +0000] "GET /api/v1/provider/settings HTTP/1.1" 304 - "http://localhost:5173/" "Mozilla/5.0 (Windows NT 10.0; Win64; x64) AppleWebKit/537.36 (KHTML, like Gecko) Code/1.124.2 Chrome/148.0.7778.97 Electron/42.2.0 Safari/537.36"
[2026-06-15 16:50:42] INFO: ::1 - - [15/Jun/2026:13:50:42 +0000] "GET /api/v1/provider/profile HTTP/1.1" 304 - "http://localhost:5173/" "Mozilla/5.0 (Windows NT 10.0; Win64; x64) AppleWebKit/537.36 (KHTML, like Gecko) Code/1.124.2 Chrome/148.0.7778.97 Electron/42.2.0 Safari/537.36"
[2026-06-15 16:50:42] INFO: ::1 - - [15/Jun/2026:13:50:42 +0000] "GET /api/v1/provider/orders HTTP/1.1" 304 - "http://localhost:5173/" "Mozilla/5.0 (Windows NT 10.0; Win64; x64) AppleWebKit/537.36 (KHTML, like Gecko) Code/1.124.2 Chrome/148.0.7778.97 Electron/42.2.0 Safari/537.36"
[2026-06-15 16:50:42] INFO: ::1 - - [15/Jun/2026:13:50:42 +0000] "GET /api/v1/provider/dashboard HTTP/1.1" 304 - "http://localhost:5173/" "Mozilla/5.0 (Windows NT 10.0; Win64; x64) AppleWebKit/537.36 (KHTML, like Gecko) Code/1.124.2 Chrome/148.0.7778.97 Electron/42.2.0 Safari/537.36"
[2026-06-15 16:50:42] INFO: ::1 - - [15/Jun/2026:13:50:42 +0000] "GET /api/v1/provider/services HTTP/1.1" 304 - "http://localhost:5173/" "Mozilla/5.0 (Windows NT 10.0; Win64; x64) AppleWebKit/537.36 (KHTML, like Gecko) Code/1.124.2 Chrome/148.0.7778.97 Electron/42.2.0 Safari/537.36"
[2026-06-15 16:50:42] INFO: ::1 - - [15/Jun/2026:13:50:42 +0000] "GET /api/v1/provider/services/categories HTTP/1.1" 304 - "http://localhost:5173/" "Mozilla/5.0 (Windows NT 10.0; Win64; x64) AppleWebKit/537.36 (KHTML, like Gecko) Code/1.124.2 Chrome/148.0.7778.97 Electron/42.2.0 Safari/537.36"
[2026-06-15 16:50:42] INFO: ::1 - - [15/Jun/2026:13:50:42 +0000] "GET /api/v1/provider/discounts/special-entities HTTP/1.1" 304 - "http://localhost:5173/" "Mozilla/5.0 (Windows NT 10.0; Win64; x64) AppleWebKit/537.36 (KHTML, like Gecko) Code/1.124.2 Chrome/148.0.7778.97 Electron/42.2.0 Safari/537.36"
[2026-06-15 16:50:42] INFO: ::1 - - [15/Jun/2026:13:50:42 +0000] "GET /api/v1/provider/reviews HTTP/1.1" 304 - "http://localhost:5173/" "Mozilla/5.0 (Windows NT 10.0; Win64; x64) AppleWebKit/537.36 (KHTML, like Gecko) Code/1.124.2 Chrome/148.0.7778.97 Electron/42.2.0 Safari/537.36"
[2026-06-15 16:50:43] INFO: ::1 - - [15/Jun/2026:13:50:43 +0000] "GET /api/v1/provider/orders HTTP/1.1" 304 - "http://localhost:5173/" "Mozilla/5.0 (Windows NT 10.0; Win64; x64) AppleWebKit/537.36 (KHTML, like Gecko) Code/1.124.2 Chrome/148.0.7778.97 Electron/42.2.0 Safari/537.36"
[2026-06-15 16:51:23] INFO: ::1 - - [15/Jun/2026:13:51:23 +0000] "POST /api/v1/provider/discounts/tiers HTTP/1.1" 409 93 "http://localhost:5173/" "Mozilla/5.0 (Windows NT 10.0; Win64; x64) AppleWebKit/537.36 (KHTML, like Gecko) Code/1.124.2 Chrome/148.0.7778.97 Electron/42.2.0 Safari/537.36"
[2026-06-15 16:51:43] INFO: ::1 - - [15/Jun/2026:13:51:43 +0000] "POST /api/v1/provider/discounts/tiers HTTP/1.1" 201 329 "http://localhost:5173/" "Mozilla/5.0 (Windows NT 10.0; Win64; x64) AppleWebKit/537.36 (KHTML, like Gecko) Code/1.124.2 Chrome/148.0.7778.97 Electron/42.2.0 Safari/537.36"
[2026-06-15 16:51:44] INFO: ::1 - - [15/Jun/2026:13:51:44 +0000] "GET /api/v1/provider/discounts/tiers HTTP/1.1" 200 540 "http://localhost:5173/" "Mozilla/5.0 (Windows NT 10.0; Win64; x64) AppleWebKit/537.36 (KHTML, like Gecko) Code/1.124.2 Chrome/148.0.7778.97 Electron/42.2.0 Safari/537.36"
[2026-06-15 16:52:23] INFO: ::1 - - [15/Jun/2026:13:52:23 +0000] "GET /api/v1/provider/dashboard/live HTTP/1.1" 401 90 "http://localhost:5173/" "Mozilla/5.0 (Windows NT 10.0; Win64; x64) AppleWebKit/537.36 (KHTML, like Gecko) Code/1.124.2 Chrome/148.0.7778.97 Electron/42.2.0 Safari/537.36"
[2026-06-15 16:52:24] INFO: ::1 - - [15/Jun/2026:13:52:24 +0000] "GET /api/v1/provider/discounts/tiers HTTP/1.1" 304 - "http://localhost:5173/" "Mozilla/5.0 (Windows NT 10.0; Win64; x64) AppleWebKit/537.36 (KHTML, like Gecko) Code/1.124.2 Chrome/148.0.7778.97 Electron/42.2.0 Safari/537.36"
[2026-06-15 16:52:24] INFO: ::1 - - [15/Jun/2026:13:52:24 +0000] "GET /api/v1/provider/discounts/special-entities HTTP/1.1" 304 - "http://localhost:5173/" "Mozilla/5.0 (Windows NT 10.0; Win64; x64) AppleWebKit/537.36 (KHTML, like Gecko) Code/1.124.2 Chrome/148.0.7778.97 Electron/42.2.0 Safari/537.36"
[2026-06-15 16:52:24] INFO: ::1 - - [15/Jun/2026:13:52:24 +0000] "GET /api/v1/provider/services HTTP/1.1" 304 - "http://localhost:5173/" "Mozilla/5.0 (Windows NT 10.0; Win64; x64) AppleWebKit/537.36 (KHTML, like Gecko) Code/1.124.2 Chrome/148.0.7778.97 Electron/42.2.0 Safari/537.36"
[2026-06-15 16:52:24] INFO: ::1 - - [15/Jun/2026:13:52:24 +0000] "GET /api/v1/provider/orders HTTP/1.1" 304 - "http://localhost:5173/" "Mozilla/5.0 (Windows NT 10.0; Win64; x64) AppleWebKit/537.36 (KHTML, like Gecko) Code/1.124.2 Chrome/148.0.7778.97 Electron/42.2.0 Safari/537.36"
[2026-06-15 16:52:25] INFO: ::1 - - [15/Jun/2026:13:52:25 +0000] "GET /api/v1/provider/dashboard HTTP/1.1" 304 - "http://localhost:5173/" "Mozilla/5.0 (Windows NT 10.0; Win64; x64) AppleWebKit/537.36 (KHTML, like Gecko) Code/1.124.2 Chrome/148.0.7778.97 Electron/42.2.0 Safari/537.36"
[2026-06-15 16:52:25] INFO: ::1 - - [15/Jun/2026:13:52:25 +0000] "GET /api/v1/provider/services/categories HTTP/1.1" 304 - "http://localhost:5173/" "Mozilla/5.0 (Windows NT 10.0; Win64; x64) AppleWebKit/537.36 (KHTML, like Gecko) Code/1.124.2 Chrome/148.0.7778.97 Electron/42.2.0 Safari/537.36"
[2026-06-15 16:52:25] INFO: ::1 - - [15/Jun/2026:13:52:25 +0000] "GET /api/v1/provider/settings HTTP/1.1" 304 - "http://localhost:5173/" "Mozilla/5.0 (Windows NT 10.0; Win64; x64) AppleWebKit/537.36 (KHTML, like Gecko) Code/1.124.2 Chrome/148.0.7778.97 Electron/42.2.0 Safari/537.36"
[2026-06-15 16:52:25] INFO: ::1 - - [15/Jun/2026:13:52:25 +0000] "GET /api/v1/provider/reviews HTTP/1.1" 304 - "http://localhost:5173/" "Mozilla/5.0 (Windows NT 10.0; Win64; x64) AppleWebKit/537.36 (KHTML, like Gecko) Code/1.124.2 Chrome/148.0.7778.97 Electron/42.2.0 Safari/537.36"
[2026-06-15 16:52:25] INFO: ::1 - - [15/Jun/2026:13:52:25 +0000] "GET /api/v1/provider/profile HTTP/1.1" 304 - "http://localhost:5173/" "Mozilla/5.0 (Windows NT 10.0; Win64; x64) AppleWebKit/537.36 (KHTML, like Gecko) Code/1.124.2 Chrome/148.0.7778.97 Electron/42.2.0 Safari/537.36"
[2026-06-15 16:52:25] INFO: ::1 - - [15/Jun/2026:13:52:25 +0000] "GET /api/v1/provider/discounts/tiers HTTP/1.1" 304 - "http://localhost:5173/" "Mozilla/5.0 (Windows NT 10.0; Win64; x64) AppleWebKit/537.36 (KHTML, like Gecko) Code/1.124.2 Chrome/148.0.7778.97 Electron/42.2.0 Safari/537.36"
[2026-06-15 16:52:26] INFO: ::1 - - [15/Jun/2026:13:52:26 +0000] "GET /api/v1/provider/discounts/special-entities HTTP/1.1" 304 - "http://localhost:5173/" "Mozilla/5.0 (Windows NT 10.0; Win64; x64) AppleWebKit/537.36 (KHTML, like Gecko) Code/1.124.2 Chrome/148.0.7778.97 Electron/42.2.0 Safari/537.36"
[2026-06-15 16:52:26] INFO: ::1 - - [15/Jun/2026:13:52:26 +0000] "GET /api/v1/provider/services HTTP/1.1" 304 - "http://localhost:5173/" "Mozilla/5.0 (Windows NT 10.0; Win64; x64) AppleWebKit/537.36 (KHTML, like Gecko) Code/1.124.2 Chrome/148.0.7778.97 Electron/42.2.0 Safari/537.36"
[2026-06-15 16:52:26] INFO: ::1 - - [15/Jun/2026:13:52:26 +0000] "GET /api/v1/provider/settings HTTP/1.1" 304 - "http://localhost:5173/" "Mozilla/5.0 (Windows NT 10.0; Win64; x64) AppleWebKit/537.36 (KHTML, like Gecko) Code/1.124.2 Chrome/148.0.7778.97 Electron/42.2.0 Safari/537.36"
[2026-06-15 16:52:26] INFO: ::1 - - [15/Jun/2026:13:52:26 +0000] "GET /api/v1/provider/orders HTTP/1.1" 304 - "http://localhost:5173/" "Mozilla/5.0 (Windows NT 10.0; Win64; x64) AppleWebKit/537.36 (KHTML, like Gecko) Code/1.124.2 Chrome/148.0.7778.97 Electron/42.2.0 Safari/537.36"
[2026-06-15 16:52:26] INFO: ::1 - - [15/Jun/2026:13:52:26 +0000] "GET /api/v1/provider/reviews HTTP/1.1" 304 - "http://localhost:5173/" "Mozilla/5.0 (Windows NT 10.0; Win64; x64) AppleWebKit/537.36 (KHTML, like Gecko) Code/1.124.2 Chrome/148.0.7778.97 Electron/42.2.0 Safari/537.36"
[2026-06-15 16:52:27] INFO: ::1 - - [15/Jun/2026:13:52:27 +0000] "GET /api/v1/provider/dashboard HTTP/1.1" 304 - "http://localhost:5173/" "Mozilla/5.0 (Windows NT 10.0; Win64; x64) AppleWebKit/537.36 (KHTML, like Gecko) Code/1.124.2 Chrome/148.0.7778.97 Electron/42.2.0 Safari/537.36"
[2026-06-15 16:52:27] INFO: ::1 - - [15/Jun/2026:13:52:27 +0000] "GET /api/v1/provider/services/categories HTTP/1.1" 304 - "http://localhost:5173/" "Mozilla/5.0 (Windows NT 10.0; Win64; x64) AppleWebKit/537.36 (KHTML, like Gecko) Code/1.124.2 Chrome/148.0.7778.97 Electron/42.2.0 Safari/537.36"
[2026-06-15 16:52:27] INFO: ::1 - - [15/Jun/2026:13:52:27 +0000] "GET /api/v1/provider/profile HTTP/1.1" 304 - "http://localhost:5173/" "Mozilla/5.0 (Windows NT 10.0; Win64; x64) AppleWebKit/537.36 (KHTML, like Gecko) Code/1.124.2 Chrome/148.0.7778.97 Electron/42.2.0 Safari/537.36"
[2026-06-15 16:55:38] INFO: ::1 - - [15/Jun/2026:13:55:38 +0000] "GET /api/v1/provider/settings HTTP/1.1" 304 - "http://localhost:5173/" "Mozilla/5.0 (Windows NT 10.0; Win64; x64) AppleWebKit/537.36 (KHTML, like Gecko) Code/1.124.2 Chrome/148.0.7778.97 Electron/42.2.0 Safari/537.36"
[2026-06-15 16:55:38] INFO: ::1 - - [15/Jun/2026:13:55:38 +0000] "GET /api/v1/provider/discounts/tiers HTTP/1.1" 304 - "http://localhost:5173/" "Mozilla/5.0 (Windows NT 10.0; Win64; x64) AppleWebKit/537.36 (KHTML, like Gecko) Code/1.124.2 Chrome/148.0.7778.97 Electron/42.2.0 Safari/537.36"
[2026-06-15 16:55:38] INFO: ::1 - - [15/Jun/2026:13:55:38 +0000] "GET /api/v1/provider/services HTTP/1.1" 304 - "http://localhost:5173/" "Mozilla/5.0 (Windows NT 10.0; Win64; x64) AppleWebKit/537.36 (KHTML, like Gecko) Code/1.124.2 Chrome/148.0.7778.97 Electron/42.2.0 Safari/537.36"
[2026-06-15 16:55:38] INFO: ::1 - - [15/Jun/2026:13:55:38 +0000] "GET /api/v1/provider/discounts/special-entities HTTP/1.1" 304 - "http://localhost:5173/" "Mozilla/5.0 (Windows NT 10.0; Win64; x64) AppleWebKit/537.36 (KHTML, like Gecko) Code/1.124.2 Chrome/148.0.7778.97 Electron/42.2.0 Safari/537.36"
[2026-06-15 16:55:39] INFO: ::1 - - [15/Jun/2026:13:55:39 +0000] "GET /api/v1/provider/profile HTTP/1.1" 304 - "http://localhost:5173/" "Mozilla/5.0 (Windows NT 10.0; Win64; x64) AppleWebKit/537.36 (KHTML, like Gecko) Code/1.124.2 Chrome/148.0.7778.97 Electron/42.2.0 Safari/537.36"
[2026-06-15 16:55:39] INFO: ::1 - - [15/Jun/2026:13:55:39 +0000] "GET /api/v1/provider/orders HTTP/1.1" 304 - "http://localhost:5173/" "Mozilla/5.0 (Windows NT 10.0; Win64; x64) AppleWebKit/537.36 (KHTML, like Gecko) Code/1.124.2 Chrome/148.0.7778.97 Electron/42.2.0 Safari/537.36"
[2026-06-15 16:55:39] INFO: ::1 - - [15/Jun/2026:13:55:39 +0000] "GET /api/v1/provider/reviews HTTP/1.1" 304 - "http://localhost:5173/" "Mozilla/5.0 (Windows NT 10.0; Win64; x64) AppleWebKit/537.36 (KHTML, like Gecko) Code/1.124.2 Chrome/148.0.7778.97 Electron/42.2.0 Safari/537.36"
[2026-06-15 16:56:58] INFO: 
         claenovy API SERVER
   Status  : Running
   Port    : 3000
   Env     : development
   Version : v1
      
[2026-06-15 16:57:43] INFO: 
         claenovy API SERVER
   Status  : Running
   Port    : 3000
   Env     : development
   Version : v1
      
[2026-06-15 17:01:48] INFO: ::1 - - [15/Jun/2026:14:01:48 +0000] "GET /api/v1/provider/orders HTTP/1.1" 401 90 "http://localhost:5173/" "Mozilla/5.0 (Windows NT 10.0; Win64; x64) AppleWebKit/537.36 (KHTML, like Gecko) Code/1.124.2 Chrome/148.0.7778.97 Electron/42.2.0 Safari/537.36"
[2026-06-15 17:01:48] INFO: ::1 - - [15/Jun/2026:14:01:48 +0000] "GET /api/v1/provider/services/categories HTTP/1.1" 401 90 "http://localhost:5173/" "Mozilla/5.0 (Windows NT 10.0; Win64; x64) AppleWebKit/537.36 (KHTML, like Gecko) Code/1.124.2 Chrome/148.0.7778.97 Electron/42.2.0 Safari/537.36"
[2026-06-15 17:01:48] INFO: ::1 - - [15/Jun/2026:14:01:48 +0000] "GET /api/v1/provider/profile HTTP/1.1" 401 90 "http://localhost:5173/" "Mozilla/5.0 (Windows NT 10.0; Win64; x64) AppleWebKit/537.36 (KHTML, like Gecko) Code/1.124.2 Chrome/148.0.7778.97 Electron/42.2.0 Safari/537.36"
[2026-06-15 17:01:48] INFO: ::1 - - [15/Jun/2026:14:01:48 +0000] "GET /api/v1/provider/dashboard/live HTTP/1.1" 401 90 "http://localhost:5173/" "Mozilla/5.0 (Windows NT 10.0; Win64; x64) AppleWebKit/537.36 (KHTML, like Gecko) Code/1.124.2 Chrome/148.0.7778.97 Electron/42.2.0 Safari/537.36"
[2026-06-15 17:01:48] INFO: ::1 - - [15/Jun/2026:14:01:48 +0000] "GET /api/v1/provider/dashboard HTTP/1.1" 401 90 "http://localhost:5173/" "Mozilla/5.0 (Windows NT 10.0; Win64; x64) AppleWebKit/537.36 (KHTML, like Gecko) Code/1.124.2 Chrome/148.0.7778.97 Electron/42.2.0 Safari/537.36"
[2026-06-15 17:01:48] INFO: ::1 - - [15/Jun/2026:14:01:48 +0000] "GET /api/v1/provider/discounts/tiers HTTP/1.1" 401 90 "http://localhost:5173/" "Mozilla/5.0 (Windows NT 10.0; Win64; x64) AppleWebKit/537.36 (KHTML, like Gecko) Code/1.124.2 Chrome/148.0.7778.97 Electron/42.2.0 Safari/537.36"
[2026-06-15 17:01:48] INFO: ::1 - - [15/Jun/2026:14:01:48 +0000] "GET /api/v1/provider/discounts/special-entities HTTP/1.1" 401 90 "http://localhost:5173/" "Mozilla/5.0 (Windows NT 10.0; Win64; x64) AppleWebKit/537.36 (KHTML, like Gecko) Code/1.124.2 Chrome/148.0.7778.97 Electron/42.2.0 Safari/537.36"
[2026-06-15 17:01:48] INFO: ::1 - - [15/Jun/2026:14:01:48 +0000] "GET /api/v1/provider/services HTTP/1.1" 401 90 "http://localhost:5173/" "Mozilla/5.0 (Windows NT 10.0; Win64; x64) AppleWebKit/537.36 (KHTML, like Gecko) Code/1.124.2 Chrome/148.0.7778.97 Electron/42.2.0 Safari/537.36"
[2026-06-15 17:01:48] INFO: ::1 - - [15/Jun/2026:14:01:48 +0000] "GET /api/v1/provider/orders HTTP/1.1" 401 90 "http://localhost:5173/" "Mozilla/5.0 (Windows NT 10.0; Win64; x64) AppleWebKit/537.36 (KHTML, like Gecko) Code/1.124.2 Chrome/148.0.7778.97 Electron/42.2.0 Safari/537.36"
[2026-06-15 17:01:48] INFO: ::1 - - [15/Jun/2026:14:01:48 +0000] "GET /api/v1/provider/settings HTTP/1.1" 401 90 "http://localhost:5173/" "Mozilla/5.0 (Windows NT 10.0; Win64; x64) AppleWebKit/537.36 (KHTML, like Gecko) Code/1.124.2 Chrome/148.0.7778.97 Electron/42.2.0 Safari/537.36"
[2026-06-15 17:01:48] INFO: ::1 - - [15/Jun/2026:14:01:48 +0000] "GET /api/v1/provider/reviews HTTP/1.1" 401 90 "http://localhost:5173/" "Mozilla/5.0 (Windows NT 10.0; Win64; x64) AppleWebKit/537.36 (KHTML, like Gecko) Code/1.124.2 Chrome/148.0.7778.97 Electron/42.2.0 Safari/537.36"
[2026-06-15 17:01:48] INFO: ::1 - - [15/Jun/2026:14:01:48 +0000] "GET /api/v1/provider/services/categories HTTP/1.1" 401 90 "http://localhost:5173/" "Mozilla/5.0 (Windows NT 10.0; Win64; x64) AppleWebKit/537.36 (KHTML, like Gecko) Code/1.124.2 Chrome/148.0.7778.97 Electron/42.2.0 Safari/537.36"
[2026-06-15 17:01:48] INFO: ::1 - - [15/Jun/2026:14:01:48 +0000] "GET /api/v1/provider/profile HTTP/1.1" 401 90 "http://localhost:5173/" "Mozilla/5.0 (Windows NT 10.0; Win64; x64) AppleWebKit/537.36 (KHTML, like Gecko) Code/1.124.2 Chrome/148.0.7778.97 Electron/42.2.0 Safari/537.36"
[2026-06-15 17:01:48] INFO: ::1 - - [15/Jun/2026:14:01:48 +0000] "GET /api/v1/provider/dashboard HTTP/1.1" 401 90 "http://localhost:5173/" "Mozilla/5.0 (Windows NT 10.0; Win64; x64) AppleWebKit/537.36 (KHTML, like Gecko) Code/1.124.2 Chrome/148.0.7778.97 Electron/42.2.0 Safari/537.36"
[2026-06-15 17:01:48] INFO: ::1 - - [15/Jun/2026:14:01:48 +0000] "GET /api/v1/provider/discounts/tiers HTTP/1.1" 401 90 "http://localhost:5173/" "Mozilla/5.0 (Windows NT 10.0; Win64; x64) AppleWebKit/537.36 (KHTML, like Gecko) Code/1.124.2 Chrome/148.0.7778.97 Electron/42.2.0 Safari/537.36"
[2026-06-15 17:01:48] INFO: ::1 - - [15/Jun/2026:14:01:48 +0000] "GET /api/v1/provider/discounts/special-entities HTTP/1.1" 401 90 "http://localhost:5173/" "Mozilla/5.0 (Windows NT 10.0; Win64; x64) AppleWebKit/537.36 (KHTML, like Gecko) Code/1.124.2 Chrome/148.0.7778.97 Electron/42.2.0 Safari/537.36"
[2026-06-15 17:01:48] INFO: ::1 - - [15/Jun/2026:14:01:48 +0000] "GET /api/v1/provider/services HTTP/1.1" 401 90 "http://localhost:5173/" "Mozilla/5.0 (Windows NT 10.0; Win64; x64) AppleWebKit/537.36 (KHTML, like Gecko) Code/1.124.2 Chrome/148.0.7778.97 Electron/42.2.0 Safari/537.36"
[2026-06-15 17:01:48] INFO: ::1 - - [15/Jun/2026:14:01:48 +0000] "GET /api/v1/provider/settings HTTP/1.1" 401 90 "http://localhost:5173/" "Mozilla/5.0 (Windows NT 10.0; Win64; x64) AppleWebKit/537.36 (KHTML, like Gecko) Code/1.124.2 Chrome/148.0.7778.97 Electron/42.2.0 Safari/537.36"
[2026-06-15 17:01:48] INFO: ::1 - - [15/Jun/2026:14:01:48 +0000] "GET /api/v1/provider/reviews HTTP/1.1" 401 90 "http://localhost:5173/" "Mozilla/5.0 (Windows NT 10.0; Win64; x64) AppleWebKit/537.36 (KHTML, like Gecko) Code/1.124.2 Chrome/148.0.7778.97 Electron/42.2.0 Safari/537.36"
[2026-06-15 17:03:59] INFO: ::1 - - [15/Jun/2026:14:03:59 +0000] "GET /api/v1/profile/me HTTP/1.1" 200 469 "http://localhost:5173/" "Mozilla/5.0 (Windows NT 10.0; Win64; x64) AppleWebKit/537.36 (KHTML, like Gecko) Code/1.124.2 Chrome/148.0.7778.97 Electron/42.2.0 Safari/537.36"
[2026-06-15 17:03:59] INFO: ::1 - - [15/Jun/2026:14:03:59 +0000] "GET /api/v1/profile/me HTTP/1.1" 304 - "http://localhost:5173/" "Mozilla/5.0 (Windows NT 10.0; Win64; x64) AppleWebKit/537.36 (KHTML, like Gecko) Code/1.124.2 Chrome/148.0.7778.97 Electron/42.2.0 Safari/537.36"
[2026-06-15 17:04:08] INFO: ::1 - - [15/Jun/2026:14:04:08 +0000] "GET /api/v1/provider/orders HTTP/1.1" 401 90 "http://localhost:5173/" "Mozilla/5.0 (Windows NT 10.0; Win64; x64) AppleWebKit/537.36 (KHTML, like Gecko) Code/1.124.2 Chrome/148.0.7778.97 Electron/42.2.0 Safari/537.36"
[2026-06-15 17:04:08] INFO: ::1 - - [15/Jun/2026:14:04:08 +0000] "GET /api/v1/provider/dashboard/live HTTP/1.1" 401 90 "http://localhost:5173/" "Mozilla/5.0 (Windows NT 10.0; Win64; x64) AppleWebKit/537.36 (KHTML, like Gecko) Code/1.124.2 Chrome/148.0.7778.97 Electron/42.2.0 Safari/537.36"
[2026-06-15 17:04:08] INFO: ::1 - - [15/Jun/2026:14:04:08 +0000] "GET /api/v1/provider/dashboard HTTP/1.1" 401 90 "http://localhost:5173/" "Mozilla/5.0 (Windows NT 10.0; Win64; x64) AppleWebKit/537.36 (KHTML, like Gecko) Code/1.124.2 Chrome/148.0.7778.97 Electron/42.2.0 Safari/537.36"
[2026-06-15 17:04:08] INFO: ::1 - - [15/Jun/2026:14:04:08 +0000] "GET /api/v1/provider/services/categories HTTP/1.1" 401 90 "http://localhost:5173/" "Mozilla/5.0 (Windows NT 10.0; Win64; x64) AppleWebKit/537.36 (KHTML, like Gecko) Code/1.124.2 Chrome/148.0.7778.97 Electron/42.2.0 Safari/537.36"
[2026-06-15 17:04:08] INFO: ::1 - - [15/Jun/2026:14:04:08 +0000] "GET /api/v1/provider/discounts/tiers HTTP/1.1" 401 90 "http://localhost:5173/" "Mozilla/5.0 (Windows NT 10.0; Win64; x64) AppleWebKit/537.36 (KHTML, like Gecko) Code/1.124.2 Chrome/148.0.7778.97 Electron/42.2.0 Safari/537.36"
[2026-06-15 17:04:08] INFO: ::1 - - [15/Jun/2026:14:04:08 +0000] "GET /api/v1/provider/discounts/special-entities HTTP/1.1" 401 90 "http://localhost:5173/" "Mozilla/5.0 (Windows NT 10.0; Win64; x64) AppleWebKit/537.36 (KHTML, like Gecko) Code/1.124.2 Chrome/148.0.7778.97 Electron/42.2.0 Safari/537.36"
[2026-06-15 17:04:08] INFO: ::1 - - [15/Jun/2026:14:04:08 +0000] "GET /api/v1/provider/services HTTP/1.1" 401 90 "http://localhost:5173/" "Mozilla/5.0 (Windows NT 10.0; Win64; x64) AppleWebKit/537.36 (KHTML, like Gecko) Code/1.124.2 Chrome/148.0.7778.97 Electron/42.2.0 Safari/537.36"
[2026-06-15 17:04:08] INFO: ::1 - - [15/Jun/2026:14:04:08 +0000] "GET /api/v1/provider/profile HTTP/1.1" 401 90 "http://localhost:5173/" "Mozilla/5.0 (Windows NT 10.0; Win64; x64) AppleWebKit/537.36 (KHTML, like Gecko) Code/1.124.2 Chrome/148.0.7778.97 Electron/42.2.0 Safari/537.36"
[2026-06-15 17:04:08] INFO: ::1 - - [15/Jun/2026:14:04:08 +0000] "GET /api/v1/provider/settings HTTP/1.1" 401 90 "http://localhost:5173/" "Mozilla/5.0 (Windows NT 10.0; Win64; x64) AppleWebKit/537.36 (KHTML, like Gecko) Code/1.124.2 Chrome/148.0.7778.97 Electron/42.2.0 Safari/537.36"
[2026-06-15 17:04:08] INFO: ::1 - - [15/Jun/2026:14:04:08 +0000] "GET /api/v1/provider/reviews HTTP/1.1" 401 90 "http://localhost:5173/" "Mozilla/5.0 (Windows NT 10.0; Win64; x64) AppleWebKit/537.36 (KHTML, like Gecko) Code/1.124.2 Chrome/148.0.7778.97 Electron/42.2.0 Safari/537.36"
[2026-06-15 17:04:08] INFO: ::1 - - [15/Jun/2026:14:04:08 +0000] "GET /api/v1/provider/orders HTTP/1.1" 401 90 "http://localhost:5173/" "Mozilla/5.0 (Windows NT 10.0; Win64; x64) AppleWebKit/537.36 (KHTML, like Gecko) Code/1.124.2 Chrome/148.0.7778.97 Electron/42.2.0 Safari/537.36"
[2026-06-15 17:04:08] INFO: ::1 - - [15/Jun/2026:14:04:08 +0000] "GET /api/v1/provider/dashboard HTTP/1.1" 401 90 "http://localhost:5173/" "Mozilla/5.0 (Windows NT 10.0; Win64; x64) AppleWebKit/537.36 (KHTML, like Gecko) Code/1.124.2 Chrome/148.0.7778.97 Electron/42.2.0 Safari/537.36"
[2026-06-15 17:04:08] INFO: ::1 - - [15/Jun/2026:14:04:08 +0000] "GET /api/v1/provider/services/categories HTTP/1.1" 401 90 "http://localhost:5173/" "Mozilla/5.0 (Windows NT 10.0; Win64; x64) AppleWebKit/537.36 (KHTML, like Gecko) Code/1.124.2 Chrome/148.0.7778.97 Electron/42.2.0 Safari/537.36"
[2026-06-15 17:04:08] INFO: ::1 - - [15/Jun/2026:14:04:08 +0000] "GET /api/v1/provider/discounts/tiers HTTP/1.1" 401 90 "http://localhost:5173/" "Mozilla/5.0 (Windows NT 10.0; Win64; x64) AppleWebKit/537.36 (KHTML, like Gecko) Code/1.124.2 Chrome/148.0.7778.97 Electron/42.2.0 Safari/537.36"
[2026-06-15 17:04:08] INFO: ::1 - - [15/Jun/2026:14:04:08 +0000] "GET /api/v1/provider/discounts/special-entities HTTP/1.1" 401 90 "http://localhost:5173/" "Mozilla/5.0 (Windows NT 10.0; Win64; x64) AppleWebKit/537.36 (KHTML, like Gecko) Code/1.124.2 Chrome/148.0.7778.97 Electron/42.2.0 Safari/537.36"
[2026-06-15 17:04:08] INFO: ::1 - - [15/Jun/2026:14:04:08 +0000] "GET /api/v1/provider/services HTTP/1.1" 401 90 "http://localhost:5173/" "Mozilla/5.0 (Windows NT 10.0; Win64; x64) AppleWebKit/537.36 (KHTML, like Gecko) Code/1.124.2 Chrome/148.0.7778.97 Electron/42.2.0 Safari/537.36"
[2026-06-15 17:04:08] INFO: ::1 - - [15/Jun/2026:14:04:08 +0000] "GET /api/v1/provider/profile HTTP/1.1" 401 90 "http://localhost:5173/" "Mozilla/5.0 (Windows NT 10.0; Win64; x64) AppleWebKit/537.36 (KHTML, like Gecko) Code/1.124.2 Chrome/148.0.7778.97 Electron/42.2.0 Safari/537.36"
[2026-06-15 17:04:08] INFO: ::1 - - [15/Jun/2026:14:04:08 +0000] "GET /api/v1/provider/settings HTTP/1.1" 401 90 "http://localhost:5173/" "Mozilla/5.0 (Windows NT 10.0; Win64; x64) AppleWebKit/537.36 (KHTML, like Gecko) Code/1.124.2 Chrome/148.0.7778.97 Electron/42.2.0 Safari/537.36"
[2026-06-15 17:04:08] INFO: ::1 - - [15/Jun/2026:14:04:08 +0000] "GET /api/v1/provider/reviews HTTP/1.1" 401 90 "http://localhost:5173/" "Mozilla/5.0 (Windows NT 10.0; Win64; x64) AppleWebKit/537.36 (KHTML, like Gecko) Code/1.124.2 Chrome/148.0.7778.97 Electron/42.2.0 Safari/537.36"
[2026-06-15 17:04:20] INFO: ::1 - - [15/Jun/2026:14:04:20 +0000] "GET /api/v1/provider/orders HTTP/1.1" 401 90 "http://localhost:5173/" "Mozilla/5.0 (Windows NT 10.0; Win64; x64) AppleWebKit/537.36 (KHTML, like Gecko) Code/1.124.2 Chrome/148.0.7778.97 Electron/42.2.0 Safari/537.36"
[2026-06-15 17:04:20] INFO: ::1 - - [15/Jun/2026:14:04:20 +0000] "GET /api/v1/provider/services/categories HTTP/1.1" 401 90 "http://localhost:5173/" "Mozilla/5.0 (Windows NT 10.0; Win64; x64) AppleWebKit/537.36 (KHTML, like Gecko) Code/1.124.2 Chrome/148.0.7778.97 Electron/42.2.0 Safari/537.36"
[2026-06-15 17:04:20] INFO: ::1 - - [15/Jun/2026:14:04:20 +0000] "GET /api/v1/provider/dashboard HTTP/1.1" 401 90 "http://localhost:5173/" "Mozilla/5.0 (Windows NT 10.0; Win64; x64) AppleWebKit/537.36 (KHTML, like Gecko) Code/1.124.2 Chrome/148.0.7778.97 Electron/42.2.0 Safari/537.36"
[2026-06-15 17:04:20] INFO: ::1 - - [15/Jun/2026:14:04:20 +0000] "GET /api/v1/provider/discounts/tiers HTTP/1.1" 401 90 "http://localhost:5173/" "Mozilla/5.0 (Windows NT 10.0; Win64; x64) AppleWebKit/537.36 (KHTML, like Gecko) Code/1.124.2 Chrome/148.0.7778.97 Electron/42.2.0 Safari/537.36"
[2026-06-15 17:04:20] INFO: ::1 - - [15/Jun/2026:14:04:20 +0000] "GET /api/v1/provider/discounts/special-entities HTTP/1.1" 401 90 "http://localhost:5173/" "Mozilla/5.0 (Windows NT 10.0; Win64; x64) AppleWebKit/537.36 (KHTML, like Gecko) Code/1.124.2 Chrome/148.0.7778.97 Electron/42.2.0 Safari/537.36"
[2026-06-15 17:04:20] INFO: ::1 - - [15/Jun/2026:14:04:20 +0000] "GET /api/v1/provider/orders HTTP/1.1" 401 90 "http://localhost:5173/" "Mozilla/5.0 (Windows NT 10.0; Win64; x64) AppleWebKit/537.36 (KHTML, like Gecko) Code/1.124.2 Chrome/148.0.7778.97 Electron/42.2.0 Safari/537.36"
[2026-06-15 17:04:20] INFO: ::1 - - [15/Jun/2026:14:04:20 +0000] "GET /api/v1/provider/services HTTP/1.1" 401 90 "http://localhost:5173/" "Mozilla/5.0 (Windows NT 10.0; Win64; x64) AppleWebKit/537.36 (KHTML, like Gecko) Code/1.124.2 Chrome/148.0.7778.97 Electron/42.2.0 Safari/537.36"
[2026-06-15 17:04:20] INFO: ::1 - - [15/Jun/2026:14:04:20 +0000] "GET /api/v1/provider/dashboard/live HTTP/1.1" 401 90 "http://localhost:5173/" "Mozilla/5.0 (Windows NT 10.0; Win64; x64) AppleWebKit/537.36 (KHTML, like Gecko) Code/1.124.2 Chrome/148.0.7778.97 Electron/42.2.0 Safari/537.36"
[2026-06-15 17:04:20] INFO: ::1 - - [15/Jun/2026:14:04:20 +0000] "GET /api/v1/provider/profile HTTP/1.1" 401 90 "http://localhost:5173/" "Mozilla/5.0 (Windows NT 10.0; Win64; x64) AppleWebKit/537.36 (KHTML, like Gecko) Code/1.124.2 Chrome/148.0.7778.97 Electron/42.2.0 Safari/537.36"
[2026-06-15 17:04:20] INFO: ::1 - - [15/Jun/2026:14:04:20 +0000] "GET /api/v1/provider/settings HTTP/1.1" 401 90 "http://localhost:5173/" "Mozilla/5.0 (Windows NT 10.0; Win64; x64) AppleWebKit/537.36 (KHTML, like Gecko) Code/1.124.2 Chrome/148.0.7778.97 Electron/42.2.0 Safari/537.36"
[2026-06-15 17:04:20] INFO: ::1 - - [15/Jun/2026:14:04:20 +0000] "GET /api/v1/provider/discounts/tiers HTTP/1.1" 401 90 "http://localhost:5173/" "Mozilla/5.0 (Windows NT 10.0; Win64; x64) AppleWebKit/537.36 (KHTML, like Gecko) Code/1.124.2 Chrome/148.0.7778.97 Electron/42.2.0 Safari/537.36"
[2026-06-15 17:04:20] INFO: ::1 - - [15/Jun/2026:14:04:20 +0000] "GET /api/v1/provider/reviews HTTP/1.1" 401 90 "http://localhost:5173/" "Mozilla/5.0 (Windows NT 10.0; Win64; x64) AppleWebKit/537.36 (KHTML, like Gecko) Code/1.124.2 Chrome/148.0.7778.97 Electron/42.2.0 Safari/537.36"
[2026-06-15 17:04:20] INFO: ::1 - - [15/Jun/2026:14:04:20 +0000] "GET /api/v1/provider/services/categories HTTP/1.1" 401 90 "http://localhost:5173/" "Mozilla/5.0 (Windows NT 10.0; Win64; x64) AppleWebKit/537.36 (KHTML, like Gecko) Code/1.124.2 Chrome/148.0.7778.97 Electron/42.2.0 Safari/537.36"
[2026-06-15 17:04:20] INFO: ::1 - - [15/Jun/2026:14:04:20 +0000] "GET /api/v1/provider/dashboard HTTP/1.1" 401 90 "http://localhost:5173/" "Mozilla/5.0 (Windows NT 10.0; Win64; x64) AppleWebKit/537.36 (KHTML, like Gecko) Code/1.124.2 Chrome/148.0.7778.97 Electron/42.2.0 Safari/537.36"
[2026-06-15 17:04:20] INFO: ::1 - - [15/Jun/2026:14:04:20 +0000] "GET /api/v1/provider/discounts/special-entities HTTP/1.1" 401 90 "http://localhost:5173/" "Mozilla/5.0 (Windows NT 10.0; Win64; x64) AppleWebKit/537.36 (KHTML, like Gecko) Code/1.124.2 Chrome/148.0.7778.97 Electron/42.2.0 Safari/537.36"
[2026-06-15 17:04:20] INFO: ::1 - - [15/Jun/2026:14:04:20 +0000] "GET /api/v1/provider/services HTTP/1.1" 401 90 "http://localhost:5173/" "Mozilla/5.0 (Windows NT 10.0; Win64; x64) AppleWebKit/537.36 (KHTML, like Gecko) Code/1.124.2 Chrome/148.0.7778.97 Electron/42.2.0 Safari/537.36"
[2026-06-15 17:04:20] INFO: ::1 - - [15/Jun/2026:14:04:20 +0000] "GET /api/v1/provider/profile HTTP/1.1" 401 90 "http://localhost:5173/" "Mozilla/5.0 (Windows NT 10.0; Win64; x64) AppleWebKit/537.36 (KHTML, like Gecko) Code/1.124.2 Chrome/148.0.7778.97 Electron/42.2.0 Safari/537.36"
[2026-06-15 17:04:20] INFO: ::1 - - [15/Jun/2026:14:04:20 +0000] "GET /api/v1/provider/settings HTTP/1.1" 401 90 "http://localhost:5173/" "Mozilla/5.0 (Windows NT 10.0; Win64; x64) AppleWebKit/537.36 (KHTML, like Gecko) Code/1.124.2 Chrome/148.0.7778.97 Electron/42.2.0 Safari/537.36"
[2026-06-15 17:04:20] INFO: ::1 - - [15/Jun/2026:14:04:20 +0000] "GET /api/v1/provider/reviews HTTP/1.1" 401 90 "http://localhost:5173/" "Mozilla/5.0 (Windows NT 10.0; Win64; x64) AppleWebKit/537.36 (KHTML, like Gecko) Code/1.124.2 Chrome/148.0.7778.97 Electron/42.2.0 Safari/537.36"
[2026-06-15 17:04:21] INFO: ::1 - - [15/Jun/2026:14:04:21 +0000] "GET /api/v1/provider/orders HTTP/1.1" 401 90 "http://localhost:5173/" "Mozilla/5.0 (Windows NT 10.0; Win64; x64) AppleWebKit/537.36 (KHTML, like Gecko) Code/1.124.2 Chrome/148.0.7778.97 Electron/42.2.0 Safari/537.36"
[2026-06-15 17:04:21] INFO: ::1 - - [15/Jun/2026:14:04:21 +0000] "GET /api/v1/provider/dashboard HTTP/1.1" 401 90 "http://localhost:5173/" "Mozilla/5.0 (Windows NT 10.0; Win64; x64) AppleWebKit/537.36 (KHTML, like Gecko) Code/1.124.2 Chrome/148.0.7778.97 Electron/42.2.0 Safari/537.36"
[2026-06-15 17:04:21] INFO: ::1 - - [15/Jun/2026:14:04:21 +0000] "GET /api/v1/provider/discounts/tiers HTTP/1.1" 401 90 "http://localhost:5173/" "Mozilla/5.0 (Windows NT 10.0; Win64; x64) AppleWebKit/537.36 (KHTML, like Gecko) Code/1.124.2 Chrome/148.0.7778.97 Electron/42.2.0 Safari/537.36"
[2026-06-15 17:04:21] INFO: ::1 - - [15/Jun/2026:14:04:21 +0000] "GET /api/v1/provider/discounts/special-entities HTTP/1.1" 401 90 "http://localhost:5173/" "Mozilla/5.0 (Windows NT 10.0; Win64; x64) AppleWebKit/537.36 (KHTML, like Gecko) Code/1.124.2 Chrome/148.0.7778.97 Electron/42.2.0 Safari/537.36"
[2026-06-15 17:04:21] INFO: ::1 - - [15/Jun/2026:14:04:21 +0000] "GET /api/v1/provider/services/categories HTTP/1.1" 401 90 "http://localhost:5173/" "Mozilla/5.0 (Windows NT 10.0; Win64; x64) AppleWebKit/537.36 (KHTML, like Gecko) Code/1.124.2 Chrome/148.0.7778.97 Electron/42.2.0 Safari/537.36"
[2026-06-15 17:04:21] INFO: ::1 - - [15/Jun/2026:14:04:21 +0000] "GET /api/v1/provider/services HTTP/1.1" 401 90 "http://localhost:5173/" "Mozilla/5.0 (Windows NT 10.0; Win64; x64) AppleWebKit/537.36 (KHTML, like Gecko) Code/1.124.2 Chrome/148.0.7778.97 Electron/42.2.0 Safari/537.36"
[2026-06-15 17:04:21] INFO: ::1 - - [15/Jun/2026:14:04:21 +0000] "GET /api/v1/provider/profile HTTP/1.1" 401 90 "http://localhost:5173/" "Mozilla/5.0 (Windows NT 10.0; Win64; x64) AppleWebKit/537.36 (KHTML, like Gecko) Code/1.124.2 Chrome/148.0.7778.97 Electron/42.2.0 Safari/537.36"
[2026-06-15 17:04:21] INFO: ::1 - - [15/Jun/2026:14:04:21 +0000] "GET /api/v1/provider/settings HTTP/1.1" 401 90 "http://localhost:5173/" "Mozilla/5.0 (Windows NT 10.0; Win64; x64) AppleWebKit/537.36 (KHTML, like Gecko) Code/1.124.2 Chrome/148.0.7778.97 Electron/42.2.0 Safari/537.36"
[2026-06-15 17:04:21] INFO: ::1 - - [15/Jun/2026:14:04:21 +0000] "GET /api/v1/provider/reviews HTTP/1.1" 401 90 "http://localhost:5173/" "Mozilla/5.0 (Windows NT 10.0; Win64; x64) AppleWebKit/537.36 (KHTML, like Gecko) Code/1.124.2 Chrome/148.0.7778.97 Electron/42.2.0 Safari/537.36"
[2026-06-15 17:04:21] INFO: ::1 - - [15/Jun/2026:14:04:21 +0000] "GET /api/v1/provider/dashboard/live HTTP/1.1" 401 90 "http://localhost:5173/" "Mozilla/5.0 (Windows NT 10.0; Win64; x64) AppleWebKit/537.36 (KHTML, like Gecko) Code/1.124.2 Chrome/148.0.7778.97 Electron/42.2.0 Safari/537.36"
[2026-06-15 17:04:21] INFO: ::1 - - [15/Jun/2026:14:04:21 +0000] "GET /api/v1/provider/orders HTTP/1.1" 401 90 "http://localhost:5173/" "Mozilla/5.0 (Windows NT 10.0; Win64; x64) AppleWebKit/537.36 (KHTML, like Gecko) Code/1.124.2 Chrome/148.0.7778.97 Electron/42.2.0 Safari/537.36"
[2026-06-15 17:04:21] INFO: ::1 - - [15/Jun/2026:14:04:21 +0000] "GET /api/v1/provider/dashboard HTTP/1.1" 401 90 "http://localhost:5173/" "Mozilla/5.0 (Windows NT 10.0; Win64; x64) AppleWebKit/537.36 (KHTML, like Gecko) Code/1.124.2 Chrome/148.0.7778.97 Electron/42.2.0 Safari/537.36"
[2026-06-15 17:04:21] INFO: ::1 - - [15/Jun/2026:14:04:21 +0000] "GET /api/v1/provider/discounts/tiers HTTP/1.1" 401 90 "http://localhost:5173/" "Mozilla/5.0 (Windows NT 10.0; Win64; x64) AppleWebKit/537.36 (KHTML, like Gecko) Code/1.124.2 Chrome/148.0.7778.97 Electron/42.2.0 Safari/537.36"
[2026-06-15 17:04:21] INFO: ::1 - - [15/Jun/2026:14:04:21 +0000] "GET /api/v1/provider/discounts/special-entities HTTP/1.1" 401 90 "http://localhost:5173/" "Mozilla/5.0 (Windows NT 10.0; Win64; x64) AppleWebKit/537.36 (KHTML, like Gecko) Code/1.124.2 Chrome/148.0.7778.97 Electron/42.2.0 Safari/537.36"
[2026-06-15 17:04:21] INFO: ::1 - - [15/Jun/2026:14:04:21 +0000] "GET /api/v1/provider/services/categories HTTP/1.1" 401 90 "http://localhost:5173/" "Mozilla/5.0 (Windows NT 10.0; Win64; x64) AppleWebKit/537.36 (KHTML, like Gecko) Code/1.124.2 Chrome/148.0.7778.97 Electron/42.2.0 Safari/537.36"
[2026-06-15 17:04:21] INFO: ::1 - - [15/Jun/2026:14:04:21 +0000] "GET /api/v1/provider/services HTTP/1.1" 401 90 "http://localhost:5173/" "Mozilla/5.0 (Windows NT 10.0; Win64; x64) AppleWebKit/537.36 (KHTML, like Gecko) Code/1.124.2 Chrome/148.0.7778.97 Electron/42.2.0 Safari/537.36"
[2026-06-15 17:04:21] INFO: ::1 - - [15/Jun/2026:14:04:21 +0000] "GET /api/v1/provider/profile HTTP/1.1" 401 90 "http://localhost:5173/" "Mozilla/5.0 (Windows NT 10.0; Win64; x64) AppleWebKit/537.36 (KHTML, like Gecko) Code/1.124.2 Chrome/148.0.7778.97 Electron/42.2.0 Safari/537.36"
[2026-06-15 17:04:21] INFO: ::1 - - [15/Jun/2026:14:04:21 +0000] "GET /api/v1/provider/settings HTTP/1.1" 401 90 "http://localhost:5173/" "Mozilla/5.0 (Windows NT 10.0; Win64; x64) AppleWebKit/537.36 (KHTML, like Gecko) Code/1.124.2 Chrome/148.0.7778.97 Electron/42.2.0 Safari/537.36"
[2026-06-15 17:04:21] INFO: ::1 - - [15/Jun/2026:14:04:21 +0000] "GET /api/v1/provider/reviews HTTP/1.1" 401 90 "http://localhost:5173/" "Mozilla/5.0 (Windows NT 10.0; Win64; x64) AppleWebKit/537.36 (KHTML, like Gecko) Code/1.124.2 Chrome/148.0.7778.97 Electron/42.2.0 Safari/537.36"
[2026-06-15 17:04:31] INFO: ::1 - - [15/Jun/2026:14:04:31 +0000] "GET /api/v1/provider/orders HTTP/1.1" 401 90 "http://localhost:5173/" "Mozilla/5.0 (Windows NT 10.0; Win64; x64) AppleWebKit/537.36 (KHTML, like Gecko) Code/1.124.2 Chrome/148.0.7778.97 Electron/42.2.0 Safari/537.36"
[2026-06-15 17:04:31] INFO: ::1 - - [15/Jun/2026:14:04:31 +0000] "GET /api/v1/provider/dashboard/live HTTP/1.1" 401 90 "http://localhost:5173/" "Mozilla/5.0 (Windows NT 10.0; Win64; x64) AppleWebKit/537.36 (KHTML, like Gecko) Code/1.124.2 Chrome/148.0.7778.97 Electron/42.2.0 Safari/537.36"
[2026-06-15 17:04:31] INFO: ::1 - - [15/Jun/2026:14:04:31 +0000] "GET /api/v1/provider/services/categories HTTP/1.1" 401 90 "http://localhost:5173/" "Mozilla/5.0 (Windows NT 10.0; Win64; x64) AppleWebKit/537.36 (KHTML, like Gecko) Code/1.124.2 Chrome/148.0.7778.97 Electron/42.2.0 Safari/537.36"
[2026-06-15 17:04:31] INFO: ::1 - - [15/Jun/2026:14:04:31 +0000] "GET /api/v1/provider/dashboard HTTP/1.1" 401 90 "http://localhost:5173/" "Mozilla/5.0 (Windows NT 10.0; Win64; x64) AppleWebKit/537.36 (KHTML, like Gecko) Code/1.124.2 Chrome/148.0.7778.97 Electron/42.2.0 Safari/537.36"
[2026-06-15 17:04:31] INFO: ::1 - - [15/Jun/2026:14:04:31 +0000] "GET /api/v1/provider/discounts/tiers HTTP/1.1" 401 90 "http://localhost:5173/" "Mozilla/5.0 (Windows NT 10.0; Win64; x64) AppleWebKit/537.36 (KHTML, like Gecko) Code/1.124.2 Chrome/148.0.7778.97 Electron/42.2.0 Safari/537.36"
[2026-06-15 17:04:31] INFO: ::1 - - [15/Jun/2026:14:04:31 +0000] "GET /api/v1/provider/discounts/special-entities HTTP/1.1" 401 90 "http://localhost:5173/" "Mozilla/5.0 (Windows NT 10.0; Win64; x64) AppleWebKit/537.36 (KHTML, like Gecko) Code/1.124.2 Chrome/148.0.7778.97 Electron/42.2.0 Safari/537.36"
[2026-06-15 17:04:31] INFO: ::1 - - [15/Jun/2026:14:04:31 +0000] "GET /api/v1/provider/services HTTP/1.1" 401 90 "http://localhost:5173/" "Mozilla/5.0 (Windows NT 10.0; Win64; x64) AppleWebKit/537.36 (KHTML, like Gecko) Code/1.124.2 Chrome/148.0.7778.97 Electron/42.2.0 Safari/537.36"
[2026-06-15 17:04:31] INFO: ::1 - - [15/Jun/2026:14:04:31 +0000] "GET /api/v1/provider/profile HTTP/1.1" 401 90 "http://localhost:5173/" "Mozilla/5.0 (Windows NT 10.0; Win64; x64) AppleWebKit/537.36 (KHTML, like Gecko) Code/1.124.2 Chrome/148.0.7778.97 Electron/42.2.0 Safari/537.36"
[2026-06-15 17:04:31] INFO: ::1 - - [15/Jun/2026:14:04:31 +0000] "GET /api/v1/provider/settings HTTP/1.1" 401 90 "http://localhost:5173/" "Mozilla/5.0 (Windows NT 10.0; Win64; x64) AppleWebKit/537.36 (KHTML, like Gecko) Code/1.124.2 Chrome/148.0.7778.97 Electron/42.2.0 Safari/537.36"
[2026-06-15 17:04:31] INFO: ::1 - - [15/Jun/2026:14:04:31 +0000] "GET /api/v1/provider/reviews HTTP/1.1" 401 90 "http://localhost:5173/" "Mozilla/5.0 (Windows NT 10.0; Win64; x64) AppleWebKit/537.36 (KHTML, like Gecko) Code/1.124.2 Chrome/148.0.7778.97 Electron/42.2.0 Safari/537.36"
[2026-06-15 17:04:31] INFO: ::1 - - [15/Jun/2026:14:04:31 +0000] "GET /api/v1/provider/orders HTTP/1.1" 401 90 "http://localhost:5173/" "Mozilla/5.0 (Windows NT 10.0; Win64; x64) AppleWebKit/537.36 (KHTML, like Gecko) Code/1.124.2 Chrome/148.0.7778.97 Electron/42.2.0 Safari/537.36"
[2026-06-15 17:04:31] INFO: ::1 - - [15/Jun/2026:14:04:31 +0000] "GET /api/v1/provider/services/categories HTTP/1.1" 401 90 "http://localhost:5173/" "Mozilla/5.0 (Windows NT 10.0; Win64; x64) AppleWebKit/537.36 (KHTML, like Gecko) Code/1.124.2 Chrome/148.0.7778.97 Electron/42.2.0 Safari/537.36"
[2026-06-15 17:04:31] INFO: ::1 - - [15/Jun/2026:14:04:31 +0000] "GET /api/v1/provider/dashboard HTTP/1.1" 401 90 "http://localhost:5173/" "Mozilla/5.0 (Windows NT 10.0; Win64; x64) AppleWebKit/537.36 (KHTML, like Gecko) Code/1.124.2 Chrome/148.0.7778.97 Electron/42.2.0 Safari/537.36"
[2026-06-15 17:04:31] INFO: ::1 - - [15/Jun/2026:14:04:31 +0000] "GET /api/v1/provider/discounts/tiers HTTP/1.1" 401 90 "http://localhost:5173/" "Mozilla/5.0 (Windows NT 10.0; Win64; x64) AppleWebKit/537.36 (KHTML, like Gecko) Code/1.124.2 Chrome/148.0.7778.97 Electron/42.2.0 Safari/537.36"
[2026-06-15 17:04:31] INFO: ::1 - - [15/Jun/2026:14:04:31 +0000] "GET /api/v1/provider/discounts/special-entities HTTP/1.1" 401 90 "http://localhost:5173/" "Mozilla/5.0 (Windows NT 10.0; Win64; x64) AppleWebKit/537.36 (KHTML, like Gecko) Code/1.124.2 Chrome/148.0.7778.97 Electron/42.2.0 Safari/537.36"
[2026-06-15 17:04:31] INFO: ::1 - - [15/Jun/2026:14:04:31 +0000] "GET /api/v1/provider/services HTTP/1.1" 401 90 "http://localhost:5173/" "Mozilla/5.0 (Windows NT 10.0; Win64; x64) AppleWebKit/537.36 (KHTML, like Gecko) Code/1.124.2 Chrome/148.0.7778.97 Electron/42.2.0 Safari/537.36"
[2026-06-15 17:04:31] INFO: ::1 - - [15/Jun/2026:14:04:31 +0000] "GET /api/v1/provider/profile HTTP/1.1" 401 90 "http://localhost:5173/" "Mozilla/5.0 (Windows NT 10.0; Win64; x64) AppleWebKit/537.36 (KHTML, like Gecko) Code/1.124.2 Chrome/148.0.7778.97 Electron/42.2.0 Safari/537.36"
[2026-06-15 17:04:31] INFO: ::1 - - [15/Jun/2026:14:04:31 +0000] "GET /api/v1/provider/settings HTTP/1.1" 401 90 "http://localhost:5173/" "Mozilla/5.0 (Windows NT 10.0; Win64; x64) AppleWebKit/537.36 (KHTML, like Gecko) Code/1.124.2 Chrome/148.0.7778.97 Electron/42.2.0 Safari/537.36"
[2026-06-15 17:04:31] INFO: ::1 - - [15/Jun/2026:14:04:31 +0000] "GET /api/v1/provider/reviews HTTP/1.1" 401 90 "http://localhost:5173/" "Mozilla/5.0 (Windows NT 10.0; Win64; x64) AppleWebKit/537.36 (KHTML, like Gecko) Code/1.124.2 Chrome/148.0.7778.97 Electron/42.2.0 Safari/537.36"
[2026-06-15 17:04:55] INFO: ::1 - - [15/Jun/2026:14:04:55 +0000] "POST /api/v1/auth/login HTTP/1.1" 200 928 "http://localhost:5173/" "Mozilla/5.0 (Windows NT 10.0; Win64; x64) AppleWebKit/537.36 (KHTML, like Gecko) Code/1.124.2 Chrome/148.0.7778.97 Electron/42.2.0 Safari/537.36"
[2026-06-15 17:04:55] INFO: ::1 - - [15/Jun/2026:14:04:55 +0000] "GET /api/v1/provider/orders HTTP/1.1" 401 90 "http://localhost:5173/" "Mozilla/5.0 (Windows NT 10.0; Win64; x64) AppleWebKit/537.36 (KHTML, like Gecko) Code/1.124.2 Chrome/148.0.7778.97 Electron/42.2.0 Safari/537.36"
[2026-06-15 17:04:55] INFO: ::1 - - [15/Jun/2026:14:04:55 +0000] "GET /api/v1/provider/dashboard/live HTTP/1.1" 401 90 "http://localhost:5173/" "Mozilla/5.0 (Windows NT 10.0; Win64; x64) AppleWebKit/537.36 (KHTML, like Gecko) Code/1.124.2 Chrome/148.0.7778.97 Electron/42.2.0 Safari/537.36"
[2026-06-15 17:04:55] INFO: ::1 - - [15/Jun/2026:14:04:55 +0000] "GET /api/v1/provider/dashboard HTTP/1.1" 429 108 "http://localhost:5173/" "Mozilla/5.0 (Windows NT 10.0; Win64; x64) AppleWebKit/537.36 (KHTML, like Gecko) Code/1.124.2 Chrome/148.0.7778.97 Electron/42.2.0 Safari/537.36"
[2026-06-15 17:04:55] INFO: ::1 - - [15/Jun/2026:14:04:55 +0000] "GET /api/v1/provider/discounts/special-entities HTTP/1.1" 429 108 "http://localhost:5173/" "Mozilla/5.0 (Windows NT 10.0; Win64; x64) AppleWebKit/537.36 (KHTML, like Gecko) Code/1.124.2 Chrome/148.0.7778.97 Electron/42.2.0 Safari/537.36"
[2026-06-15 17:04:55] INFO: ::1 - - [15/Jun/2026:14:04:55 +0000] "GET /api/v1/provider/discounts/tiers HTTP/1.1" 429 108 "http://localhost:5173/" "Mozilla/5.0 (Windows NT 10.0; Win64; x64) AppleWebKit/537.36 (KHTML, like Gecko) Code/1.124.2 Chrome/148.0.7778.97 Electron/42.2.0 Safari/537.36"
[2026-06-15 17:04:55] INFO: ::1 - - [15/Jun/2026:14:04:55 +0000] "GET /api/v1/provider/services/categories HTTP/1.1" 429 108 "http://localhost:5173/" "Mozilla/5.0 (Windows NT 10.0; Win64; x64) AppleWebKit/537.36 (KHTML, like Gecko) Code/1.124.2 Chrome/148.0.7778.97 Electron/42.2.0 Safari/537.36"
[2026-06-15 17:04:55] INFO: ::1 - - [15/Jun/2026:14:04:55 +0000] "GET /api/v1/provider/services HTTP/1.1" 429 108 "http://localhost:5173/" "Mozilla/5.0 (Windows NT 10.0; Win64; x64) AppleWebKit/537.36 (KHTML, like Gecko) Code/1.124.2 Chrome/148.0.7778.97 Electron/42.2.0 Safari/537.36"
[2026-06-15 17:04:55] INFO: ::1 - - [15/Jun/2026:14:04:55 +0000] "GET /api/v1/provider/profile HTTP/1.1" 429 108 "http://localhost:5173/" "Mozilla/5.0 (Windows NT 10.0; Win64; x64) AppleWebKit/537.36 (KHTML, like Gecko) Code/1.124.2 Chrome/148.0.7778.97 Electron/42.2.0 Safari/537.36"
[2026-06-15 17:04:55] INFO: ::1 - - [15/Jun/2026:14:04:55 +0000] "GET /api/v1/provider/settings HTTP/1.1" 429 108 "http://localhost:5173/" "Mozilla/5.0 (Windows NT 10.0; Win64; x64) AppleWebKit/537.36 (KHTML, like Gecko) Code/1.124.2 Chrome/148.0.7778.97 Electron/42.2.0 Safari/537.36"
[2026-06-15 17:04:55] INFO: ::1 - - [15/Jun/2026:14:04:55 +0000] "GET /api/v1/provider/reviews HTTP/1.1" 429 108 "http://localhost:5173/" "Mozilla/5.0 (Windows NT 10.0; Win64; x64) AppleWebKit/537.36 (KHTML, like Gecko) Code/1.124.2 Chrome/148.0.7778.97 Electron/42.2.0 Safari/537.36"
[2026-06-15 17:04:55] INFO: ::1 - - [15/Jun/2026:14:04:55 +0000] "GET /api/v1/provider/orders HTTP/1.1" 429 108 "http://localhost:5173/" "Mozilla/5.0 (Windows NT 10.0; Win64; x64) AppleWebKit/537.36 (KHTML, like Gecko) Code/1.124.2 Chrome/148.0.7778.97 Electron/42.2.0 Safari/537.36"
[2026-06-15 17:04:55] INFO: ::1 - - [15/Jun/2026:14:04:55 +0000] "GET /api/v1/provider/dashboard HTTP/1.1" 429 108 "http://localhost:5173/" "Mozilla/5.0 (Windows NT 10.0; Win64; x64) AppleWebKit/537.36 (KHTML, like Gecko) Code/1.124.2 Chrome/148.0.7778.97 Electron/42.2.0 Safari/537.36"
[2026-06-15 17:04:55] INFO: ::1 - - [15/Jun/2026:14:04:55 +0000] "GET /api/v1/provider/discounts/special-entities HTTP/1.1" 429 108 "http://localhost:5173/" "Mozilla/5.0 (Windows NT 10.0; Win64; x64) AppleWebKit/537.36 (KHTML, like Gecko) Code/1.124.2 Chrome/148.0.7778.97 Electron/42.2.0 Safari/537.36"
[2026-06-15 17:04:55] INFO: ::1 - - [15/Jun/2026:14:04:55 +0000] "GET /api/v1/provider/discounts/tiers HTTP/1.1" 429 108 "http://localhost:5173/" "Mozilla/5.0 (Windows NT 10.0; Win64; x64) AppleWebKit/537.36 (KHTML, like Gecko) Code/1.124.2 Chrome/148.0.7778.97 Electron/42.2.0 Safari/537.36"
[2026-06-15 17:04:55] INFO: ::1 - - [15/Jun/2026:14:04:55 +0000] "GET /api/v1/provider/services/categories HTTP/1.1" 429 108 "http://localhost:5173/" "Mozilla/5.0 (Windows NT 10.0; Win64; x64) AppleWebKit/537.36 (KHTML, like Gecko) Code/1.124.2 Chrome/148.0.7778.97 Electron/42.2.0 Safari/537.36"
[2026-06-15 17:04:55] INFO: ::1 - - [15/Jun/2026:14:04:55 +0000] "GET /api/v1/provider/services HTTP/1.1" 429 108 "http://localhost:5173/" "Mozilla/5.0 (Windows NT 10.0; Win64; x64) AppleWebKit/537.36 (KHTML, like Gecko) Code/1.124.2 Chrome/148.0.7778.97 Electron/42.2.0 Safari/537.36"
[2026-06-15 17:04:55] INFO: ::1 - - [15/Jun/2026:14:04:55 +0000] "GET /api/v1/provider/profile HTTP/1.1" 429 108 "http://localhost:5173/" "Mozilla/5.0 (Windows NT 10.0; Win64; x64) AppleWebKit/537.36 (KHTML, like Gecko) Code/1.124.2 Chrome/148.0.7778.97 Electron/42.2.0 Safari/537.36"
[2026-06-15 17:04:55] INFO: ::1 - - [15/Jun/2026:14:04:55 +0000] "GET /api/v1/provider/settings HTTP/1.1" 429 108 "http://localhost:5173/" "Mozilla/5.0 (Windows NT 10.0; Win64; x64) AppleWebKit/537.36 (KHTML, like Gecko) Code/1.124.2 Chrome/148.0.7778.97 Electron/42.2.0 Safari/537.36"
[2026-06-15 17:04:55] INFO: ::1 - - [15/Jun/2026:14:04:55 +0000] "GET /api/v1/provider/reviews HTTP/1.1" 429 108 "http://localhost:5173/" "Mozilla/5.0 (Windows NT 10.0; Win64; x64) AppleWebKit/537.36 (KHTML, like Gecko) Code/1.124.2 Chrome/148.0.7778.97 Electron/42.2.0 Safari/537.36"
[2026-06-15 17:05:05] INFO: ::1 - - [15/Jun/2026:14:05:05 +0000] "GET /api/v1/provider/dashboard/live HTTP/1.1" 429 108 "http://localhost:5173/" "Mozilla/5.0 (Windows NT 10.0; Win64; x64) AppleWebKit/537.36 (KHTML, like Gecko) Code/1.124.2 Chrome/148.0.7778.97 Electron/42.2.0 Safari/537.36"
[2026-06-15 17:05:05] INFO: ::1 - - [15/Jun/2026:14:05:05 +0000] "GET /api/v1/provider/orders HTTP/1.1" 429 108 "http://localhost:5173/" "Mozilla/5.0 (Windows NT 10.0; Win64; x64) AppleWebKit/537.36 (KHTML, like Gecko) Code/1.124.2 Chrome/148.0.7778.97 Electron/42.2.0 Safari/537.36"
[2026-06-15 17:05:05] INFO: ::1 - - [15/Jun/2026:14:05:05 +0000] "GET /api/v1/provider/dashboard HTTP/1.1" 429 108 "http://localhost:5173/" "Mozilla/5.0 (Windows NT 10.0; Win64; x64) AppleWebKit/537.36 (KHTML, like Gecko) Code/1.124.2 Chrome/148.0.7778.97 Electron/42.2.0 Safari/537.36"
[2026-06-15 17:05:05] INFO: ::1 - - [15/Jun/2026:14:05:05 +0000] "GET /api/v1/provider/discounts/tiers HTTP/1.1" 429 108 "http://localhost:5173/" "Mozilla/5.0 (Windows NT 10.0; Win64; x64) AppleWebKit/537.36 (KHTML, like Gecko) Code/1.124.2 Chrome/148.0.7778.97 Electron/42.2.0 Safari/537.36"
[2026-06-15 17:05:05] INFO: ::1 - - [15/Jun/2026:14:05:05 +0000] "GET /api/v1/provider/discounts/special-entities HTTP/1.1" 429 108 "http://localhost:5173/" "Mozilla/5.0 (Windows NT 10.0; Win64; x64) AppleWebKit/537.36 (KHTML, like Gecko) Code/1.124.2 Chrome/148.0.7778.97 Electron/42.2.0 Safari/537.36"
[2026-06-15 17:05:05] INFO: ::1 - - [15/Jun/2026:14:05:05 +0000] "GET /api/v1/provider/services/categories HTTP/1.1" 429 108 "http://localhost:5173/" "Mozilla/5.0 (Windows NT 10.0; Win64; x64) AppleWebKit/537.36 (KHTML, like Gecko) Code/1.124.2 Chrome/148.0.7778.97 Electron/42.2.0 Safari/537.36"
[2026-06-15 17:05:05] INFO: ::1 - - [15/Jun/2026:14:05:05 +0000] "GET /api/v1/provider/services HTTP/1.1" 429 108 "http://localhost:5173/" "Mozilla/5.0 (Windows NT 10.0; Win64; x64) AppleWebKit/537.36 (KHTML, like Gecko) Code/1.124.2 Chrome/148.0.7778.97 Electron/42.2.0 Safari/537.36"
[2026-06-15 17:05:05] INFO: ::1 - - [15/Jun/2026:14:05:05 +0000] "GET /api/v1/provider/profile HTTP/1.1" 429 108 "http://localhost:5173/" "Mozilla/5.0 (Windows NT 10.0; Win64; x64) AppleWebKit/537.36 (KHTML, like Gecko) Code/1.124.2 Chrome/148.0.7778.97 Electron/42.2.0 Safari/537.36"
[2026-06-15 17:05:05] INFO: ::1 - - [15/Jun/2026:14:05:05 +0000] "GET /api/v1/provider/settings HTTP/1.1" 429 108 "http://localhost:5173/" "Mozilla/5.0 (Windows NT 10.0; Win64; x64) AppleWebKit/537.36 (KHTML, like Gecko) Code/1.124.2 Chrome/148.0.7778.97 Electron/42.2.0 Safari/537.36"
[2026-06-15 17:05:05] INFO: ::1 - - [15/Jun/2026:14:05:05 +0000] "GET /api/v1/provider/reviews HTTP/1.1" 429 108 "http://localhost:5173/" "Mozilla/5.0 (Windows NT 10.0; Win64; x64) AppleWebKit/537.36 (KHTML, like Gecko) Code/1.124.2 Chrome/148.0.7778.97 Electron/42.2.0 Safari/537.36"
[2026-06-15 17:05:05] INFO: ::1 - - [15/Jun/2026:14:05:05 +0000] "GET /api/v1/provider/orders HTTP/1.1" 429 108 "http://localhost:5173/" "Mozilla/5.0 (Windows NT 10.0; Win64; x64) AppleWebKit/537.36 (KHTML, like Gecko) Code/1.124.2 Chrome/148.0.7778.97 Electron/42.2.0 Safari/537.36"
[2026-06-15 17:05:05] INFO: ::1 - - [15/Jun/2026:14:05:05 +0000] "GET /api/v1/provider/dashboard HTTP/1.1" 429 108 "http://localhost:5173/" "Mozilla/5.0 (Windows NT 10.0; Win64; x64) AppleWebKit/537.36 (KHTML, like Gecko) Code/1.124.2 Chrome/148.0.7778.97 Electron/42.2.0 Safari/537.36"
[2026-06-15 17:05:05] INFO: ::1 - - [15/Jun/2026:14:05:05 +0000] "GET /api/v1/provider/discounts/tiers HTTP/1.1" 429 108 "http://localhost:5173/" "Mozilla/5.0 (Windows NT 10.0; Win64; x64) AppleWebKit/537.36 (KHTML, like Gecko) Code/1.124.2 Chrome/148.0.7778.97 Electron/42.2.0 Safari/537.36"
[2026-06-15 17:05:05] INFO: ::1 - - [15/Jun/2026:14:05:05 +0000] "GET /api/v1/provider/discounts/special-entities HTTP/1.1" 429 108 "http://localhost:5173/" "Mozilla/5.0 (Windows NT 10.0; Win64; x64) AppleWebKit/537.36 (KHTML, like Gecko) Code/1.124.2 Chrome/148.0.7778.97 Electron/42.2.0 Safari/537.36"
[2026-06-15 17:05:05] INFO: ::1 - - [15/Jun/2026:14:05:05 +0000] "GET /api/v1/provider/services/categories HTTP/1.1" 429 108 "http://localhost:5173/" "Mozilla/5.0 (Windows NT 10.0; Win64; x64) AppleWebKit/537.36 (KHTML, like Gecko) Code/1.124.2 Chrome/148.0.7778.97 Electron/42.2.0 Safari/537.36"
[2026-06-15 17:05:05] INFO: ::1 - - [15/Jun/2026:14:05:05 +0000] "GET /api/v1/provider/services HTTP/1.1" 429 108 "http://localhost:5173/" "Mozilla/5.0 (Windows NT 10.0; Win64; x64) AppleWebKit/537.36 (KHTML, like Gecko) Code/1.124.2 Chrome/148.0.7778.97 Electron/42.2.0 Safari/537.36"
[2026-06-15 17:05:05] INFO: ::1 - - [15/Jun/2026:14:05:05 +0000] "GET /api/v1/provider/profile HTTP/1.1" 429 108 "http://localhost:5173/" "Mozilla/5.0 (Windows NT 10.0; Win64; x64) AppleWebKit/537.36 (KHTML, like Gecko) Code/1.124.2 Chrome/148.0.7778.97 Electron/42.2.0 Safari/537.36"
[2026-06-15 17:05:05] INFO: ::1 - - [15/Jun/2026:14:05:05 +0000] "GET /api/v1/provider/settings HTTP/1.1" 429 108 "http://localhost:5173/" "Mozilla/5.0 (Windows NT 10.0; Win64; x64) AppleWebKit/537.36 (KHTML, like Gecko) Code/1.124.2 Chrome/148.0.7778.97 Electron/42.2.0 Safari/537.36"
[2026-06-15 17:05:05] INFO: ::1 - - [15/Jun/2026:14:05:05 +0000] "GET /api/v1/provider/reviews HTTP/1.1" 429 108 "http://localhost:5173/" "Mozilla/5.0 (Windows NT 10.0; Win64; x64) AppleWebKit/537.36 (KHTML, like Gecko) Code/1.124.2 Chrome/148.0.7778.97 Electron/42.2.0 Safari/537.36"
[2026-06-15 17:06:47] INFO: 
         claenovy API SERVER
   Status  : Running
   Port    : 3000
   Env     : development
   Version : v1
      
[2026-06-15 17:08:05] INFO: ::1 - - [15/Jun/2026:14:08:05 +0000] "GET /api/v1/provider/discounts/tiers HTTP/1.1" 200 540 "http://localhost:5173/" "Mozilla/5.0 (Windows NT 10.0; Win64; x64) AppleWebKit/537.36 (KHTML, like Gecko) Code/1.124.2 Chrome/148.0.7778.97 Electron/42.2.0 Safari/537.36"
[2026-06-15 17:08:05] INFO: ::1 - - [15/Jun/2026:14:08:05 +0000] "GET /api/v1/provider/discounts/special-entities HTTP/1.1" 200 36 "http://localhost:5173/" "Mozilla/5.0 (Windows NT 10.0; Win64; x64) AppleWebKit/537.36 (KHTML, like Gecko) Code/1.124.2 Chrome/148.0.7778.97 Electron/42.2.0 Safari/537.36"
[2026-06-15 17:08:06] INFO: ::1 - - [15/Jun/2026:14:08:06 +0000] "GET /api/v1/provider/settings HTTP/1.1" 200 342 "http://localhost:5173/" "Mozilla/5.0 (Windows NT 10.0; Win64; x64) AppleWebKit/537.36 (KHTML, like Gecko) Code/1.124.2 Chrome/148.0.7778.97 Electron/42.2.0 Safari/537.36"
[2026-06-15 17:08:06] INFO: ::1 - - [15/Jun/2026:14:08:06 +0000] "GET /api/v1/provider/services/categories HTTP/1.1" 200 2117 "http://localhost:5173/" "Mozilla/5.0 (Windows NT 10.0; Win64; x64) AppleWebKit/537.36 (KHTML, like Gecko) Code/1.124.2 Chrome/148.0.7778.97 Electron/42.2.0 Safari/537.36"
[2026-06-15 17:08:06] INFO: ::1 - - [15/Jun/2026:14:08:06 +0000] "GET /api/v1/provider/dashboard/live HTTP/1.1" 401 90 "http://localhost:5173/" "Mozilla/5.0 (Windows NT 10.0; Win64; x64) AppleWebKit/537.36 (KHTML, like Gecko) Code/1.124.2 Chrome/148.0.7778.97 Electron/42.2.0 Safari/537.36"
[2026-06-15 17:08:06] INFO: ::1 - - [15/Jun/2026:14:08:06 +0000] "GET /api/v1/provider/dashboard/live HTTP/1.1" 401 90 "http://localhost:5173/" "Mozilla/5.0 (Windows NT 10.0; Win64; x64) AppleWebKit/537.36 (KHTML, like Gecko) Code/1.124.2 Chrome/148.0.7778.97 Electron/42.2.0 Safari/537.36"
[2026-06-15 17:08:06] INFO: ::1 - - [15/Jun/2026:14:08:06 +0000] "GET /api/v1/provider/dashboard HTTP/1.1" 200 434 "http://localhost:5173/" "Mozilla/5.0 (Windows NT 10.0; Win64; x64) AppleWebKit/537.36 (KHTML, like Gecko) Code/1.124.2 Chrome/148.0.7778.97 Electron/42.2.0 Safari/537.36"
[2026-06-15 17:08:07] INFO: ::1 - - [15/Jun/2026:14:08:07 +0000] "GET /api/v1/provider/profile HTTP/1.1" 200 304 "http://localhost:5173/" "Mozilla/5.0 (Windows NT 10.0; Win64; x64) AppleWebKit/537.36 (KHTML, like Gecko) Code/1.124.2 Chrome/148.0.7778.97 Electron/42.2.0 Safari/537.36"
[2026-06-15 17:08:07] INFO: ::1 - - [15/Jun/2026:14:08:07 +0000] "GET /api/v1/provider/reviews HTTP/1.1" 200 2204 "http://localhost:5173/" "Mozilla/5.0 (Windows NT 10.0; Win64; x64) AppleWebKit/537.36 (KHTML, like Gecko) Code/1.124.2 Chrome/148.0.7778.97 Electron/42.2.0 Safari/537.36"
[2026-06-15 17:08:07] INFO: ::1 - - [15/Jun/2026:14:08:07 +0000] "GET /api/v1/provider/discounts/tiers HTTP/1.1" 304 - "http://localhost:5173/" "Mozilla/5.0 (Windows NT 10.0; Win64; x64) AppleWebKit/537.36 (KHTML, like Gecko) Code/1.124.2 Chrome/148.0.7778.97 Electron/42.2.0 Safari/537.36"
[2026-06-15 17:08:07] INFO: ::1 - - [15/Jun/2026:14:08:07 +0000] "GET /api/v1/provider/discounts/special-entities HTTP/1.1" 304 - "http://localhost:5173/" "Mozilla/5.0 (Windows NT 10.0; Win64; x64) AppleWebKit/537.36 (KHTML, like Gecko) Code/1.124.2 Chrome/148.0.7778.97 Electron/42.2.0 Safari/537.36"
[2026-06-15 17:08:07] INFO: ::1 - - [15/Jun/2026:14:08:07 +0000] "GET /api/v1/provider/settings HTTP/1.1" 304 - "http://localhost:5173/" "Mozilla/5.0 (Windows NT 10.0; Win64; x64) AppleWebKit/537.36 (KHTML, like Gecko) Code/1.124.2 Chrome/148.0.7778.97 Electron/42.2.0 Safari/537.36"
[2026-06-15 17:08:08] INFO: ::1 - - [15/Jun/2026:14:08:08 +0000] "GET /api/v1/provider/services HTTP/1.1" 200 96 "http://localhost:5173/" "Mozilla/5.0 (Windows NT 10.0; Win64; x64) AppleWebKit/537.36 (KHTML, like Gecko) Code/1.124.2 Chrome/148.0.7778.97 Electron/42.2.0 Safari/537.36"
[2026-06-15 17:08:08] INFO: ::1 - - [15/Jun/2026:14:08:08 +0000] "GET /api/v1/provider/orders HTTP/1.1" 200 2844 "http://localhost:5173/" "Mozilla/5.0 (Windows NT 10.0; Win64; x64) AppleWebKit/537.36 (KHTML, like Gecko) Code/1.124.2 Chrome/148.0.7778.97 Electron/42.2.0 Safari/537.36"
[2026-06-15 17:08:08] INFO: ::1 - - [15/Jun/2026:14:08:08 +0000] "GET /api/v1/provider/reviews HTTP/1.1" 304 - "http://localhost:5173/" "Mozilla/5.0 (Windows NT 10.0; Win64; x64) AppleWebKit/537.36 (KHTML, like Gecko) Code/1.124.2 Chrome/148.0.7778.97 Electron/42.2.0 Safari/537.36"
[2026-06-15 17:08:08] INFO: ::1 - - [15/Jun/2026:14:08:08 +0000] "GET /api/v1/provider/profile HTTP/1.1" 304 - "http://localhost:5173/" "Mozilla/5.0 (Windows NT 10.0; Win64; x64) AppleWebKit/537.36 (KHTML, like Gecko) Code/1.124.2 Chrome/148.0.7778.97 Electron/42.2.0 Safari/537.36"
[2026-06-15 17:08:08] INFO: ::1 - - [15/Jun/2026:14:08:08 +0000] "GET /api/v1/provider/services/categories HTTP/1.1" 304 - "http://localhost:5173/" "Mozilla/5.0 (Windows NT 10.0; Win64; x64) AppleWebKit/537.36 (KHTML, like Gecko) Code/1.124.2 Chrome/148.0.7778.97 Electron/42.2.0 Safari/537.36"
[2026-06-15 17:08:08] INFO: ::1 - - [15/Jun/2026:14:08:08 +0000] "GET /api/v1/provider/dashboard HTTP/1.1" 304 - "http://localhost:5173/" "Mozilla/5.0 (Windows NT 10.0; Win64; x64) AppleWebKit/537.36 (KHTML, like Gecko) Code/1.124.2 Chrome/148.0.7778.97 Electron/42.2.0 Safari/537.36"
[2026-06-15 17:08:08] INFO: ::1 - - [15/Jun/2026:14:08:08 +0000] "GET /api/v1/provider/services HTTP/1.1" 304 - "http://localhost:5173/" "Mozilla/5.0 (Windows NT 10.0; Win64; x64) AppleWebKit/537.36 (KHTML, like Gecko) Code/1.124.2 Chrome/148.0.7778.97 Electron/42.2.0 Safari/537.36"
[2026-06-15 17:08:09] INFO: ::1 - - [15/Jun/2026:14:08:09 +0000] "GET /api/v1/provider/orders HTTP/1.1" 304 - "http://localhost:5173/" "Mozilla/5.0 (Windows NT 10.0; Win64; x64) AppleWebKit/537.36 (KHTML, like Gecko) Code/1.124.2 Chrome/148.0.7778.97 Electron/42.2.0 Safari/537.36"
[2026-06-15 17:08:10] INFO: ::1 - - [15/Jun/2026:14:08:10 +0000] "GET /api/v1/provider/orders/6a259bb48cbe7ff7f756417d HTTP/1.1" 200 3216 "http://localhost:5173/" "Mozilla/5.0 (Windows NT 10.0; Win64; x64) AppleWebKit/537.36 (KHTML, like Gecko) Code/1.124.2 Chrome/148.0.7778.97 Electron/42.2.0 Safari/537.36"
[2026-06-15 17:08:12] INFO: ::1 - - [15/Jun/2026:14:08:12 +0000] "GET /api/v1/provider/orders/6a259bb48cbe7ff7f756417d HTTP/1.1" 304 - "http://localhost:5173/" "Mozilla/5.0 (Windows NT 10.0; Win64; x64) AppleWebKit/537.36 (KHTML, like Gecko) Code/1.124.2 Chrome/148.0.7778.97 Electron/42.2.0 Safari/537.36"
[2026-06-15 17:08:14] INFO: ::1 - - [15/Jun/2026:14:08:14 +0000] "GET /api/v1/provider/orders/6a259bb48cbe7ff7f756417d HTTP/1.1" 304 - "http://localhost:5173/" "Mozilla/5.0 (Windows NT 10.0; Win64; x64) AppleWebKit/537.36 (KHTML, like Gecko) Code/1.124.2 Chrome/148.0.7778.97 Electron/42.2.0 Safari/537.36"
[2026-06-15 17:08:17] INFO: ::1 - - [15/Jun/2026:14:08:17 +0000] "GET /api/v1/provider/orders/6a259bb48cbe7ff7f756417d HTTP/1.1" 304 - "http://localhost:5173/" "Mozilla/5.0 (Windows NT 10.0; Win64; x64) AppleWebKit/537.36 (KHTML, like Gecko) Code/1.124.2 Chrome/148.0.7778.97 Electron/42.2.0 Safari/537.36"
[2026-06-15 17:17:57] INFO: ::1 - - [15/Jun/2026:14:17:57 +0000] "POST /api/v1/auth/login HTTP/1.1" 200 928 "http://localhost:5173/" "Mozilla/5.0 (Windows NT 10.0; Win64; x64) AppleWebKit/537.36 (KHTML, like Gecko) Code/1.124.2 Chrome/148.0.7778.97 Electron/42.2.0 Safari/537.36"
[2026-06-15 17:17:57] INFO: ::1 - - [15/Jun/2026:14:17:57 +0000] "GET /api/v1/provider/dashboard/live HTTP/1.1" 401 90 "http://localhost:5173/" "Mozilla/5.0 (Windows NT 10.0; Win64; x64) AppleWebKit/537.36 (KHTML, like Gecko) Code/1.124.2 Chrome/148.0.7778.97 Electron/42.2.0 Safari/537.36"
[2026-06-15 17:17:58] INFO: ::1 - - [15/Jun/2026:14:17:58 +0000] "GET /api/v1/provider/services HTTP/1.1" 304 - "http://localhost:5173/" "Mozilla/5.0 (Windows NT 10.0; Win64; x64) AppleWebKit/537.36 (KHTML, like Gecko) Code/1.124.2 Chrome/148.0.7778.97 Electron/42.2.0 Safari/537.36"
[2026-06-15 17:17:58] INFO: ::1 - - [15/Jun/2026:14:17:58 +0000] "GET /api/v1/provider/discounts/special-entities HTTP/1.1" 304 - "http://localhost:5173/" "Mozilla/5.0 (Windows NT 10.0; Win64; x64) AppleWebKit/537.36 (KHTML, like Gecko) Code/1.124.2 Chrome/148.0.7778.97 Electron/42.2.0 Safari/537.36"
[2026-06-15 17:17:58] INFO: ::1 - - [15/Jun/2026:14:17:58 +0000] "GET /api/v1/provider/discounts/tiers HTTP/1.1" 304 - "http://localhost:5173/" "Mozilla/5.0 (Windows NT 10.0; Win64; x64) AppleWebKit/537.36 (KHTML, like Gecko) Code/1.124.2 Chrome/148.0.7778.97 Electron/42.2.0 Safari/537.36"
[2026-06-15 17:17:58] INFO: ::1 - - [15/Jun/2026:14:17:58 +0000] "GET /api/v1/provider/orders HTTP/1.1" 304 - "http://localhost:5173/" "Mozilla/5.0 (Windows NT 10.0; Win64; x64) AppleWebKit/537.36 (KHTML, like Gecko) Code/1.124.2 Chrome/148.0.7778.97 Electron/42.2.0 Safari/537.36"
[2026-06-15 17:17:58] INFO: ::1 - - [15/Jun/2026:14:17:58 +0000] "GET /api/v1/provider/dashboard HTTP/1.1" 304 - "http://localhost:5173/" "Mozilla/5.0 (Windows NT 10.0; Win64; x64) AppleWebKit/537.36 (KHTML, like Gecko) Code/1.124.2 Chrome/148.0.7778.97 Electron/42.2.0 Safari/537.36"
[2026-06-15 17:17:58] INFO: ::1 - - [15/Jun/2026:14:17:58 +0000] "GET /api/v1/provider/services/categories HTTP/1.1" 304 - "http://localhost:5173/" "Mozilla/5.0 (Windows NT 10.0; Win64; x64) AppleWebKit/537.36 (KHTML, like Gecko) Code/1.124.2 Chrome/148.0.7778.97 Electron/42.2.0 Safari/537.36"
[2026-06-15 17:17:58] INFO: ::1 - - [15/Jun/2026:14:17:58 +0000] "GET /api/v1/provider/settings HTTP/1.1" 304 - "http://localhost:5173/" "Mozilla/5.0 (Windows NT 10.0; Win64; x64) AppleWebKit/537.36 (KHTML, like Gecko) Code/1.124.2 Chrome/148.0.7778.97 Electron/42.2.0 Safari/537.36"
[2026-06-15 17:17:58] INFO: ::1 - - [15/Jun/2026:14:17:58 +0000] "GET /api/v1/provider/reviews HTTP/1.1" 304 - "http://localhost:5173/" "Mozilla/5.0 (Windows NT 10.0; Win64; x64) AppleWebKit/537.36 (KHTML, like Gecko) Code/1.124.2 Chrome/148.0.7778.97 Electron/42.2.0 Safari/537.36"
[2026-06-15 17:17:59] INFO: ::1 - - [15/Jun/2026:14:17:59 +0000] "GET /api/v1/provider/profile HTTP/1.1" 304 - "http://localhost:5173/" "Mozilla/5.0 (Windows NT 10.0; Win64; x64) AppleWebKit/537.36 (KHTML, like Gecko) Code/1.124.2 Chrome/148.0.7778.97 Electron/42.2.0 Safari/537.36"
[2026-06-15 17:17:59] INFO: ::1 - - [15/Jun/2026:14:17:59 +0000] "GET /api/v1/provider/services HTTP/1.1" 304 - "http://localhost:5173/" "Mozilla/5.0 (Windows NT 10.0; Win64; x64) AppleWebKit/537.36 (KHTML, like Gecko) Code/1.124.2 Chrome/148.0.7778.97 Electron/42.2.0 Safari/537.36"
[2026-06-15 17:17:59] INFO: ::1 - - [15/Jun/2026:14:17:59 +0000] "GET /api/v1/provider/discounts/special-entities HTTP/1.1" 304 - "http://localhost:5173/" "Mozilla/5.0 (Windows NT 10.0; Win64; x64) AppleWebKit/537.36 (KHTML, like Gecko) Code/1.124.2 Chrome/148.0.7778.97 Electron/42.2.0 Safari/537.36"
[2026-06-15 17:17:59] INFO: ::1 - - [15/Jun/2026:14:17:59 +0000] "GET /api/v1/provider/discounts/tiers HTTP/1.1" 304 - "http://localhost:5173/" "Mozilla/5.0 (Windows NT 10.0; Win64; x64) AppleWebKit/537.36 (KHTML, like Gecko) Code/1.124.2 Chrome/148.0.7778.97 Electron/42.2.0 Safari/537.36"
[2026-06-15 17:17:59] INFO: ::1 - - [15/Jun/2026:14:17:59 +0000] "GET /api/v1/provider/orders HTTP/1.1" 304 - "http://localhost:5173/" "Mozilla/5.0 (Windows NT 10.0; Win64; x64) AppleWebKit/537.36 (KHTML, like Gecko) Code/1.124.2 Chrome/148.0.7778.97 Electron/42.2.0 Safari/537.36"
[2026-06-15 17:17:59] INFO: ::1 - - [15/Jun/2026:14:17:59 +0000] "GET /api/v1/provider/settings HTTP/1.1" 304 - "http://localhost:5173/" "Mozilla/5.0 (Windows NT 10.0; Win64; x64) AppleWebKit/537.36 (KHTML, like Gecko) Code/1.124.2 Chrome/148.0.7778.97 Electron/42.2.0 Safari/537.36"
[2026-06-15 17:18:00] INFO: ::1 - - [15/Jun/2026:14:18:00 +0000] "GET /api/v1/provider/reviews HTTP/1.1" 304 - "http://localhost:5173/" "Mozilla/5.0 (Windows NT 10.0; Win64; x64) AppleWebKit/537.36 (KHTML, like Gecko) Code/1.124.2 Chrome/148.0.7778.97 Electron/42.2.0 Safari/537.36"
[2026-06-15 17:18:00] INFO: ::1 - - [15/Jun/2026:14:18:00 +0000] "GET /api/v1/provider/dashboard HTTP/1.1" 304 - "http://localhost:5173/" "Mozilla/5.0 (Windows NT 10.0; Win64; x64) AppleWebKit/537.36 (KHTML, like Gecko) Code/1.124.2 Chrome/148.0.7778.97 Electron/42.2.0 Safari/537.36"
[2026-06-15 17:18:00] INFO: ::1 - - [15/Jun/2026:14:18:00 +0000] "GET /api/v1/provider/profile HTTP/1.1" 304 - "http://localhost:5173/" "Mozilla/5.0 (Windows NT 10.0; Win64; x64) AppleWebKit/537.36 (KHTML, like Gecko) Code/1.124.2 Chrome/148.0.7778.97 Electron/42.2.0 Safari/537.36"
[2026-06-15 17:18:00] INFO: ::1 - - [15/Jun/2026:14:18:00 +0000] "GET /api/v1/provider/services/categories HTTP/1.1" 304 - "http://localhost:5173/" "Mozilla/5.0 (Windows NT 10.0; Win64; x64) AppleWebKit/537.36 (KHTML, like Gecko) Code/1.124.2 Chrome/148.0.7778.97 Electron/42.2.0 Safari/537.36"
